block,room,hour,true_age,predicted_age
29-69d,room2,2025-07-06 09:00:00,31.375,114.44954020756855
29-69d,room2,2025-07-06 10:00:00,31.416666666666668,113.25739932063516
29-69d,room2,2025-07-06 11:00:00,31.458333333333332,78.67730236942825
29-69d,room2,2025-07-06 12:00:00,31.5,78.65067106903072
29-69d,room2,2025-07-06 13:00:00,31.541666666666668,77.19282382961819
29-69d,room2,2025-07-06 14:00:00,31.583333333333332,86.02790593067658
29-69d,room2,2025-07-08 16:00:00,33.666666666666664,106.45337533426954
29-69d,room2,2025-07-08 17:00:00,33.708333333333336,105.24826758445963
29-69d,room2,2025-07-08 18:00:00,33.75,87.81443456020675
29-69d,room2,2025-07-08 19:00:00,33.791666666666664,86.2535621678184
29-69d,room2,2025-07-08 20:00:00,33.833333333333336,85.4944901954419
29-69d,room2,2025-07-09 09:00:00,34.375,125.25100172070651
29-69d,room2,2025-07-09 10:00:00,34.416666666666664,116.3310104623161
29-69d,room2,2025-07-09 11:00:00,34.458333333333336,89.30716443055998
29-69d,room2,2025-07-09 12:00:00,34.5,93.20948963169366
29-69d,room2,2025-07-10 15:00:00,35.625,107.80299461466511
29-69d,room2,2025-07-10 16:00:00,35.666666666666664,124.81531176900914
29-69d,room2,2025-07-10 17:00:00,35.708333333333336,82.99024822514224
29-69d,room2,2025-07-10 18:00:00,35.75,81.57088685816223
29-69d,room2,2025-07-10 19:00:00,35.791666666666664,77.11042275044922
29-69d,room2,2025-07-10 20:00:00,35.833333333333336,79.83673340803827
29-69d,room2,2025-07-11 09:00:00,36.375,107.69970397303145
29-69d,room2,2025-07-11 10:00:00,36.416666666666664,103.79475722602072
29-69d,room2,2025-07-11 11:00:00,36.458333333333336,84.26269323947609
29-69d,room2,2025-07-11 12:00:00,36.5,88.11136944911678
29-69d,room2,2025-07-11 13:00:00,36.541666666666664,85.2227163607613
29-69d,room2,2025-07-11 14:00:00,36.583333333333336,86.35544472595762
29-69d,room2,2025-07-11 15:00:00,36.625,84.97357754424837
29-69d,room2,2025-07-11 16:00:00,36.666666666666664,88.45520200355276
29-69d,room2,2025-07-11 17:00:00,36.708333333333336,87.9324556215225
29-69d,room2,2025-07-11 18:00:00,36.75,85.27988897001877
29-69d,room2,2025-07-11 19:00:00,36.791666666666664,83.68183374023307
29-69d,room2,2025-07-11 20:00:00,36.833333333333336,80.88108773520906
29-69d,room2,2025-07-12 09:00:00,37.375,92.68624165060777
29-69d,room2,2025-07-12 10:00:00,37.416666666666664,88.58194178075276
29-69d,room2,2025-07-12 11:00:00,37.458333333333336,84.859733243598
29-69d,room2,2025-07-12 12:00:00,37.5,81.63819723281293
29-69d,room2,2025-07-12 13:00:00,37.541666666666664,84.95048918989525
29-69d,room2,2025-07-12 14:00:00,37.583333333333336,81.44763430249408
29-69d,room2,2025-07-12 15:00:00,37.625,79.7950770048726
29-69d,room2,2025-07-12 16:00:00,37.666666666666664,81.99529871317712
29-69d,room2,2025-07-12 17:00:00,37.708333333333336,83.62864361581784
29-69d,room2,2025-07-12 18:00:00,37.75,80.68876245885741
29-69d,room2,2025-07-12 19:00:00,37.791666666666664,81.15367512465089
29-69d,room2,2025-07-12 20:00:00,37.833333333333336,81.16987522490206
29-69d,room2,2025-07-13 09:00:00,38.375,99.82921452430959
29-69d,room2,2025-07-13 10:00:00,38.416666666666664,95.60081396303939
29-69d,room2,2025-07-13 11:00:00,38.458333333333336,90.33740743473187
29-69d,room2,2025-07-13 12:00:00,38.5,87.11739341038434
29-69d,room2,2025-07-13 13:00:00,38.541666666666664,79.78192260465438
29-69d,room2,2025-07-13 14:00:00,38.583333333333336,81.51480988660231
29-69d,room2,2025-07-13 15:00:00,38.625,77.97078830820253
29-69d,room2,2025-07-13 16:00:00,38.666666666666664,80.00459860107604
29-69d,room2,2025-07-13 17:00:00,38.708333333333336,73.27942945101967
29-69d,room2,2025-07-13 18:00:00,38.75,79.48227040881184
29-69d,room2,2025-07-13 19:00:00,38.791666666666664,81.22788720975481
29-69d,room2,2025-07-13 20:00:00,38.833333333333336,78.84194206250592
29-69d,room2,2025-07-15 18:00:00,40.75,117.04065266058029
29-69d,room2,2025-07-15 19:00:00,40.791666666666664,113.2863728591806
29-69d,room2,2025-07-15 20:00:00,40.833333333333336,93.28536533658688
29-69d,room2,2025-07-16 10:00:00,41.416666666666664,97.35868339156919
29-69d,room2,2025-07-16 11:00:00,41.458333333333336,117.0597365326506
29-69d,room2,2025-07-16 12:00:00,41.5,84.4987893524263
29-69d,room2,2025-07-16 13:00:00,41.541666666666664,84.84112841162835
29-69d,room2,2025-07-16 14:00:00,41.583333333333336,78.801331876945
29-69d,room2,2025-07-16 15:00:00,41.625,81.55080270093985
29-69d,room2,2025-07-16 16:00:00,41.666666666666664,78.1052393399805
29-69d,room2,2025-07-16 17:00:00,41.708333333333336,78.63281494425769
29-69d,room2,2025-07-16 18:00:00,41.75,75.58433055868053
29-69d,room2,2025-07-16 19:00:00,41.791666666666664,74.89622000252768
29-69d,room2,2025-07-16 20:00:00,41.833333333333336,74.80032974657996
29-69d,room2,2025-07-17 10:00:00,42.416666666666664,90.60655880682064
29-69d,room2,2025-07-17 11:00:00,42.458333333333336,89.6711319036929
29-69d,room2,2025-07-17 12:00:00,42.5,74.28771328403523
29-69d,room2,2025-07-17 13:00:00,42.541666666666664,80.68333870796266
29-69d,room2,2025-07-17 14:00:00,42.583333333333336,75.95525364914543
29-69d,room2,2025-07-17 15:00:00,42.625,77.71179088706317
29-69d,room2,2025-07-17 16:00:00,42.666666666666664,68.9780057163111
29-69d,room2,2025-07-17 17:00:00,42.708333333333336,69.10409933851798
29-69d,room2,2025-07-17 18:00:00,42.75,69.62013081253959
29-69d,room2,2025-07-17 19:00:00,42.791666666666664,73.03490050173552
29-69d,room2,2025-07-17 20:00:00,42.833333333333336,76.24307397152448
29-69d,room2,2025-07-19 10:00:00,44.416666666666664,88.82517425897635
29-69d,room2,2025-07-19 11:00:00,44.458333333333336,97.95315116677112
29-69d,room2,2025-07-19 12:00:00,44.5,85.40599670590288
29-69d,room2,2025-07-19 13:00:00,44.541666666666664,82.54065525195827
29-69d,room2,2025-07-19 14:00:00,44.583333333333336,80.53678972387661
29-69d,room2,2025-07-19 15:00:00,44.625,79.23063957734048
29-69d,room2,2025-07-19 16:00:00,44.666666666666664,81.15557663265152
29-69d,room2,2025-07-19 17:00:00,44.708333333333336,77.97688527621635
29-69d,room2,2025-07-19 18:00:00,44.75,72.43708651913967
29-69d,room2,2025-07-19 19:00:00,44.791666666666664,75.77359026451208
29-69d,room2,2025-07-19 20:00:00,44.833333333333336,72.55031428940266
29-69d,room2,2025-07-20 10:00:00,45.416666666666664,96.99001052970779
29-69d,room2,2025-07-20 11:00:00,45.458333333333336,114.3322416097873
29-69d,room2,2025-07-20 12:00:00,45.5,86.17270564816765
29-69d,room2,2025-07-20 13:00:00,45.541666666666664,79.95008937706866
29-69d,room2,2025-07-20 14:00:00,45.583333333333336,75.94315179693209
29-69d,room2,2025-07-20 15:00:00,45.625,80.96447389546253
29-69d,room2,2025-07-20 16:00:00,45.666666666666664,70.44607555614007
29-69d,room2,2025-07-20 17:00:00,45.708333333333336,73.53273373958632
29-69d,room2,2025-07-20 18:00:00,45.75,72.59440286546877
29-69d,room2,2025-07-20 19:00:00,45.791666666666664,73.42428111168482
29-69d,room2,2025-07-20 20:00:00,45.833333333333336,69.90739861702782
29-69d,room2,2025-07-21 10:00:00,46.416666666666664,94.00292881937305
29-69d,room2,2025-07-21 11:00:00,46.458333333333336,90.00362564234287
29-69d,room2,2025-07-21 12:00:00,46.5,86.1167206358083
29-69d,room2,2025-07-21 13:00:00,46.541666666666664,80.33859740390007
29-69d,room2,2025-07-21 14:00:00,46.583333333333336,76.1829738850791
29-69d,room2,2025-07-21 15:00:00,46.625,75.40897679378405
29-69d,room2,2025-07-21 16:00:00,46.666666666666664,69.55874404594549
29-69d,room2,2025-07-21 17:00:00,46.708333333333336,66.8440358126292
29-69d,room2,2025-07-21 18:00:00,46.75,67.23196038240341
29-69d,room2,2025-07-21 19:00:00,46.791666666666664,67.91661234829868
29-69d,room2,2025-07-21 20:00:00,46.833333333333336,67.16086816911182
29-69d,room2,2025-07-22 10:00:00,47.416666666666664,91.88111995025874
29-69d,room2,2025-07-22 11:00:00,47.458333333333336,91.88171722808224
29-69d,room2,2025-07-22 12:00:00,47.5,90.35256029872632
29-69d,room2,2025-07-22 13:00:00,47.541666666666664,84.45988377007988
29-69d,room2,2025-07-22 14:00:00,47.583333333333336,76.55992759657282
29-69d,room2,2025-07-22 15:00:00,47.625,72.36258595730276
29-69d,room2,2025-07-22 16:00:00,47.666666666666664,71.24794552619028
29-69d,room2,2025-07-22 17:00:00,47.708333333333336,75.51498817599725
29-69d,room2,2025-07-22 18:00:00,47.75,73.50847558375794
29-69d,room2,2025-07-22 19:00:00,47.791666666666664,73.44684613581933
29-69d,room2,2025-07-22 20:00:00,47.833333333333336,74.00962098669095
29-69d,room2,2025-07-31 15:00:00,56.625,108.76492101922524
29-69d,room2,2025-07-31 16:00:00,56.666666666666664,107.9472960070904
29-69d,room2,2025-07-31 17:00:00,56.708333333333336,81.43218296010225
29-69d,room2,2025-07-31 18:00:00,56.75,74.80262709031757
29-69d,room2,2025-07-31 19:00:00,56.791666666666664,66.40137115457185
29-69d,room2,2025-07-31 20:00:00,56.833333333333336,65.21637904483082
29-69d,room2,2025-08-01 10:00:00,57.416666666666664,89.35917814683583
29-69d,room2,2025-08-01 11:00:00,57.458333333333336,93.74302103994539
29-69d,room2,2025-08-01 12:00:00,57.5,68.35429155947791
29-69d,room2,2025-08-01 13:00:00,57.541666666666664,68.68715047188576
29-69d,room2,2025-08-01 14:00:00,57.583333333333336,69.08190838942694
29-69d,room2,2025-08-01 15:00:00,57.625,68.58375921468446
29-69d,room2,2025-08-01 16:00:00,57.666666666666664,70.22286395164868
29-69d,room2,2025-08-01 17:00:00,57.708333333333336,69.56665897521965
29-69d,room2,2025-08-01 18:00:00,57.75,69.3612334116067
29-69d,room2,2025-08-01 19:00:00,57.791666666666664,69.29709314131115
29-69d,room2,2025-08-01 20:00:00,57.833333333333336,67.70240267562119
29-69d,room2,2025-08-02 10:00:00,58.416666666666664,100.53498863679015
29-69d,room2,2025-08-02 11:00:00,58.458333333333336,95.38129833832485
29-69d,room2,2025-08-02 12:00:00,58.5,70.21403216425226
29-69d,room2,2025-08-02 13:00:00,58.541666666666664,68.58297275103216
29-69d,room2,2025-08-02 14:00:00,58.583333333333336,70.64998637423949
29-69d,room2,2025-08-02 15:00:00,58.625,69.55461947797352
29-69d,room2,2025-08-02 16:00:00,58.666666666666664,69.82964297770447
29-69d,room2,2025-08-02 17:00:00,58.708333333333336,67.90961244660151
29-69d,room2,2025-08-02 18:00:00,58.75,67.94000713142637
29-69d,room2,2025-08-02 19:00:00,58.791666666666664,70.14469650159688
29-69d,room2,2025-08-02 20:00:00,58.833333333333336,70.03559869029631
29-69d,room2,2025-08-03 10:00:00,59.416666666666664,80.79778027483961
29-69d,room2,2025-08-03 11:00:00,59.458333333333336,82.06879100570885
29-69d,room2,2025-08-03 12:00:00,59.5,68.45567002076072
29-69d,room2,2025-08-03 13:00:00,59.541666666666664,69.41739221871067
29-69d,room2,2025-08-03 14:00:00,59.583333333333336,67.31173223151144
29-69d,room2,2025-08-03 15:00:00,59.625,67.26110496605915
29-69d,room2,2025-08-03 16:00:00,59.666666666666664,67.03037974834095
29-69d,room2,2025-08-03 17:00:00,59.708333333333336,67.8110761207233
29-69d,room2,2025-08-03 18:00:00,59.75,68.14528299056589
29-69d,room2,2025-08-03 19:00:00,59.791666666666664,67.86920097335255
29-69d,room2,2025-08-03 20:00:00,59.833333333333336,70.13579633322334
29-69d,room2,2025-08-04 10:00:00,60.416666666666664,85.67739713587429
29-69d,room2,2025-08-04 11:00:00,60.458333333333336,75.42855264673342
29-69d,room2,2025-08-04 12:00:00,60.5,66.09799500232856
29-69d,room2,2025-08-04 13:00:00,60.541666666666664,66.19699640293305
29-69d,room2,2025-08-04 14:00:00,60.583333333333336,67.34581847225928
29-69d,room2,2025-08-04 15:00:00,60.625,66.37447313931865
29-69d,room2,2025-08-04 16:00:00,60.666666666666664,67.83230210895259
29-69d,room2,2025-08-04 17:00:00,60.708333333333336,67.46247720495191
29-69d,room2,2025-08-04 18:00:00,60.75,66.89855238334239
29-69d,room2,2025-08-04 19:00:00,60.791666666666664,68.15937242317412
29-69d,room2,2025-08-04 20:00:00,60.833333333333336,67.44533816247237
29-69d,room2,2025-08-05 10:00:00,61.416666666666664,93.45663592171194
29-69d,room2,2025-08-05 11:00:00,61.458333333333336,88.33217781554534
29-69d,room2,2025-08-05 12:00:00,61.5,68.50892398131873
29-69d,room2,2025-08-05 13:00:00,61.541666666666664,67.53564458731839
29-69d,room2,2025-08-05 14:00:00,61.583333333333336,68.08763323127178
29-69d,room2,2025-08-05 15:00:00,61.625,68.93032716836753
29-69d,room2,2025-08-05 16:00:00,61.666666666666664,68.11091154655678
29-69d,room2,2025-08-05 17:00:00,61.708333333333336,68.94332454418358
29-69d,room2,2025-08-05 18:00:00,61.75,68.58885010044648
29-69d,room2,2025-08-05 19:00:00,61.791666666666664,69.24595505135018
29-69d,room2,2025-08-05 20:00:00,61.833333333333336,70.09480096970377
29-69d,room2,2025-08-06 10:00:00,62.416666666666664,104.2043709577995
29-69d,room2,2025-08-06 11:00:00,62.458333333333336,94.80643730104374
29-69d,room2,2025-08-06 12:00:00,62.5,67.39247827812515
29-69d,room2,2025-08-06 13:00:00,62.541666666666664,67.45079710580167
29-69d,room2,2025-08-06 14:00:00,62.583333333333336,67.76817402898082
29-69d,room2,2025-08-06 15:00:00,62.625,68.30524741263943
29-69d,room2,2025-08-06 16:00:00,62.666666666666664,68.330976622846
29-69d,room2,2025-08-06 17:00:00,62.708333333333336,67.32809438327011
29-69d,room2,2025-08-06 18:00:00,62.75,69.05533644726933
29-69d,room2,2025-08-06 19:00:00,62.791666666666664,69.45611489010088
29-69d,room2,2025-08-06 20:00:00,62.833333333333336,66.40444173027898
29-69d,room2,2025-08-07 10:00:00,63.416666666666664,90.0084230672406
29-69d,room2,2025-08-07 11:00:00,63.458333333333336,83.41306511714544
29-69d,room2,2025-08-07 12:00:00,63.5,67.3484214059477
29-69d,room2,2025-08-07 13:00:00,63.541666666666664,68.13631320757209
29-69d,room2,2025-08-07 14:00:00,63.583333333333336,67.44872767219951
29-69d,room2,2025-08-07 15:00:00,63.625,66.51724473622936
29-69d,room2,2025-08-07 16:00:00,63.666666666666664,65.78028687977927
29-69d,room2,2025-08-07 17:00:00,63.708333333333336,68.17527260605114
29-69d,room2,2025-08-07 18:00:00,63.75,68.6300042055771
29-69d,room2,2025-08-07 19:00:00,63.791666666666664,70.28024015194595
29-69d,room2,2025-08-07 20:00:00,63.833333333333336,68.25738658436873
29-69d,room2,2025-08-08 10:00:00,64.41666666666667,76.17140156726362
29-69d,room2,2025-08-08 11:00:00,64.45833333333333,85.7490553290328
29-69d,room2,2025-08-08 12:00:00,64.5,66.74536445163513
29-69d,room2,2025-08-08 13:00:00,64.54166666666667,66.6619401437291
29-69d,room2,2025-08-08 14:00:00,64.58333333333333,67.54792795268642
29-69d,room2,2025-08-08 15:00:00,64.625,68.0580167162874
29-69d,room2,2025-08-08 16:00:00,64.66666666666667,67.5910237289284
29-69d,room2,2025-08-08 17:00:00,64.70833333333333,68.48992896891421
29-69d,room2,2025-08-08 18:00:00,64.75,69.15120337886522
29-69d,room2,2025-08-08 19:00:00,64.79166666666667,70.14626481856469
29-69d,room2,2025-08-08 20:00:00,64.83333333333333,71.40407518910474
29-69d,room2,2025-08-09 10:00:00,65.41666666666667,76.39409045012204
29-69d,room2,2025-08-09 11:00:00,65.45833333333333,97.98718886099448
29-69d,room2,2025-08-09 12:00:00,65.5,69.9979431003848
29-69d,room2,2025-08-09 13:00:00,65.54166666666667,67.40291581957618
29-69d,room2,2025-08-09 14:00:00,65.58333333333333,67.04361894309122
29-69d,room2,2025-08-09 15:00:00,65.625,67.6738773991037
29-69d,room2,2025-08-09 16:00:00,65.66666666666667,68.33523038058672
29-69d,room2,2025-08-09 17:00:00,65.70833333333333,69.60875274720347
29-69d,room2,2025-08-09 18:00:00,65.75,70.13895197514579
29-69d,room2,2025-08-09 19:00:00,65.79166666666667,69.66169127496077
29-69d,room2,2025-08-09 20:00:00,65.83333333333333,70.71934059353968
29-69d,room2,2025-08-10 10:00:00,66.41666666666667,95.81522196191234
29-69d,room2,2025-08-10 11:00:00,66.45833333333333,86.6170920794698
29-69d,room2,2025-08-10 12:00:00,66.5,70.24206913460765
29-69d,room2,2025-08-10 13:00:00,66.54166666666667,76.56117575945396
29-69d,room2,2025-08-10 14:00:00,66.58333333333333,74.8829789187979
29-69d,room2,2025-08-10 15:00:00,66.625,75.053178400554
29-69d,room2,2025-08-10 16:00:00,66.66666666666667,73.39556988785944
29-69d,room2,2025-08-10 17:00:00,66.70833333333333,70.51447528340432
29-69d,room2,2025-08-10 18:00:00,66.75,72.43404862248114
29-69d,room2,2025-08-10 19:00:00,66.79166666666667,71.29486055637172
29-69d,room2,2025-08-10 20:00:00,66.83333333333333,71.05162510774872
29-69d,room2,2025-08-11 10:00:00,67.41666666666667,75.3708489068751
29-69d,room2,2025-08-11 11:00:00,67.45833333333333,94.21319223953788
29-69d,room2,2025-08-11 12:00:00,67.5,69.63175824873294
29-69d,room2,2025-08-11 13:00:00,67.54166666666667,68.54380390510477
29-69d,room2,2025-08-11 14:00:00,67.58333333333333,70.14003622609341
29-69d,room2,2025-08-11 15:00:00,67.625,69.3473276382443
29-69d,room2,2025-08-11 16:00:00,67.66666666666667,68.45339032253084
29-69d,room2,2025-08-11 17:00:00,67.70833333333333,69.58744618930817
29-69d,room2,2025-08-11 18:00:00,67.75,70.49351570529015
29-69d,room2,2025-08-11 19:00:00,67.79166666666667,70.22040771908047
29-69d,room2,2025-08-11 20:00:00,67.83333333333333,71.92354908836491
29-69d,room2,2025-08-12 10:00:00,68.41666666666667,81.15650084125953
29-69d,room2,2025-08-12 11:00:00,68.45833333333333,87.21219101950538
29-69d,room2,2025-08-12 12:00:00,68.5,66.98744202446085
29-69d,room6,2025-07-19 10:00:00,44.416666666666664,113.25739932063516
29-69d,room6,2025-07-19 11:00:00,44.458333333333336,112.91757543117771
29-69d,room6,2025-07-19 12:00:00,44.5,83.64279296059938
29-69d,room6,2025-07-19 13:00:00,44.541666666666664,85.0287895449732
29-69d,room6,2025-07-19 14:00:00,44.583333333333336,85.10640021950353
29-69d,room6,2025-07-19 15:00:00,44.625,89.26945120051857
29-69d,room6,2025-07-19 16:00:00,44.666666666666664,79.51456818150528
29-69d,room6,2025-07-19 17:00:00,44.708333333333336,81.12348979258559
29-69d,room6,2025-07-19 18:00:00,44.75,80.37541879573652
29-69d,room6,2025-07-19 19:00:00,44.791666666666664,81.98801002838263
29-69d,room6,2025-07-19 20:00:00,44.833333333333336,77.93089490396774
29-69d,room6,2025-07-20 10:00:00,45.416666666666664,84.30253140978763
29-69d,room6,2025-07-20 11:00:00,45.458333333333336,72.96850728491053
29-69d,room6,2025-07-20 12:00:00,45.5,85.71094026485449
29-69d,room6,2025-07-20 13:00:00,45.541666666666664,83.81816787115784
29-69d,room6,2025-07-20 14:00:00,45.583333333333336,77.68133737703145
29-69d,room6,2025-07-20 15:00:00,45.625,81.40050348528665
29-69d,room6,2025-07-20 16:00:00,45.666666666666664,81.8673737148099
29-69d,room6,2025-07-20 17:00:00,45.708333333333336,84.80942682342325
29-69d,room6,2025-07-20 18:00:00,45.75,80.5571724763675
29-69d,room6,2025-07-20 19:00:00,45.791666666666664,85.91099795734617
29-69d,room6,2025-07-20 20:00:00,45.833333333333336,86.68128971252897
29-69d,room6,2025-07-21 10:00:00,46.416666666666664,67.39063575324478
29-69d,room6,2025-07-21 11:00:00,46.458333333333336,85.88368920930495
29-69d,room6,2025-07-21 12:00:00,46.5,90.3472837015013
29-69d,room6,2025-07-21 13:00:00,46.541666666666664,83.22056842778028
29-69d,room6,2025-07-21 14:00:00,46.583333333333336,87.49921684166586
29-69d,room6,2025-07-21 15:00:00,46.625,83.99054993306473
29-69d,room6,2025-07-21 16:00:00,46.666666666666664,83.95619434421202
29-69d,room6,2025-07-21 17:00:00,46.708333333333336,84.99784642917545
29-69d,room6,2025-07-21 18:00:00,46.75,83.94497808166317
29-69d,room6,2025-07-21 19:00:00,46.791666666666664,84.67529287689611
29-69d,room6,2025-07-21 20:00:00,46.833333333333336,85.29527544100797
29-69d,room6,2025-07-22 10:00:00,47.416666666666664,78.7291608172753
29-69d,room6,2025-07-22 11:00:00,47.458333333333336,93.18408087148265
29-69d,room6,2025-07-22 12:00:00,47.5,93.06085902289796
29-69d,room6,2025-07-22 13:00:00,47.541666666666664,85.4362121223532
29-69d,room6,2025-07-22 14:00:00,47.583333333333336,84.18439290328224
29-69d,room6,2025-07-22 15:00:00,47.625,80.71855342307342
29-69d,room6,2025-07-22 16:00:00,47.666666666666664,82.15554531163524
29-69d,room6,2025-07-22 17:00:00,47.708333333333336,78.74728477842248
29-69d,room6,2025-07-22 18:00:00,47.75,70.4081479529524
29-69d,room6,2025-07-22 19:00:00,47.791666666666664,69.829554711048
29-69d,room6,2025-07-22 20:00:00,47.833333333333336,74.32370451923417
29-69d,room6,2025-07-23 10:00:00,48.416666666666664,92.69817869562523
29-69d,room6,2025-07-23 11:00:00,48.458333333333336,75.62296527588741
29-69d,room6,2025-07-23 12:00:00,48.5,82.60105866169387
29-69d,room6,2025-07-23 13:00:00,48.541666666666664,86.84989303170082
29-69d,room6,2025-07-23 14:00:00,48.583333333333336,84.83257716644974
29-69d,room6,2025-07-23 15:00:00,48.625,85.84436290726295
29-69d,room6,2025-07-23 16:00:00,48.666666666666664,73.83827107744203
29-69d,room6,2025-07-23 17:00:00,48.708333333333336,76.65295056017638
29-69d,room6,2025-07-23 18:00:00,48.75,74.74065955730524
29-69d,room6,2025-07-23 19:00:00,48.791666666666664,74.03027571150413
29-69d,room6,2025-07-23 20:00:00,48.833333333333336,75.23268489528802
29-69d,room6,2025-07-24 10:00:00,49.416666666666664,81.7902956329169
29-69d,room6,2025-07-24 11:00:00,49.458333333333336,68.43498723940849
29-69d,room6,2025-07-24 12:00:00,49.5,85.09088189933237
29-69d,room6,2025-07-24 13:00:00,49.541666666666664,84.54902126399772
29-69d,room6,2025-07-24 14:00:00,49.583333333333336,83.19487940817824
29-69d,room6,2025-07-24 15:00:00,49.625,82.3257787701329
29-69d,room6,2025-07-24 16:00:00,49.666666666666664,80.61455288459706
29-69d,room6,2025-07-24 17:00:00,49.708333333333336,82.27212602302693
29-69d,room6,2025-07-24 19:00:00,49.791666666666664,72.12946283285825
29-69d,room6,2025-07-24 20:00:00,49.833333333333336,81.0024417287061
29-69d,room6,2025-07-25 11:00:00,50.458333333333336,87.74941518520575
29-69d,room6,2025-07-25 12:00:00,50.5,89.84710698648081
29-69d,room6,2025-07-25 13:00:00,50.541666666666664,74.62760268889932
29-69d,room6,2025-07-25 14:00:00,50.583333333333336,72.79082870053398
29-69d,room6,2025-07-25 15:00:00,50.625,72.68502366526039
29-69d,room6,2025-07-25 16:00:00,50.666666666666664,71.32698057247731
29-69d,room6,2025-07-25 17:00:00,50.708333333333336,71.10562817272775
29-69d,room6,2025-07-25 18:00:00,50.75,69.2697617657102
29-69d,room6,2025-07-25 19:00:00,50.791666666666664,68.75713441293993
29-69d,room6,2025-07-25 20:00:00,50.833333333333336,68.73901203143905
29-69d,room6,2025-07-27 12:00:00,52.5,96.24675845993721
29-69d,room6,2025-07-27 13:00:00,52.541666666666664,100.36959500791946
29-69d,room6,2025-07-27 15:00:00,52.625,76.10123271361326
29-69d,room6,2025-07-27 16:00:00,52.666666666666664,68.93984948080949
29-69d,room6,2025-07-27 17:00:00,52.708333333333336,68.0848024218035
29-69d,room6,2025-07-27 18:00:00,52.75,68.48348165007758
29-69d,room6,2025-07-27 19:00:00,52.791666666666664,69.845408024951
29-69d,room6,2025-07-27 20:00:00,52.833333333333336,70.77687682725902
29-69d,room6,2025-07-28 10:00:00,53.416666666666664,77.74330246233379
29-69d,room6,2025-07-28 11:00:00,53.458333333333336,78.1624566716976
29-69d,room6,2025-07-28 12:00:00,53.5,85.3879011541608
29-69d,room6,2025-07-28 13:00:00,53.541666666666664,70.45373396967919
29-69d,room6,2025-07-28 14:00:00,53.583333333333336,74.71977401577325
29-69d,room6,2025-07-28 15:00:00,53.625,73.11817378113193
29-69d,room6,2025-07-28 16:00:00,53.666666666666664,72.13831243655594
29-69d,room6,2025-07-28 17:00:00,53.708333333333336,70.63155426076939
29-69d,room6,2025-07-28 18:00:00,53.75,69.75318133737466
29-69d,room6,2025-07-28 19:00:00,53.791666666666664,70.4059832874521
29-69d,room6,2025-07-28 20:00:00,53.833333333333336,69.6139985290647
29-69d,room6,2025-07-29 10:00:00,54.416666666666664,77.11520869939368
29-69d,room6,2025-07-29 11:00:00,54.458333333333336,69.52675731798844
29-69d,room6,2025-07-29 12:00:00,54.5,74.68696739643065
29-69d,room6,2025-07-29 13:00:00,54.541666666666664,73.17273659450878
29-69d,room6,2025-07-29 14:00:00,54.583333333333336,70.34770595805085
29-69d,room6,2025-07-29 15:00:00,54.625,69.31715936261314
29-69d,room6,2025-07-29 16:00:00,54.666666666666664,67.18651446677202
29-69d,room6,2025-07-29 17:00:00,54.708333333333336,68.49015717699092
29-69d,room6,2025-07-29 18:00:00,54.75,68.69848353230532
29-69d,room6,2025-07-29 19:00:00,54.791666666666664,68.19212132466971
29-69d,room6,2025-07-29 20:00:00,54.833333333333336,68.02160932323056
29-69d,room6,2025-07-30 10:00:00,55.416666666666664,91.11916133486407
29-69d,room6,2025-07-30 11:00:00,55.458333333333336,72.52338279478231
29-69d,room6,2025-07-30 12:00:00,55.5,70.11447792026586
29-69d,room6,2025-07-30 13:00:00,55.541666666666664,70.15674844659169
29-69d,room6,2025-07-30 14:00:00,55.583333333333336,75.4749164936626
29-69d,room6,2025-07-30 15:00:00,55.625,70.85708544059017
29-69d,room6,2025-07-30 16:00:00,55.666666666666664,70.64310404216107
29-69d,room6,2025-07-30 17:00:00,55.708333333333336,69.49340895510933
29-69d,room6,2025-07-30 18:00:00,55.75,67.75717088080027
29-69d,room6,2025-07-30 19:00:00,55.791666666666664,68.26722328408702
29-69d,room6,2025-07-30 20:00:00,55.833333333333336,70.77387392912114
29-69d,room6,2025-07-31 10:00:00,56.416666666666664,74.5357242349276
29-69d,room6,2025-07-31 11:00:00,56.458333333333336,89.89930124009598
29-69d,room6,2025-07-31 12:00:00,56.5,72.79509352230107
29-69d,room6,2025-07-31 13:00:00,56.541666666666664,69.69541151957243
29-69d,room6,2025-07-31 14:00:00,56.583333333333336,71.03460151802777
29-69d,room6,2025-07-31 15:00:00,56.625,68.91179102628676
29-69d,room6,2025-07-31 16:00:00,56.666666666666664,70.82801245150527
29-69d,room6,2025-07-31 17:00:00,56.708333333333336,70.62246488783201
29-69d,room6,2025-07-31 18:00:00,56.75,70.03362367626751
29-69d,room6,2025-07-31 19:00:00,56.791666666666664,69.96202729209979
29-69d,room6,2025-07-31 20:00:00,56.833333333333336,78.38176270613558
29-69d,room6,2025-08-01 10:00:00,57.416666666666664,74.68072379683525
29-69d,room6,2025-08-01 11:00:00,57.458333333333336,64.68509477413096
29-69d,room6,2025-08-01 12:00:00,57.5,72.57211596704035
29-69d,room6,2025-08-01 13:00:00,57.541666666666664,72.55391115514271
29-69d,room6,2025-08-01 14:00:00,57.583333333333336,72.5119708208069
29-69d,room6,2025-08-01 15:00:00,57.625,72.99668752830206
29-69d,room6,2025-08-01 16:00:00,57.666666666666664,69.95666613966041
29-69d,room6,2025-08-01 17:00:00,57.708333333333336,70.0528042223925
29-69d,room6,2025-08-01 18:00:00,57.75,68.63433658456779
29-69d,room6,2025-08-01 19:00:00,57.791666666666664,70.39956712438955
29-69d,room6,2025-08-01 20:00:00,57.833333333333336,74.90762658761143
29-69d,room6,2025-08-02 10:00:00,58.416666666666664,76.76650152041975
29-69d,room6,2025-08-02 11:00:00,58.458333333333336,75.42514514912688
29-69d,room6,2025-08-02 12:00:00,58.5,69.87353485559447
29-69d,room6,2025-08-02 13:00:00,58.541666666666664,70.19516558393302
29-69d,room6,2025-08-02 14:00:00,58.583333333333336,69.63886355061513
29-69d,room6,2025-08-02 15:00:00,58.625,71.23764326845517
29-69d,room6,2025-08-02 16:00:00,58.666666666666664,70.5915736619274
29-69d,room6,2025-08-02 17:00:00,58.708333333333336,69.47048950680615
29-69d,room6,2025-08-02 18:00:00,58.75,69.30775612171644
29-69d,room6,2025-08-02 19:00:00,58.791666666666664,71.03509521182104
29-69d,room6,2025-08-02 20:00:00,58.833333333333336,67.47906862556097
29-69d,room6,2025-08-03 10:00:00,59.416666666666664,77.09375005205318
29-69d,room6,2025-08-03 11:00:00,59.458333333333336,69.49159343439833
29-69d,room6,2025-08-03 12:00:00,59.5,69.67553535496465
29-69d,room6,2025-08-03 13:00:00,59.541666666666664,69.97025492755839
29-69d,room6,2025-08-03 14:00:00,59.583333333333336,69.73148329811649
29-69d,room6,2025-08-03 15:00:00,59.625,69.49710525620779
29-69d,room6,2025-08-03 16:00:00,59.666666666666664,68.61424859916043
29-69d,room6,2025-08-03 17:00:00,59.708333333333336,68.80383542391324
29-69d,room6,2025-08-03 18:00:00,59.75,69.16295956984077
29-69d,room6,2025-08-03 19:00:00,59.791666666666664,68.71278073284664
29-69d,room6,2025-08-03 20:00:00,59.833333333333336,72.11792845871395
29-69d,room6,2025-08-04 10:00:00,60.416666666666664,74.91381569406478
29-69d,room6,2025-08-04 11:00:00,60.458333333333336,76.84961655919085
29-69d,room6,2025-08-04 12:00:00,60.5,73.25190856701661
29-69d,room6,2025-08-04 13:00:00,60.541666666666664,71.00939093895641
29-69d,room6,2025-08-04 14:00:00,60.583333333333336,70.8857033919883
29-69d,room6,2025-08-04 15:00:00,60.625,69.51666182488852
29-69d,room6,2025-08-04 16:00:00,60.666666666666664,69.35277653677637
29-69d,room6,2025-08-04 17:00:00,60.708333333333336,68.64334668478547
29-69d,room6,2025-08-04 18:00:00,60.75,70.71933274144159
29-69d,room6,2025-08-04 19:00:00,60.791666666666664,71.21274641646002
29-69d,room6,2025-08-04 20:00:00,60.833333333333336,69.37420235230701
29-69d,room6,2025-08-05 10:00:00,61.416666666666664,83.80537717699524
29-69d,room6,2025-08-05 11:00:00,61.458333333333336,80.82321297960004
29-69d,room6,2025-08-05 12:00:00,61.5,78.73666227329666
29-69d,room6,2025-08-05 13:00:00,61.541666666666664,69.78867465554298
29-69d,room6,2025-08-05 14:00:00,61.583333333333336,70.38512867516965
29-69d,room6,2025-08-05 15:00:00,61.625,68.68088778575017
29-69d,room6,2025-08-05 16:00:00,61.666666666666664,68.09350846764428
29-69d,room6,2025-08-05 17:00:00,61.708333333333336,69.04366663275172
29-69d,room6,2025-08-05 18:00:00,61.75,69.7299513751577
29-69d,room6,2025-08-05 19:00:00,61.791666666666664,70.71807757760888
29-69d,room6,2025-08-05 20:00:00,61.833333333333336,70.57377700482621
29-69d,room6,2025-08-06 10:00:00,62.416666666666664,90.15983779672895
29-69d,room6,2025-08-06 11:00:00,62.458333333333336,68.37143312262752
29-69d,room6,2025-08-06 12:00:00,62.5,70.60239132163186
29-69d,room6,2025-08-06 13:00:00,62.541666666666664,71.2579549110961
29-69d,room6,2025-08-06 14:00:00,62.583333333333336,70.85850373717528
29-69d,room6,2025-08-06 15:00:00,62.625,70.52621351107193
29-69d,room6,2025-08-06 16:00:00,62.666666666666664,71.37127315799717
29-69d,room6,2025-08-06 17:00:00,62.708333333333336,68.8353191574517
29-69d,room6,2025-08-06 18:00:00,62.75,68.11395053429536
29-69d,room6,2025-08-06 19:00:00,62.791666666666664,67.67233580005369
29-69d,room6,2025-08-06 20:00:00,62.833333333333336,68.51841311788685
29-69d,room6,2025-08-07 10:00:00,63.416666666666664,70.39621339313231
29-69d,room6,2025-08-07 11:00:00,63.458333333333336,74.13898731040268
29-69d,room6,2025-08-07 12:00:00,63.5,69.15945335914714
29-69d,room6,2025-08-07 13:00:00,63.541666666666664,69.02549948742346
29-69d,room6,2025-08-07 14:00:00,63.583333333333336,69.13152851506305
29-69d,room6,2025-08-07 15:00:00,63.625,69.33984903921765
29-69d,room6,2025-08-07 16:00:00,63.666666666666664,68.68369144686548
29-69d,room6,2025-08-07 17:00:00,63.708333333333336,68.38915925097822
29-69d,room6,2025-08-07 18:00:00,63.75,68.99837439250906
29-69d,room6,2025-08-07 19:00:00,63.791666666666664,68.28884717583938
29-69d,room6,2025-08-07 20:00:00,63.833333333333336,69.0686455218363
29-69d,room6,2025-08-08 10:00:00,64.41666666666667,81.19967070601405
29-69d,room6,2025-08-08 11:00:00,64.45833333333333,68.76955553279895
29-69d,room6,2025-08-08 12:00:00,64.5,69.85991656551282
29-69d,room6,2025-08-08 13:00:00,64.54166666666667,70.71134427577155
29-69d,room6,2025-08-08 14:00:00,64.58333333333333,70.25557154796324
29-69d,room6,2025-08-08 15:00:00,64.625,69.57267515079066
29-69d,room6,2025-08-08 16:00:00,64.66666666666667,70.26639432577178
29-69d,room6,2025-08-08 17:00:00,64.70833333333333,69.83514582933142
29-69d,room6,2025-08-08 18:00:00,64.75,70.19428826505879
29-69d,room6,2025-08-08 19:00:00,64.79166666666667,69.91342056821765
29-69d,room6,2025-08-08 20:00:00,64.83333333333333,70.29450107815696
29-69d,room6,2025-08-09 10:00:00,65.41666666666667,81.13581446495081
29-69d,room6,2025-08-09 11:00:00,65.45833333333333,76.06342115713025
29-69d,room6,2025-08-09 12:00:00,65.5,70.18038070666367
29-69d,room6,2025-08-09 13:00:00,65.54166666666667,70.65108323421886
29-69d,room6,2025-08-09 14:00:00,65.58333333333333,69.99733996276818
29-69d,room6,2025-08-09 15:00:00,65.625,70.99325394017487
29-69d,room6,2025-08-09 16:00:00,65.66666666666667,70.90971455576629
29-69d,room6,2025-08-09 17:00:00,65.70833333333333,69.7601125842489
29-69d,room6,2025-08-09 18:00:00,65.75,69.76062254791759
29-69d,room6,2025-08-09 19:00:00,65.79166666666667,69.9870649300262
29-69d,room6,2025-08-09 20:00:00,65.83333333333333,70.01194865219202
29-69d,room6,2025-08-10 10:00:00,66.41666666666667,69.61850341951003
29-69d,room6,2025-08-10 11:00:00,66.45833333333333,91.56962204368635
29-69d,room6,2025-08-10 12:00:00,66.5,74.31445030975378
29-69d,room6,2025-08-10 13:00:00,66.54166666666667,72.83390032227149
29-69d,room6,2025-08-10 14:00:00,66.58333333333333,72.82028568171117
29-69d,room6,2025-08-10 15:00:00,66.625,74.53673080607508
29-69d,room6,2025-08-10 16:00:00,66.66666666666667,72.86736671251883
29-69d,room6,2025-08-10 17:00:00,66.70833333333333,68.75314831951593
29-69d,room6,2025-08-10 18:00:00,66.75,70.13957820902206
29-69d,room6,2025-08-10 19:00:00,66.79166666666667,70.18781304197941
29-69d,room6,2025-08-10 20:00:00,66.83333333333333,69.79846088829052
29-69d,room6,2025-08-11 10:00:00,67.41666666666667,68.47757081549531
29-69d,room6,2025-08-11 11:00:00,67.45833333333333,70.94350187337217
29-69d,room6,2025-08-11 12:00:00,67.5,70.72909225807405
29-69d,room6,2025-08-11 13:00:00,67.54166666666667,70.17400819493132
29-69d,room6,2025-08-11 14:00:00,67.58333333333333,69.61564069118775
29-69d,room6,2025-08-11 15:00:00,67.625,69.96649570209652
29-69d,room6,2025-08-11 16:00:00,67.66666666666667,69.49297170763516
29-69d,room6,2025-08-11 17:00:00,67.70833333333333,69.99567409964672
29-69d,room6,2025-08-11 18:00:00,67.75,69.40887472377324
29-69d,room6,2025-08-11 19:00:00,67.79166666666667,70.69727258424777
29-69d,room6,2025-08-11 20:00:00,67.83333333333333,69.39811786894055
29-69d,room6,2025-08-12 10:00:00,68.41666666666667,76.35537104779836
29-69d,room6,2025-08-12 11:00:00,68.45833333333333,72.80257496352402
29-69d,room6,2025-08-12 12:00:00,68.5,70.55857795666984
29-69d,room7,2025-07-04 08:00:00,29.333333333333332,128.37034573945957
29-69d,room7,2025-07-04 09:00:00,29.375,114.44954020756855
29-69d,room7,2025-07-04 10:00:00,29.416666666666668,87.17755550008685
29-69d,room7,2025-07-04 11:00:00,29.458333333333332,87.46792978956206
29-69d,room7,2025-07-04 12:00:00,29.5,87.74992228866877
29-69d,room7,2025-07-04 13:00:00,29.541666666666668,83.24448389218134
29-69d,room7,2025-07-04 14:00:00,29.583333333333332,86.76063216296075
29-69d,room7,2025-07-04 15:00:00,29.625,86.19139957992908
29-69d,room7,2025-07-04 16:00:00,29.666666666666668,90.06783632109816
29-69d,room7,2025-07-04 17:00:00,29.708333333333332,91.62660306692317
29-69d,room7,2025-07-04 18:00:00,29.75,92.91246196572448
29-69d,room7,2025-07-04 19:00:00,29.791666666666668,86.03250829717437
29-69d,room7,2025-07-04 20:00:00,29.833333333333332,88.96109682896446
29-69d,room7,2025-07-05 08:00:00,30.333333333333332,98.99088054983291
29-69d,room7,2025-07-05 09:00:00,30.375,85.4484238339668
29-69d,room7,2025-07-05 10:00:00,30.416666666666668,90.04500573189048
29-69d,room7,2025-07-05 11:00:00,30.458333333333332,90.55225469110574
29-69d,room7,2025-07-05 12:00:00,30.5,88.55106017630065
29-69d,room7,2025-07-05 13:00:00,30.541666666666668,88.24962662776063
29-69d,room7,2025-07-05 14:00:00,30.583333333333332,86.95945869586656
29-69d,room7,2025-07-05 15:00:00,30.625,85.18735576717222
29-69d,room7,2025-07-05 16:00:00,30.666666666666668,90.04244836909648
29-69d,room7,2025-07-05 17:00:00,30.708333333333332,93.50939553935143
29-69d,room7,2025-07-05 18:00:00,30.75,90.9960212086188
29-69d,room7,2025-07-05 19:00:00,30.791666666666668,87.98004804545099
29-69d,room7,2025-07-05 20:00:00,30.833333333333332,89.43148623484771
29-69d,room7,2025-07-06 08:00:00,31.333333333333332,109.05357430392185
29-69d,room7,2025-07-06 09:00:00,31.375,101.23697163934742
29-69d,room7,2025-07-06 10:00:00,31.416666666666668,84.26702250085411
29-69d,room7,2025-07-06 11:00:00,31.458333333333332,87.05784763654692
29-69d,room7,2025-07-06 12:00:00,31.5,83.20478811589695
29-69d,room7,2025-07-10 16:00:00,35.666666666666664,116.11507583826226
29-69d,room7,2025-07-10 17:00:00,35.708333333333336,141.83451881049922
29-69d,room7,2025-07-10 18:00:00,35.75,96.56416260329961
29-69d,room7,2025-07-10 19:00:00,35.791666666666664,93.51634203657609
29-69d,room7,2025-07-11 08:00:00,36.333333333333336,106.31062701119674
29-69d,room7,2025-07-11 09:00:00,36.375,87.37005866350364
29-69d,room7,2025-07-11 10:00:00,36.416666666666664,87.04731572511902
29-69d,room7,2025-07-11 11:00:00,36.458333333333336,85.32736641320723
29-69d,room7,2025-07-11 12:00:00,36.5,88.48419587330632
29-69d,room7,2025-07-11 13:00:00,36.541666666666664,81.91376494059608
29-69d,room7,2025-07-11 14:00:00,36.583333333333336,87.49177932022928
29-69d,room7,2025-07-11 15:00:00,36.625,86.77589456310736
29-69d,room7,2025-07-11 16:00:00,36.666666666666664,94.22474293340501
29-69d,room7,2025-07-11 17:00:00,36.708333333333336,89.36782092073
29-69d,room7,2025-07-11 18:00:00,36.75,88.17474310463737
29-69d,room7,2025-07-11 19:00:00,36.791666666666664,88.81673473950076
29-69d,room7,2025-07-12 08:00:00,37.333333333333336,113.3712399166953
29-69d,room7,2025-07-12 09:00:00,37.375,91.00401335694487
29-69d,room7,2025-07-12 10:00:00,37.416666666666664,86.23721145010242
29-69d,room7,2025-07-12 11:00:00,37.458333333333336,82.88079972312858
29-69d,room7,2025-07-12 12:00:00,37.5,85.04321819610198
29-69d,room7,2025-07-12 13:00:00,37.541666666666664,81.25284305375263
29-69d,room7,2025-07-12 14:00:00,37.583333333333336,87.04363246158032
29-69d,room7,2025-07-12 15:00:00,37.625,84.14341154432182
29-69d,room7,2025-07-12 16:00:00,37.666666666666664,94.28176998801952
29-69d,room7,2025-07-12 17:00:00,37.708333333333336,89.03247109019873
29-69d,room7,2025-07-12 18:00:00,37.75,87.77523306183825
29-69d,room7,2025-07-12 19:00:00,37.791666666666664,84.89816342296632
29-69d,room7,2025-07-13 08:00:00,38.333333333333336,101.5943936827712
29-69d,room7,2025-07-13 09:00:00,38.375,86.09120350783061
29-69d,room7,2025-07-13 10:00:00,38.416666666666664,81.976036048764
29-69d,room7,2025-07-13 11:00:00,38.458333333333336,87.41320850562002
29-69d,room7,2025-07-13 12:00:00,38.5,83.82209679118867
29-69d,room7,2025-07-13 13:00:00,38.541666666666664,82.89565518382551
29-69d,room7,2025-07-13 14:00:00,38.583333333333336,84.81462439600931
29-69d,room7,2025-07-13 15:00:00,38.625,82.81186265144714
29-69d,room7,2025-07-13 16:00:00,38.666666666666664,88.15293392115053
29-69d,room7,2025-07-13 17:00:00,38.708333333333336,86.6042867319665
29-69d,room7,2025-07-13 18:00:00,38.75,86.1905946138365
29-69d,room7,2025-07-13 19:00:00,38.791666666666664,87.25395315638764
29-69d,room7,2025-07-15 18:00:00,40.75,125.22806273859159
29-69d,room7,2025-07-15 19:00:00,40.791666666666664,123.18318297884441
29-69d,room7,2025-07-16 09:00:00,41.375,110.89108597941912
29-69d,room7,2025-07-16 10:00:00,41.416666666666664,112.16416739245706
29-69d,room7,2025-07-16 11:00:00,41.458333333333336,88.10147949550041
29-69d,room7,2025-07-16 12:00:00,41.5,88.22515968169816
29-69d,room7,2025-07-16 13:00:00,41.541666666666664,89.68951184980406
29-69d,room7,2025-07-16 14:00:00,41.583333333333336,80.95845447446015
29-69d,room7,2025-07-16 15:00:00,41.625,81.41827137335314
29-69d,room7,2025-07-16 16:00:00,41.666666666666664,85.32754589834201
29-69d,room7,2025-07-16 17:00:00,41.708333333333336,77.45191920681599
29-69d,room7,2025-07-16 18:00:00,41.75,73.16691537709436
29-69d,room7,2025-07-16 19:00:00,41.791666666666664,75.41447623271374
29-69d,room7,2025-07-17 09:00:00,42.375,81.82838058486239
29-69d,room7,2025-07-17 10:00:00,42.416666666666664,83.36088364804372
29-69d,room7,2025-07-17 11:00:00,42.458333333333336,82.32012372693428
29-69d,room7,2025-07-17 12:00:00,42.5,87.8325448023619
29-69d,room7,2025-07-17 13:00:00,42.541666666666664,82.06738673706369
29-69d,room7,2025-07-17 14:00:00,42.583333333333336,83.3175301960644
29-69d,room7,2025-07-17 15:00:00,42.625,83.60585777416715
29-69d,room7,2025-07-17 16:00:00,42.666666666666664,81.85392720962443
29-69d,room7,2025-07-17 17:00:00,42.708333333333336,78.86757255323356
29-69d,room7,2025-07-17 18:00:00,42.75,79.39999758064461
29-69d,room7,2025-07-17 19:00:00,42.791666666666664,78.85561764565946
29-69d,room7,2025-07-18 09:00:00,43.375,94.74644690791318
29-69d,room7,2025-07-18 10:00:00,43.416666666666664,81.39652743412113
29-69d,room7,2025-07-18 11:00:00,43.458333333333336,82.67614259353816
29-69d,room7,2025-07-18 12:00:00,43.5,80.4154887792477
29-69d,room7,2025-07-18 13:00:00,43.541666666666664,77.7055943740986
29-69d,room7,2025-07-18 14:00:00,43.583333333333336,78.55814376847955
29-69d,room7,2025-07-18 15:00:00,43.625,84.22149870148807
29-69d,room7,2025-07-18 16:00:00,43.666666666666664,83.67594772548449
29-69d,room7,2025-07-18 17:00:00,43.708333333333336,84.00262489901277
29-69d,room7,2025-07-18 18:00:00,43.75,78.65123423456659
29-69d,room7,2025-07-18 19:00:00,43.791666666666664,83.77612227439386
29-69d,room7,2025-07-19 09:00:00,44.375,93.59927551486457
29-69d,room7,2025-07-19 10:00:00,44.416666666666664,89.18537945592792
29-69d,room7,2025-07-19 11:00:00,44.458333333333336,81.3964422173009
29-69d,room7,2025-07-19 12:00:00,44.5,85.51692277520002
29-69d,room7,2025-07-19 13:00:00,44.541666666666664,83.29361977315139
29-69d,room7,2025-07-19 14:00:00,44.583333333333336,80.01201292131017
29-69d,room7,2025-07-19 15:00:00,44.625,84.30472379469776
29-69d,room7,2025-07-19 16:00:00,44.666666666666664,81.92292960711823
29-69d,room7,2025-07-19 17:00:00,44.708333333333336,75.17209868697779
29-69d,room7,2025-07-19 18:00:00,44.75,76.44250327447789
29-69d,room7,2025-07-19 19:00:00,44.791666666666664,78.77707668990442
29-69d,room7,2025-07-20 09:00:00,45.375,83.65092143341363
29-69d,room7,2025-07-20 10:00:00,45.416666666666664,81.53505493925974
29-69d,room7,2025-07-20 11:00:00,45.458333333333336,77.59824038531052
29-69d,room7,2025-07-20 12:00:00,45.5,83.46041533819852
29-69d,room7,2025-07-20 13:00:00,45.541666666666664,84.37810124686897
29-69d,room7,2025-07-20 14:00:00,45.583333333333336,81.36849644702026
29-69d,room7,2025-07-20 15:00:00,45.625,82.49656642555276
29-69d,room7,2025-07-20 16:00:00,45.666666666666664,82.5489252317867
29-69d,room7,2025-07-20 17:00:00,45.708333333333336,74.36353191040594
29-69d,room7,2025-07-20 18:00:00,45.75,73.4499728372043
29-69d,room7,2025-07-20 19:00:00,45.791666666666664,75.04013111400468
29-69d,room7,2025-07-21 09:00:00,46.375,89.48485335145028
29-69d,room7,2025-07-21 10:00:00,46.416666666666664,79.85714518147397
29-69d,room7,2025-07-21 11:00:00,46.458333333333336,81.37312849769106
29-69d,room7,2025-07-21 12:00:00,46.5,81.34862652754978
29-69d,room7,2025-07-21 13:00:00,46.541666666666664,83.72418875471179
29-69d,room7,2025-07-21 14:00:00,46.583333333333336,79.5129354645359
29-69d,room7,2025-07-21 15:00:00,46.625,82.66058025641087
29-69d,room7,2025-07-21 16:00:00,46.666666666666664,81.41906554048434
29-69d,room7,2025-07-21 17:00:00,46.708333333333336,73.6702374716311
29-69d,room7,2025-07-21 18:00:00,46.75,72.957946972395
29-69d,room7,2025-07-21 19:00:00,46.791666666666664,72.93479863613106
29-69d,room7,2025-07-22 09:00:00,47.375,102.96040634223205
29-69d,room7,2025-07-22 10:00:00,47.416666666666664,90.94811386509963
29-69d,room7,2025-07-22 11:00:00,47.458333333333336,83.68380944604127
29-69d,room7,2025-07-22 12:00:00,47.5,81.36201183757004
29-69d,room7,2025-07-22 13:00:00,47.541666666666664,82.63449602874924
29-69d,room7,2025-07-22 14:00:00,47.583333333333336,81.7115629628706
29-69d,room7,2025-07-22 15:00:00,47.625,79.76186670556552
29-69d,room7,2025-07-22 16:00:00,47.666666666666664,83.59224699058642
29-69d,room7,2025-07-22 17:00:00,47.708333333333336,74.46866272278405
29-69d,room7,2025-07-22 18:00:00,47.75,68.18365885340569
29-69d,room7,2025-07-22 19:00:00,47.791666666666664,73.56467731880919
29-69d,room7,2025-07-23 09:00:00,48.375,89.67921758451355
29-69d,room7,2025-07-23 10:00:00,48.416666666666664,82.17513232171713
29-69d,room7,2025-07-23 11:00:00,48.458333333333336,82.9810609810361
29-69d,room7,2025-07-23 12:00:00,48.5,85.50889419098088
29-69d,room7,2025-07-23 13:00:00,48.541666666666664,81.60988245920294
29-69d,room7,2025-07-23 14:00:00,48.583333333333336,84.46834450424183
29-69d,room7,2025-07-23 15:00:00,48.625,82.05275053431033
29-69d,room7,2025-07-23 16:00:00,48.666666666666664,82.83693973467655
29-69d,room7,2025-07-23 17:00:00,48.708333333333336,76.87962740137542
29-69d,room7,2025-07-23 18:00:00,48.75,82.29283705069909
29-69d,room7,2025-07-23 19:00:00,48.791666666666664,77.49464257063084
29-69d,room7,2025-07-24 09:00:00,49.375,102.23506530500306
29-69d,room7,2025-07-24 10:00:00,49.416666666666664,84.82657672548108
29-69d,room7,2025-07-24 11:00:00,49.458333333333336,76.80926170070735
29-69d,room7,2025-07-24 12:00:00,49.5,74.72109181544381
29-69d,room7,2025-07-24 13:00:00,49.541666666666664,75.81302469596996
29-69d,room7,2025-07-24 14:00:00,49.583333333333336,75.94404114790333
29-69d,room7,2025-07-24 15:00:00,49.625,74.78227654090291
29-69d,room7,2025-07-24 16:00:00,49.666666666666664,75.41056075162628
29-69d,room7,2025-07-24 17:00:00,49.708333333333336,76.81753205001938
29-69d,room7,2025-07-25 11:00:00,50.458333333333336,87.15732323528604
29-69d,room7,2025-07-25 12:00:00,50.5,87.26284159259411
29-69d,room7,2025-07-25 13:00:00,50.541666666666664,76.43250808527728
29-69d,room7,2025-07-25 14:00:00,50.583333333333336,71.29217561270946
29-69d,room7,2025-07-25 15:00:00,50.625,68.7423243117028
29-69d,room7,2025-07-25 16:00:00,50.666666666666664,69.21637027645747
29-69d,room7,2025-07-25 17:00:00,50.708333333333336,70.3715006658011
29-69d,room7,2025-07-25 18:00:00,50.75,71.16962441070186
29-69d,room7,2025-07-25 19:00:00,50.791666666666664,71.32110369415582
29-69d,room7,2025-07-26 09:00:00,51.375,92.23253250243744
29-69d,room7,2025-07-26 10:00:00,51.416666666666664,82.96433173887611
29-69d,room7,2025-07-26 11:00:00,51.458333333333336,77.9915595027818
29-69d,room7,2025-07-26 12:00:00,51.5,80.08716999665775
29-69d,room7,2025-07-26 13:00:00,51.541666666666664,78.677978031619
29-69d,room7,2025-07-26 14:00:00,51.583333333333336,78.79522074703058
29-69d,room7,2025-07-26 15:00:00,51.625,71.43839081162515
29-69d,room7,2025-07-26 16:00:00,51.666666666666664,71.49623813718061
29-69d,room7,2025-07-26 17:00:00,51.708333333333336,69.64413091281997
29-69d,room7,2025-07-26 18:00:00,51.75,70.48766772002324
29-69d,room7,2025-07-26 19:00:00,51.791666666666664,69.82808964338075
29-69d,room7,2025-07-27 09:00:00,52.375,91.97035289830787
29-69d,room7,2025-07-27 16:00:00,52.666666666666664,130.09415888595217
29-69d,room7,2025-07-27 17:00:00,52.708333333333336,129.48726776829696
29-69d,room7,2025-07-27 18:00:00,52.75,68.84130334148709
29-69d,room7,2025-07-27 19:00:00,52.791666666666664,67.77731942952063
29-69d,room7,2025-07-28 09:00:00,53.375,103.3031672015087
29-69d,room7,2025-07-28 10:00:00,53.416666666666664,82.65381924332712
29-69d,room7,2025-07-28 11:00:00,53.458333333333336,78.64988633832431
29-69d,room7,2025-07-28 12:00:00,53.5,77.45827074037378
29-69d,room7,2025-07-28 13:00:00,53.541666666666664,67.2298778350955
29-69d,room7,2025-07-28 14:00:00,53.583333333333336,68.83749510014565
29-69d,room7,2025-07-28 15:00:00,53.625,69.74083669551955
29-69d,room7,2025-07-28 16:00:00,53.666666666666664,72.57026482196305
29-69d,room7,2025-07-28 17:00:00,53.708333333333336,72.20065596516342
29-69d,room7,2025-07-28 18:00:00,53.75,70.89997036867135
29-69d,room7,2025-07-28 19:00:00,53.791666666666664,72.55760601419713
29-69d,room7,2025-07-29 09:00:00,54.375,80.8056351001178
29-69d,room7,2025-07-29 10:00:00,54.416666666666664,89.9212228981151
29-69d,room7,2025-07-29 11:00:00,54.458333333333336,74.584624134687
29-69d,room7,2025-07-29 12:00:00,54.5,76.20527427572581
29-69d,room7,2025-07-29 13:00:00,54.541666666666664,67.58502998204574
29-69d,room7,2025-07-29 14:00:00,54.583333333333336,69.64769481507817
29-69d,room7,2025-07-29 15:00:00,54.625,69.99924751990469
29-69d,room7,2025-07-29 16:00:00,54.666666666666664,68.87339568130182
29-69d,room7,2025-07-29 17:00:00,54.708333333333336,69.54531553275352
29-69d,room7,2025-07-29 18:00:00,54.75,70.42154722496933
29-69d,room7,2025-07-29 19:00:00,54.791666666666664,70.54465206712717
29-69d,room7,2025-07-30 09:00:00,55.375,79.64223879553879
29-69d,room7,2025-07-30 10:00:00,55.416666666666664,80.59106673912912
29-69d,room7,2025-07-30 11:00:00,55.458333333333336,80.7406687835507
29-69d,room7,2025-07-30 12:00:00,55.5,75.45691686732053
29-69d,room7,2025-07-30 13:00:00,55.541666666666664,70.07897447922458
29-69d,room7,2025-07-30 14:00:00,55.583333333333336,68.23847720728268
29-69d,room7,2025-07-30 15:00:00,55.625,68.93687684167989
29-69d,room7,2025-07-30 16:00:00,55.666666666666664,68.6999530009269
29-69d,room7,2025-07-30 17:00:00,55.708333333333336,69.18276731084336
29-69d,room7,2025-07-30 18:00:00,55.75,69.8044043151462
29-69d,room7,2025-07-30 19:00:00,55.791666666666664,71.11974670845237
29-69d,room7,2025-07-31 09:00:00,56.375,79.81334454890911
29-69d,room7,2025-07-31 10:00:00,56.416666666666664,78.82754754473316
29-69d,room7,2025-07-31 11:00:00,56.458333333333336,78.70835663860467
29-69d,room7,2025-07-31 12:00:00,56.5,76.18535754180877
29-69d,room7,2025-07-31 13:00:00,56.541666666666664,71.41670923125966
29-69d,room7,2025-07-31 14:00:00,56.583333333333336,67.98542022385926
29-69d,room7,2025-07-31 15:00:00,56.625,68.30288531787856
29-69d,room7,2025-07-31 16:00:00,56.666666666666664,68.99404769369801
29-69d,room7,2025-07-31 17:00:00,56.708333333333336,67.63377198929237
29-69d,room7,2025-07-31 18:00:00,56.75,69.21396119206516
29-69d,room7,2025-07-31 19:00:00,56.791666666666664,70.220127125386
29-69d,room7,2025-08-01 09:00:00,57.375,86.67461114162305
29-69d,room7,2025-08-01 10:00:00,57.416666666666664,82.29840415284875
29-69d,room7,2025-08-01 11:00:00,57.458333333333336,78.84369367536227
29-69d,room7,2025-08-01 12:00:00,57.5,77.35592334724018
29-69d,room7,2025-08-01 13:00:00,57.541666666666664,71.9545417135337
29-69d,room7,2025-08-01 14:00:00,57.583333333333336,68.95721854592279
29-69d,room7,2025-08-03 15:00:00,59.625,100.4855937575838
29-69d,room7,2025-08-03 16:00:00,59.666666666666664,118.54239882839698
29-69d,room7,2025-08-03 17:00:00,59.708333333333336,69.39973660043482
29-69d,room7,2025-08-03 18:00:00,59.75,69.38950777989398
29-69d,room7,2025-08-03 19:00:00,59.791666666666664,69.86319547175809
29-69d,room7,2025-08-04 09:00:00,60.375,88.60391904821057
29-69d,room7,2025-08-04 10:00:00,60.416666666666664,88.89593792771628
29-69d,room7,2025-08-04 11:00:00,60.458333333333336,75.16081125666102
29-69d,room7,2025-08-04 12:00:00,60.5,70.30145954897237
29-69d,room7,2025-08-04 13:00:00,60.541666666666664,67.1305998624283
29-69d,room7,2025-08-04 14:00:00,60.583333333333336,66.4251682312496
29-69d,room7,2025-08-04 15:00:00,60.625,69.56020363765516
29-69d,room7,2025-08-04 16:00:00,60.666666666666664,69.20679897685207
29-69d,room7,2025-08-04 17:00:00,60.708333333333336,69.9448285717074
29-69d,room7,2025-08-04 18:00:00,60.75,69.33400149363841
29-69d,room7,2025-08-04 19:00:00,60.791666666666664,69.37259450734587
29-69d,room7,2025-08-05 09:00:00,61.375,83.47920401546104
29-69d,room7,2025-08-05 10:00:00,61.416666666666664,71.26825912114077
29-69d,room7,2025-08-05 11:00:00,61.458333333333336,73.19950697207601
29-69d,room7,2025-08-05 12:00:00,61.5,75.60831777249234
29-69d,room7,2025-08-05 13:00:00,61.541666666666664,79.76784930795088
29-69d,room7,2025-08-05 14:00:00,61.583333333333336,73.03608255931037
29-69d,room7,2025-08-05 15:00:00,61.625,71.39185530165332
29-69d,room7,2025-08-05 16:00:00,61.666666666666664,66.88577657806819
29-69d,room7,2025-08-05 17:00:00,61.708333333333336,70.26420587647542
29-69d,room7,2025-08-05 18:00:00,61.75,68.59785850839395
29-69d,room7,2025-08-05 19:00:00,61.791666666666664,68.29383338646538
29-69d,room7,2025-08-06 09:00:00,62.375,74.5688216575759
29-69d,room7,2025-08-06 10:00:00,62.416666666666664,78.36010789737361
29-69d,room7,2025-08-06 11:00:00,62.458333333333336,74.71100118601754
29-69d,room7,2025-08-06 12:00:00,62.5,80.16231112043238
29-69d,room7,2025-08-06 13:00:00,62.541666666666664,77.26604419530665
29-69d,room7,2025-08-06 14:00:00,62.583333333333336,73.98483881359182
29-69d,room7,2025-08-06 15:00:00,62.625,70.10610048371606
29-69d,room7,2025-08-06 16:00:00,62.666666666666664,70.04871006959047
29-69d,room7,2025-08-06 17:00:00,62.708333333333336,69.8880951225082
29-69d,room7,2025-08-06 18:00:00,62.75,69.89338452506672
29-69d,room7,2025-08-06 19:00:00,62.791666666666664,69.59804021596501
29-69d,room7,2025-08-07 09:00:00,63.375,86.15004021720539
29-69d,room7,2025-08-07 10:00:00,63.416666666666664,83.66989735305175
29-69d,room7,2025-08-07 11:00:00,63.458333333333336,73.68572390950442
29-69d,room7,2025-08-07 12:00:00,63.5,79.58045950484785
29-69d,room7,2025-08-07 13:00:00,63.541666666666664,75.16224878456596
29-69d,room7,2025-08-07 14:00:00,63.583333333333336,74.58433028256671
29-69d,room7,2025-08-07 15:00:00,63.625,69.22771936977882
29-69d,room7,2025-08-07 16:00:00,63.666666666666664,68.811088024988
29-69d,room7,2025-08-07 17:00:00,63.708333333333336,70.37358650600454
29-69d,room7,2025-08-07 18:00:00,63.75,68.7448509139721
29-69d,room7,2025-08-07 19:00:00,63.791666666666664,68.42087014529787
29-69d,room7,2025-08-08 09:00:00,64.375,83.29546448806572
29-69d,room7,2025-08-08 10:00:00,64.41666666666667,82.89272103610311
29-69d,room7,2025-08-08 11:00:00,64.45833333333333,73.67235789900143
29-69d,room7,2025-08-08 12:00:00,64.5,75.29954811666302
29-69d,room7,2025-08-08 13:00:00,64.54166666666667,74.19901867281743
29-69d,room7,2025-08-08 14:00:00,64.58333333333333,72.2983534983393
29-69d,room7,2025-08-08 15:00:00,64.625,69.53824622479371
29-69d,room7,2025-08-08 16:00:00,64.66666666666667,68.69332141366291
29-69d,room7,2025-08-08 17:00:00,64.70833333333333,69.53226931829495
29-69d,room7,2025-08-08 18:00:00,64.75,69.73208245926568
29-69d,room7,2025-08-08 19:00:00,64.79166666666667,70.3640992512535
29-69d,room7,2025-08-09 09:00:00,65.375,90.52427085121572
29-69d,room7,2025-08-09 10:00:00,65.41666666666667,72.3379940509754
29-69d,room7,2025-08-09 11:00:00,65.45833333333333,80.92129746711
29-69d,room7,2025-08-09 12:00:00,65.5,77.31135551640712
29-69d,room7,2025-08-09 13:00:00,65.54166666666667,69.28558867259207
29-69d,room7,2025-08-09 14:00:00,65.58333333333333,71.25165029224029
29-69d,room7,2025-08-09 15:00:00,65.625,69.70039767568139
29-69d,room7,2025-08-09 16:00:00,65.66666666666667,68.65654280597295
29-69d,room7,2025-08-09 17:00:00,65.70833333333333,69.0442988388962
29-69d,room7,2025-08-09 18:00:00,65.75,69.53596285885327
29-69d,room7,2025-08-09 19:00:00,65.79166666666667,70.71698084086104
29-69d,room7,2025-08-10 09:00:00,66.375,86.74352303208653
29-69d,room7,2025-08-10 10:00:00,66.41666666666667,92.48505025678136
29-69d,room7,2025-08-10 11:00:00,66.45833333333333,70.87444288380901
29-69d,room7,2025-08-10 12:00:00,66.5,68.93953187835339
29-69d,room7,2025-08-10 13:00:00,66.54166666666667,67.35416423384757
29-69d,room7,2025-08-10 14:00:00,66.58333333333333,69.3378072322479
29-69d,room7,2025-08-10 15:00:00,66.625,68.58983147059665
29-69d,room7,2025-08-10 16:00:00,66.66666666666667,67.8213512428687
29-69d,room7,2025-08-10 17:00:00,66.70833333333333,69.5648158813284
29-69d,room7,2025-08-10 18:00:00,66.75,67.67805351231529
29-69d,room7,2025-08-10 19:00:00,66.79166666666667,69.04140923248067
29-69d,room7,2025-08-11 09:00:00,67.375,91.44955201779683
29-69d,room7,2025-08-11 10:00:00,67.41666666666667,79.73644427952773
29-69d,room7,2025-08-11 11:00:00,67.45833333333333,70.48494481435836
29-69d,room7,2025-08-11 12:00:00,67.5,68.97018111190764
29-69d,room7,2025-08-11 13:00:00,67.54166666666667,68.02095592650213
29-69d,room7,2025-08-11 14:00:00,67.58333333333333,70.1761369701933
29-69d,room7,2025-08-11 15:00:00,67.625,69.87413995984468
29-69d,room7,2025-08-11 16:00:00,67.66666666666667,68.62266157715477
29-69d,room7,2025-08-11 17:00:00,67.70833333333333,69.96233383000015
29-69d,room7,2025-08-11 18:00:00,67.75,69.83536795385655
29-69d,room7,2025-08-11 19:00:00,67.79166666666667,70.33019259021091
29-69d,room7,2025-08-12 09:00:00,68.375,88.7658896897826
29-69d,room7,2025-08-12 10:00:00,68.41666666666667,93.82679252886795
29-69d,room7,2025-08-12 11:00:00,68.45833333333333,70.31007944264778
29-69d,room7,2025-08-12 12:00:00,68.5,68.92944709221675
69-109d,room2,2025-08-12 13:00:00,68.54166666666667,71.48001541562081
69-109d,room2,2025-08-12 14:00:00,68.58333333333333,70.45501468893035
69-109d,room2,2025-08-12 15:00:00,68.625,72.57858317892452
69-109d,room2,2025-08-12 16:00:00,68.66666666666667,72.81914089966125
69-109d,room2,2025-08-12 17:00:00,68.70833333333333,71.29471774005339
69-109d,room2,2025-08-12 18:00:00,68.75,73.476912980053
69-109d,room2,2025-08-12 19:00:00,68.79166666666667,67.40389311545896
69-109d,room2,2025-08-12 20:00:00,68.83333333333333,70.78939813164264
69-109d,room2,2025-08-13 11:00:00,69.45833333333333,85.73331594476423
69-109d,room2,2025-08-13 12:00:00,69.5,112.24124037469909
69-109d,room2,2025-08-13 13:00:00,69.54166666666667,77.31098732015077
69-109d,room2,2025-08-13 14:00:00,69.58333333333333,75.60989022506357
69-109d,room2,2025-08-13 15:00:00,69.625,73.24053906331832
69-109d,room2,2025-08-13 16:00:00,69.66666666666667,72.86285604764592
69-109d,room2,2025-08-13 17:00:00,69.70833333333333,71.3205233626827
69-109d,room2,2025-08-13 18:00:00,69.75,73.48776346662244
69-109d,room2,2025-08-13 19:00:00,69.79166666666667,70.47382111180436
69-109d,room2,2025-08-13 20:00:00,69.83333333333333,70.25406209377738
69-109d,room2,2025-08-14 10:00:00,70.41666666666667,99.58983624731394
69-109d,room2,2025-08-14 11:00:00,70.45833333333333,104.52935128861452
69-109d,room2,2025-08-14 12:00:00,70.5,72.82322664310706
69-109d,room2,2025-08-14 13:00:00,70.54166666666667,75.0589914816252
69-109d,room2,2025-08-14 14:00:00,70.58333333333333,76.01565094399254
69-109d,room2,2025-08-14 15:00:00,70.625,75.6574355076374
69-109d,room2,2025-08-14 16:00:00,70.66666666666667,75.81704301165075
69-109d,room2,2025-08-14 17:00:00,70.70833333333333,75.91397343313027
69-109d,room2,2025-08-14 18:00:00,70.75,75.00154601200468
69-109d,room2,2025-08-14 19:00:00,70.79166666666667,74.0722429099891
69-109d,room2,2025-08-14 20:00:00,70.83333333333333,84.10057283981146
69-109d,room2,2025-08-16 10:00:00,72.41666666666667,73.47598979714616
69-109d,room2,2025-08-16 11:00:00,72.45833333333333,93.22109160487565
69-109d,room2,2025-08-16 12:00:00,72.5,111.49595792965572
69-109d,room2,2025-08-16 13:00:00,72.54166666666667,112.677125248157
69-109d,room2,2025-08-16 14:00:00,72.58333333333333,115.10248013077963
69-109d,room2,2025-08-16 15:00:00,72.625,107.97500363296376
69-109d,room2,2025-08-16 16:00:00,72.66666666666667,108.08810845299041
69-109d,room2,2025-08-16 17:00:00,72.70833333333333,108.635174534179
69-109d,room2,2025-08-16 18:00:00,72.75,107.78373805067521
69-109d,room2,2025-08-16 19:00:00,72.79166666666667,105.28398616583159
69-109d,room2,2025-08-16 20:00:00,72.83333333333333,108.4935276229486
69-109d,room2,2025-08-17 10:00:00,73.41666666666667,99.7977194348711
69-109d,room2,2025-08-17 11:00:00,73.45833333333333,73.44131679937963
69-109d,room2,2025-08-17 12:00:00,73.5,111.78382396647582
69-109d,room2,2025-08-17 13:00:00,73.54166666666667,112.12506607924611
69-109d,room2,2025-08-17 14:00:00,73.58333333333333,115.05845653946851
69-109d,room2,2025-08-17 15:00:00,73.625,116.30947160737044
69-109d,room2,2025-08-17 16:00:00,73.66666666666667,114.7172991168117
69-109d,room2,2025-08-17 17:00:00,73.70833333333333,99.76806553561705
69-109d,room2,2025-08-17 18:00:00,73.75,98.40053925258097
69-109d,room2,2025-08-17 19:00:00,73.79166666666667,98.27142946007163
69-109d,room2,2025-08-17 20:00:00,73.83333333333333,102.66709263730183
69-109d,room2,2025-08-18 10:00:00,74.41666666666667,79.46294198653358
69-109d,room2,2025-08-18 11:00:00,74.45833333333333,72.8455358851807
69-109d,room2,2025-08-18 12:00:00,74.5,114.41193631781051
69-109d,room2,2025-08-18 13:00:00,74.54166666666667,115.52869664811996
69-109d,room2,2025-08-18 14:00:00,74.58333333333333,108.67827434384861
69-109d,room2,2025-08-18 15:00:00,74.625,114.27574108141424
69-109d,room2,2025-08-18 16:00:00,74.66666666666667,110.12776633367123
69-109d,room2,2025-08-18 17:00:00,74.70833333333333,110.62305014372343
69-109d,room2,2025-08-18 18:00:00,74.75,108.6776298720283
69-109d,room2,2025-08-18 19:00:00,74.79166666666667,107.16829054763006
69-109d,room2,2025-08-18 20:00:00,74.83333333333333,108.620147578751
69-109d,room2,2025-08-23 10:00:00,79.41666666666667,77.06372604908844
69-109d,room2,2025-08-23 11:00:00,79.45833333333333,94.62030391112673
69-109d,room2,2025-08-23 12:00:00,79.5,124.04566768391622
69-109d,room2,2025-08-23 13:00:00,79.54166666666667,120.14248098492999
69-109d,room2,2025-08-23 14:00:00,79.58333333333333,116.97642831704206
69-109d,room2,2025-08-23 15:00:00,79.625,111.25754720324528
69-109d,room2,2025-08-23 16:00:00,79.66666666666667,109.94169740555363
69-109d,room2,2025-08-23 17:00:00,79.70833333333333,108.9150718683443
69-109d,room2,2025-08-23 18:00:00,79.75,112.7492501603283
69-109d,room2,2025-08-23 19:00:00,79.79166666666667,109.80856016439863
69-109d,room2,2025-08-23 20:00:00,79.83333333333333,108.5989622055339
69-109d,room2,2025-08-24 10:00:00,80.41666666666667,87.23778398657743
69-109d,room2,2025-08-24 11:00:00,80.45833333333333,111.42662969032435
69-109d,room2,2025-08-24 12:00:00,80.5,122.47655836795354
69-109d,room2,2025-08-24 13:00:00,80.54166666666667,121.99530200364983
69-109d,room2,2025-08-24 14:00:00,80.58333333333333,119.70140080891615
69-109d,room2,2025-08-24 15:00:00,80.625,120.79804251223618
69-109d,room2,2025-08-24 16:00:00,80.66666666666667,113.53743670162525
69-109d,room2,2025-08-24 17:00:00,80.70833333333333,113.49191584579182
69-109d,room2,2025-08-24 18:00:00,80.75,107.75965252346853
69-109d,room2,2025-08-24 19:00:00,80.79166666666667,109.2389406925029
69-109d,room2,2025-08-24 20:00:00,80.83333333333333,114.53978878786874
69-109d,room2,2025-08-25 10:00:00,81.41666666666667,76.27053212440008
69-109d,room2,2025-08-25 11:00:00,81.45833333333333,87.4759134349583
69-109d,room2,2025-08-25 12:00:00,81.5,128.69844039240155
69-109d,room2,2025-08-25 13:00:00,81.54166666666667,125.50978847703395
69-109d,room2,2025-08-25 14:00:00,81.58333333333333,122.79128319238689
69-109d,room2,2025-08-25 15:00:00,81.625,124.49939595958473
69-109d,room2,2025-08-25 16:00:00,81.66666666666667,126.9823562984671
69-109d,room2,2025-08-25 17:00:00,81.70833333333333,122.8715419510124
69-109d,room2,2025-08-25 18:00:00,81.75,134.03800918221836
69-109d,room2,2025-08-25 19:00:00,81.79166666666667,127.5893249256706
69-109d,room2,2025-08-25 20:00:00,81.83333333333333,131.5808725702584
69-109d,room2,2025-08-26 10:00:00,82.41666666666667,126.23139802515288
69-109d,room2,2025-08-26 11:00:00,82.45833333333333,101.3605539350067
69-109d,room2,2025-08-26 12:00:00,82.5,125.3808626764323
69-109d,room2,2025-08-26 13:00:00,82.54166666666667,125.97142683716115
69-109d,room2,2025-08-26 14:00:00,82.58333333333333,126.16682220914991
69-109d,room2,2025-08-26 15:00:00,82.625,127.67307590231769
69-109d,room2,2025-08-26 16:00:00,82.66666666666667,126.34316143189183
69-109d,room2,2025-08-26 17:00:00,82.70833333333333,130.15342518514123
69-109d,room2,2025-08-26 18:00:00,82.75,129.03222572059576
69-109d,room2,2025-08-26 19:00:00,82.79166666666667,132.12644380447313
69-109d,room2,2025-08-26 20:00:00,82.83333333333333,127.64572766933155
69-109d,room2,2025-08-27 10:00:00,83.41666666666667,99.42423968327036
69-109d,room2,2025-08-27 11:00:00,83.45833333333333,103.64037673236174
69-109d,room2,2025-08-27 12:00:00,83.5,135.21307209003405
69-109d,room2,2025-08-27 13:00:00,83.54166666666667,121.15423963013448
69-109d,room2,2025-08-27 14:00:00,83.58333333333333,132.64190606715675
69-109d,room2,2025-08-27 15:00:00,83.625,133.06663903131295
69-109d,room2,2025-08-27 16:00:00,83.66666666666667,128.6241548154283
69-109d,room2,2025-08-27 17:00:00,83.70833333333333,120.39693150453137
69-109d,room2,2025-08-27 18:00:00,83.75,116.98323130480487
69-109d,room2,2025-08-27 19:00:00,83.79166666666667,116.50426085739977
69-109d,room2,2025-08-27 20:00:00,83.83333333333333,117.60221392568286
69-109d,room2,2025-08-28 10:00:00,84.41666666666667,87.97135788265228
69-109d,room2,2025-08-28 11:00:00,84.45833333333333,78.84360394175843
69-109d,room2,2025-08-28 12:00:00,84.5,123.60706714221104
69-109d,room2,2025-08-28 13:00:00,84.54166666666667,123.79633624803215
69-109d,room2,2025-08-28 14:00:00,84.58333333333333,118.51421569134567
69-109d,room2,2025-08-28 15:00:00,84.625,121.12770867108023
69-109d,room2,2025-08-28 16:00:00,84.66666666666667,123.02305675013322
69-109d,room2,2025-08-28 17:00:00,84.70833333333333,119.43570355130585
69-109d,room2,2025-08-28 18:00:00,84.75,117.69342032025484
69-109d,room2,2025-08-28 19:00:00,84.79166666666667,113.53600041746225
69-109d,room2,2025-08-28 20:00:00,84.83333333333333,119.34893608131873
69-109d,room2,2025-08-29 10:00:00,85.41666666666667,103.43952170834038
69-109d,room2,2025-08-29 11:00:00,85.45833333333333,96.5337042492581
69-109d,room2,2025-08-29 12:00:00,85.5,121.65699959273326
69-109d,room2,2025-08-29 13:00:00,85.54166666666667,121.27195090366435
69-109d,room2,2025-08-29 14:00:00,85.58333333333333,115.7555999430934
69-109d,room2,2025-08-29 15:00:00,85.625,117.27415986008691
69-109d,room2,2025-08-29 16:00:00,85.66666666666667,117.06629109363863
69-109d,room2,2025-08-29 17:00:00,85.70833333333333,116.36631996388012
69-109d,room2,2025-08-29 18:00:00,85.75,115.33310050705946
69-109d,room2,2025-08-29 19:00:00,85.79166666666667,113.40597490830115
69-109d,room2,2025-08-29 20:00:00,85.83333333333333,117.3006692296997
69-109d,room2,2025-08-30 10:00:00,86.41666666666667,96.89735875942988
69-109d,room2,2025-08-30 11:00:00,86.45833333333333,71.37853643803396
69-109d,room2,2025-08-30 12:00:00,86.5,119.96574281988875
69-109d,room2,2025-08-30 13:00:00,86.54166666666667,121.97749449055421
69-109d,room2,2025-08-30 14:00:00,86.58333333333333,114.85081572079258
69-109d,room2,2025-08-30 15:00:00,86.625,116.59019925312457
69-109d,room2,2025-08-30 16:00:00,86.66666666666667,114.97023207605189
69-109d,room2,2025-08-30 17:00:00,86.70833333333333,117.4572424625989
69-109d,room2,2025-08-30 18:00:00,86.75,114.62814730292592
69-109d,room2,2025-08-30 19:00:00,86.79166666666667,107.951793270487
69-109d,room2,2025-08-30 20:00:00,86.83333333333333,112.72860385807077
69-109d,room2,2025-08-31 10:00:00,87.41666666666667,100.84274637398791
69-109d,room2,2025-08-31 11:00:00,87.45833333333333,120.26733974773587
69-109d,room2,2025-08-31 12:00:00,87.5,117.64964029382152
69-109d,room2,2025-08-31 13:00:00,87.54166666666667,121.44813914557216
69-109d,room2,2025-08-31 14:00:00,87.58333333333333,116.07897703686167
69-109d,room2,2025-08-31 15:00:00,87.625,117.56987532807656
69-109d,room2,2025-08-31 16:00:00,87.66666666666667,117.11102248864734
69-109d,room2,2025-08-31 17:00:00,87.70833333333333,114.36336285812035
69-109d,room2,2025-08-31 18:00:00,87.75,115.96392214842899
69-109d,room2,2025-08-31 19:00:00,87.79166666666667,114.81285480093655
69-109d,room2,2025-08-31 20:00:00,87.83333333333333,115.79686386850412
69-109d,room2,2025-09-01 10:00:00,88.41666666666667,96.4680590974238
69-109d,room2,2025-09-01 11:00:00,88.45833333333333,116.0229467904361
69-109d,room2,2025-09-01 12:00:00,88.5,116.62714966420934
69-109d,room2,2025-09-01 13:00:00,88.54166666666667,121.59205369153054
69-109d,room2,2025-09-01 14:00:00,88.58333333333333,115.35705393655033
69-109d,room2,2025-09-01 15:00:00,88.625,118.71948800264308
69-109d,room2,2025-09-01 16:00:00,88.66666666666667,115.30199573212367
69-109d,room2,2025-09-01 17:00:00,88.70833333333333,120.27933004974534
69-109d,room2,2025-09-01 18:00:00,88.75,120.06803970660751
69-109d,room2,2025-09-01 19:00:00,88.79166666666667,117.61759696778242
69-109d,room2,2025-09-01 20:00:00,88.83333333333333,119.37022190385842
69-109d,room2,2025-09-11 10:00:00,98.41666666666667,109.30520808728603
69-109d,room2,2025-09-11 11:00:00,98.45833333333333,88.43698463740088
69-109d,room2,2025-09-11 12:00:00,98.5,130.7723119781966
69-109d,room2,2025-09-11 13:00:00,98.54166666666667,131.59473464833147
69-109d,room2,2025-09-11 14:00:00,98.58333333333333,134.41905475875245
69-109d,room2,2025-09-11 15:00:00,98.625,132.3325423902546
69-109d,room2,2025-09-11 16:00:00,98.66666666666667,133.58797121813882
69-109d,room2,2025-09-11 17:00:00,98.70833333333333,134.07588699148
69-109d,room2,2025-09-17 19:00:00,104.79166666666667,101.27018316732476
69-109d,room2,2025-09-17 20:00:00,104.83333333333333,75.38734909255382
69-109d,room2,2025-09-18 10:00:00,105.41666666666667,75.7226757603945
69-109d,room2,2025-09-18 11:00:00,105.45833333333333,98.0776871386592
69-109d,room2,2025-09-18 12:00:00,105.5,121.07611632156359
69-109d,room2,2025-09-18 13:00:00,105.54166666666667,123.30708093846437
69-109d,room2,2025-09-18 14:00:00,105.58333333333333,113.83007282781155
69-109d,room2,2025-09-18 15:00:00,105.625,113.38569063323762
69-109d,room2,2025-09-18 16:00:00,105.66666666666667,114.48431724541025
69-109d,room2,2025-09-18 17:00:00,105.70833333333333,116.16546666243426
69-109d,room2,2025-09-18 18:00:00,105.75,116.04074573668767
69-109d,room2,2025-09-18 19:00:00,105.79166666666667,113.29376618203699
69-109d,room2,2025-09-18 20:00:00,105.83333333333333,115.75874190984436
69-109d,room2,2025-09-19 10:00:00,106.41666666666667,101.88181397264093
69-109d,room2,2025-09-19 11:00:00,106.45833333333333,119.87486836859236
69-109d,room2,2025-09-19 12:00:00,106.5,116.9826493391924
69-109d,room2,2025-09-19 13:00:00,106.54166666666667,117.38687811172197
69-109d,room2,2025-09-19 14:00:00,106.58333333333333,112.00809502471961
69-109d,room2,2025-09-19 15:00:00,106.625,112.22319608552439
69-109d,room2,2025-09-19 16:00:00,106.66666666666667,112.00568792458726
69-109d,room2,2025-09-19 17:00:00,106.70833333333333,109.57403454370062
69-109d,room2,2025-09-19 18:00:00,106.75,113.69303525482027
69-109d,room2,2025-09-19 19:00:00,106.79166666666667,110.96356479713982
69-109d,room2,2025-09-19 20:00:00,106.83333333333333,115.63474710234752
69-109d,room2,2025-09-20 10:00:00,107.41666666666667,98.7016200356587
69-109d,room2,2025-09-20 11:00:00,107.45833333333333,115.9698791287546
69-109d,room2,2025-09-20 12:00:00,107.5,117.78038136422556
69-109d,room2,2025-09-20 13:00:00,107.54166666666667,118.11330651463965
69-109d,room2,2025-09-20 14:00:00,107.58333333333333,110.12750585024827
69-109d,room2,2025-09-20 15:00:00,107.625,108.36078828425974
69-109d,room2,2025-09-20 16:00:00,107.66666666666667,110.17313729581969
69-109d,room2,2025-09-20 17:00:00,107.70833333333333,111.98094533615557
69-109d,room2,2025-09-20 18:00:00,107.75,113.25775729447997
69-109d,room2,2025-09-20 19:00:00,107.79166666666667,110.54145330618475
69-109d,room2,2025-09-20 20:00:00,107.83333333333333,111.16522009524098
69-109d,room2,2025-09-21 10:00:00,108.41666666666667,99.14138703127341
69-109d,room2,2025-09-21 11:00:00,108.45833333333333,100.09534001737418
69-109d,room2,2025-09-21 12:00:00,108.5,108.89775887062515
69-109d,room2,2025-09-21 13:00:00,108.54166666666667,113.91524740238853
69-109d,room2,2025-09-21 14:00:00,108.58333333333333,107.82893910594268
69-109d,room6,2025-08-12 13:00:00,68.54166666666667,65.82552586755027
69-109d,room6,2025-08-12 14:00:00,68.58333333333333,66.18933428464226
69-109d,room6,2025-08-12 15:00:00,68.625,65.08152954239183
69-109d,room6,2025-08-12 16:00:00,68.66666666666667,66.31046315979232
69-109d,room6,2025-08-12 17:00:00,68.70833333333333,65.8339207065234
69-109d,room6,2025-08-12 18:00:00,68.75,65.16236300594724
69-109d,room6,2025-08-12 19:00:00,68.79166666666667,66.31281207560116
69-109d,room6,2025-08-12 20:00:00,68.83333333333333,67.74191843495282
69-109d,room6,2025-08-13 10:00:00,69.41666666666667,89.42506701193098
69-109d,room6,2025-08-13 11:00:00,69.45833333333333,64.30946972661849
69-109d,room6,2025-08-13 12:00:00,69.5,64.84603944377191
69-109d,room6,2025-08-13 13:00:00,69.54166666666667,62.66169197819626
69-109d,room6,2025-08-13 14:00:00,69.58333333333333,67.05862250028811
69-109d,room6,2025-08-13 15:00:00,69.625,64.70015766338793
69-109d,room6,2025-08-13 16:00:00,69.66666666666667,66.32284508935112
69-109d,room6,2025-08-13 17:00:00,69.70833333333333,65.6226009860674
69-109d,room6,2025-08-13 18:00:00,69.75,65.4585685506083
69-109d,room6,2025-08-13 19:00:00,69.79166666666667,65.87251864984394
69-109d,room6,2025-08-13 20:00:00,69.83333333333333,68.66350132461244
69-109d,room6,2025-08-14 10:00:00,70.41666666666667,71.50215895413027
69-109d,room6,2025-08-14 11:00:00,70.45833333333333,89.70819583158799
69-109d,room6,2025-08-14 12:00:00,70.5,69.81936939031502
69-109d,room6,2025-08-14 13:00:00,70.54166666666667,66.5292085512835
69-109d,room6,2025-08-14 14:00:00,70.58333333333333,62.64549300012891
69-109d,room6,2025-08-14 15:00:00,70.625,70.99056347602328
69-109d,room6,2025-08-14 16:00:00,70.66666666666667,66.90324351142763
69-109d,room6,2025-08-14 17:00:00,70.70833333333333,66.17574147872195
69-109d,room6,2025-08-14 18:00:00,70.75,66.84815087802441
69-109d,room6,2025-08-14 19:00:00,70.79166666666667,66.56618897732152
69-109d,room6,2025-08-14 20:00:00,70.83333333333333,72.90661065057623
69-109d,room6,2025-08-16 10:00:00,72.41666666666667,74.05525408011734
69-109d,room6,2025-08-16 11:00:00,72.45833333333333,71.65793963910421
69-109d,room6,2025-08-16 12:00:00,72.5,67.47904377883397
69-109d,room6,2025-08-16 13:00:00,72.54166666666667,65.3516497491728
69-109d,room6,2025-08-16 14:00:00,72.58333333333333,66.25943086220214
69-109d,room6,2025-08-16 15:00:00,72.625,71.0106280304403
69-109d,room6,2025-08-16 16:00:00,72.66666666666667,71.13197559385434
69-109d,room6,2025-08-16 17:00:00,72.70833333333333,73.95226622076923
69-109d,room6,2025-08-16 18:00:00,72.75,75.65600153768032
69-109d,room6,2025-08-16 19:00:00,72.79166666666667,79.38594123749316
69-109d,room6,2025-08-16 20:00:00,72.83333333333333,89.18583733860831
69-109d,room6,2025-08-17 10:00:00,73.41666666666667,74.44922826666861
69-109d,room6,2025-08-17 11:00:00,73.45833333333333,81.73540515744477
69-109d,room6,2025-08-17 12:00:00,73.5,74.7364356248995
69-109d,room6,2025-08-17 13:00:00,73.54166666666667,74.07363247692028
69-109d,room6,2025-08-17 14:00:00,73.58333333333333,73.47325857427037
69-109d,room6,2025-08-17 15:00:00,73.625,75.70372199385301
69-109d,room6,2025-08-17 16:00:00,73.66666666666667,73.61980848671895
69-109d,room6,2025-08-17 17:00:00,73.70833333333333,74.0871999856318
69-109d,room6,2025-08-17 18:00:00,73.75,70.91339071294735
69-109d,room6,2025-08-17 19:00:00,73.79166666666667,72.17895926100434
69-109d,room6,2025-08-17 20:00:00,73.83333333333333,78.46267354744819
69-109d,room6,2025-08-18 10:00:00,74.41666666666667,77.49915957069425
69-109d,room6,2025-08-18 11:00:00,74.45833333333333,82.1896694937097
69-109d,room6,2025-08-18 12:00:00,74.5,80.36478532690512
69-109d,room6,2025-08-18 13:00:00,74.54166666666667,75.90043575589101
69-109d,room6,2025-08-18 14:00:00,74.58333333333333,76.8022545060289
69-109d,room6,2025-08-18 15:00:00,74.625,77.41079681253721
69-109d,room6,2025-08-18 16:00:00,74.66666666666667,78.96735363090879
69-109d,room6,2025-08-18 17:00:00,74.70833333333333,87.79975917335643
69-109d,room6,2025-08-18 18:00:00,74.75,87.71020249371897
69-109d,room6,2025-08-18 19:00:00,74.79166666666667,89.96636499042837
69-109d,room6,2025-08-18 20:00:00,74.83333333333333,92.12667098773903
69-109d,room6,2025-08-23 10:00:00,79.41666666666667,86.0001894060932
69-109d,room6,2025-08-23 11:00:00,79.45833333333333,100.42092603765522
69-109d,room6,2025-08-23 12:00:00,79.5,83.89174948452171
69-109d,room6,2025-08-23 13:00:00,79.54166666666667,83.67526715714109
69-109d,room6,2025-08-23 14:00:00,79.58333333333333,87.34796491426584
69-109d,room6,2025-08-23 15:00:00,79.625,89.60596828807914
69-109d,room6,2025-08-23 16:00:00,79.66666666666667,89.27996364145034
69-109d,room6,2025-08-23 17:00:00,79.70833333333333,92.52711783976036
69-109d,room6,2025-08-23 18:00:00,79.75,94.60914109093933
69-109d,room6,2025-08-23 19:00:00,79.79166666666667,92.76476471082835
69-109d,room6,2025-08-23 20:00:00,79.83333333333333,104.0730051077318
69-109d,room6,2025-08-24 10:00:00,80.41666666666667,95.74000472926137
69-109d,room6,2025-08-24 11:00:00,80.45833333333333,119.41869484084641
69-109d,room6,2025-08-24 12:00:00,80.5,84.27002069320827
69-109d,room6,2025-08-24 13:00:00,80.54166666666667,89.56144743765176
69-109d,room6,2025-08-24 14:00:00,80.58333333333333,90.54088767312184
69-109d,room6,2025-08-24 15:00:00,80.625,92.4443827891381
69-109d,room6,2025-08-24 16:00:00,80.66666666666667,92.50600336418455
69-109d,room6,2025-08-24 17:00:00,80.70833333333333,93.21494350236406
69-109d,room6,2025-08-24 18:00:00,80.75,104.80515629800917
69-109d,room6,2025-08-24 19:00:00,80.79166666666667,103.31903804690444
69-109d,room6,2025-08-24 20:00:00,80.83333333333333,104.75284192573103
69-109d,room6,2025-08-25 10:00:00,81.41666666666667,96.47159695873566
69-109d,room6,2025-08-25 11:00:00,81.45833333333333,91.61408436832217
69-109d,room6,2025-08-25 12:00:00,81.5,95.46056745969088
69-109d,room6,2025-08-25 13:00:00,81.54166666666667,93.43172267015558
69-109d,room6,2025-08-25 14:00:00,81.58333333333333,97.10830540622848
69-109d,room6,2025-08-25 15:00:00,81.625,97.98499557222765
69-109d,room6,2025-08-25 16:00:00,81.66666666666667,105.14660820341032
69-109d,room6,2025-08-25 17:00:00,81.70833333333333,103.92864886908079
69-109d,room6,2025-08-25 18:00:00,81.75,105.76298002379991
69-109d,room6,2025-08-25 19:00:00,81.79166666666667,101.71125591152013
69-109d,room6,2025-08-25 20:00:00,81.83333333333333,108.31061021077542
69-109d,room6,2025-08-26 10:00:00,82.41666666666667,114.00986154422297
69-109d,room6,2025-08-26 11:00:00,82.45833333333333,106.15220060032624
69-109d,room6,2025-08-26 12:00:00,82.5,101.76177568374992
69-109d,room6,2025-08-26 13:00:00,82.54166666666667,93.11025125040912
69-109d,room6,2025-08-26 14:00:00,82.58333333333333,94.46749850416855
69-109d,room6,2025-08-26 15:00:00,82.625,95.71770132986033
69-109d,room6,2025-08-26 16:00:00,82.66666666666667,104.46110833143506
69-109d,room6,2025-08-26 17:00:00,82.70833333333333,102.806094191133
69-109d,room6,2025-08-26 18:00:00,82.75,101.80788566068321
69-109d,room6,2025-08-26 19:00:00,82.79166666666667,101.81079572915226
69-109d,room6,2025-08-26 20:00:00,82.83333333333333,101.48628776912965
69-109d,room6,2025-08-27 10:00:00,83.41666666666667,110.0221676058096
69-109d,room6,2025-08-27 11:00:00,83.45833333333333,116.10436712145048
69-109d,room6,2025-08-27 12:00:00,83.5,94.30574492316376
69-109d,room6,2025-08-27 13:00:00,83.54166666666667,101.13859334741643
69-109d,room6,2025-08-27 14:00:00,83.58333333333333,101.3232386217524
69-109d,room6,2025-08-27 15:00:00,83.625,101.65074340018612
69-109d,room6,2025-08-27 16:00:00,83.66666666666667,96.73128361971415
69-109d,room6,2025-08-27 17:00:00,83.70833333333333,98.83508806715655
69-109d,room6,2025-08-27 18:00:00,83.75,96.52618919779476
69-109d,room6,2025-08-27 19:00:00,83.79166666666667,102.63483173732801
69-109d,room6,2025-08-27 20:00:00,83.83333333333333,101.04927538267131
69-109d,room6,2025-08-28 10:00:00,84.41666666666667,114.70750908109376
69-109d,room6,2025-08-28 11:00:00,84.45833333333333,109.56979906948635
69-109d,room6,2025-08-28 12:00:00,84.5,99.02091889200756
69-109d,room6,2025-08-28 13:00:00,84.54166666666667,95.45019254417328
69-109d,room6,2025-08-28 14:00:00,84.58333333333333,94.39561803315078
69-109d,room6,2025-08-28 15:00:00,84.625,92.6021764824552
69-109d,room6,2025-08-28 16:00:00,84.66666666666667,94.26573100626737
69-109d,room6,2025-08-28 17:00:00,84.70833333333333,91.24216814873438
69-109d,room6,2025-08-28 18:00:00,84.75,95.78053309984742
69-109d,room6,2025-08-28 19:00:00,84.79166666666667,101.93439673904007
69-109d,room6,2025-08-28 20:00:00,84.83333333333333,93.01322545490497
69-109d,room6,2025-08-29 10:00:00,85.41666666666667,88.31942507052003
69-109d,room6,2025-08-29 11:00:00,85.45833333333333,110.87928558998097
69-109d,room6,2025-08-29 12:00:00,85.5,91.36218182542176
69-109d,room6,2025-08-29 13:00:00,85.54166666666667,99.20096331742405
69-109d,room6,2025-08-29 14:00:00,85.58333333333333,102.8185405653165
69-109d,room6,2025-08-29 15:00:00,85.625,98.93144566246642
69-109d,room6,2025-08-29 16:00:00,85.66666666666667,104.20763744389711
69-109d,room6,2025-08-29 17:00:00,85.70833333333333,101.28931879250567
69-109d,room6,2025-08-29 18:00:00,85.75,104.56088770570305
69-109d,room6,2025-08-29 19:00:00,85.79166666666667,102.79559825625833
69-109d,room6,2025-08-29 20:00:00,85.83333333333333,99.20293524276492
69-109d,room6,2025-08-30 10:00:00,86.41666666666667,84.29007377492205
69-109d,room6,2025-08-30 11:00:00,86.45833333333333,92.03999235143326
69-109d,room6,2025-08-30 12:00:00,86.5,105.67012668010429
69-109d,room6,2025-08-30 13:00:00,86.54166666666667,112.71057259978015
69-109d,room6,2025-08-30 14:00:00,86.58333333333333,105.35641224898384
69-109d,room6,2025-08-30 15:00:00,86.625,117.1667330487418
69-109d,room6,2025-08-30 16:00:00,86.66666666666667,106.5235526196205
69-109d,room6,2025-08-30 17:00:00,86.70833333333333,110.18007673616798
69-109d,room6,2025-08-30 18:00:00,86.75,102.68931744406946
69-109d,room6,2025-08-30 19:00:00,86.79166666666667,102.37944181583134
69-109d,room6,2025-08-30 20:00:00,86.83333333333333,107.62952637463898
69-109d,room6,2025-08-31 10:00:00,87.41666666666667,102.61396495737577
69-109d,room6,2025-08-31 11:00:00,87.45833333333333,105.61044571913757
69-109d,room6,2025-08-31 12:00:00,87.5,102.92640779328498
69-109d,room6,2025-08-31 13:00:00,87.54166666666667,104.69288419448031
69-109d,room6,2025-08-31 14:00:00,87.58333333333333,109.6456669207974
69-109d,room6,2025-08-31 15:00:00,87.625,106.2284908424562
69-109d,room6,2025-08-31 16:00:00,87.66666666666667,104.45503807700308
69-109d,room6,2025-08-31 17:00:00,87.70833333333333,106.42700132375087
69-109d,room6,2025-08-31 18:00:00,87.75,106.42992835328018
69-109d,room6,2025-08-31 19:00:00,87.79166666666667,104.73285182491914
69-109d,room6,2025-08-31 20:00:00,87.83333333333333,114.58233443001231
69-109d,room6,2025-09-01 10:00:00,88.41666666666667,123.33720076221347
69-109d,room6,2025-09-01 11:00:00,88.45833333333333,82.6646279065053
69-109d,room6,2025-09-01 12:00:00,88.5,110.9188503892522
69-109d,room6,2025-09-01 13:00:00,88.54166666666667,107.33832010915621
69-109d,room6,2025-09-01 14:00:00,88.58333333333333,109.14272055546466
69-109d,room6,2025-09-05 10:00:00,92.41666666666667,100.7452519692286
69-109d,room6,2025-09-05 11:00:00,92.45833333333333,83.4097658691055
69-109d,room6,2025-09-05 17:00:00,92.70833333333333,112.07848985312397
69-109d,room6,2025-09-06 10:00:00,93.41666666666667,101.83007191643443
69-109d,room6,2025-09-06 11:00:00,93.45833333333333,96.44958301241242
69-109d,room6,2025-09-06 12:00:00,93.5,123.66523063756559
69-109d,room6,2025-09-06 13:00:00,93.54166666666667,126.69933146563297
69-109d,room6,2025-09-06 14:00:00,93.58333333333333,115.98886989026953
69-109d,room6,2025-09-06 15:00:00,93.625,118.50594553453226
69-109d,room6,2025-09-06 16:00:00,93.66666666666667,118.44050781071434
69-109d,room6,2025-09-06 17:00:00,93.70833333333333,120.79170376823329
69-109d,room6,2025-09-06 18:00:00,93.75,117.98618973111928
69-109d,room6,2025-09-06 19:00:00,93.79166666666667,121.45990184185081
69-109d,room6,2025-09-06 20:00:00,93.83333333333333,119.23446130187146
69-109d,room6,2025-09-07 10:00:00,94.41666666666667,86.87952359486316
69-109d,room6,2025-09-07 11:00:00,94.45833333333333,119.79696989175412
69-109d,room6,2025-09-07 12:00:00,94.5,114.89691122082964
69-109d,room6,2025-09-07 13:00:00,94.54166666666667,109.9315857080115
69-109d,room6,2025-09-07 14:00:00,94.58333333333333,113.1107101650373
69-109d,room6,2025-09-07 15:00:00,94.625,113.67648056830616
69-109d,room6,2025-09-07 16:00:00,94.66666666666667,114.89939904598853
69-109d,room6,2025-09-07 17:00:00,94.70833333333333,100.81837721543798
69-109d,room6,2025-09-07 18:00:00,94.75,99.62755826988325
69-109d,room6,2025-09-07 19:00:00,94.79166666666667,110.25194622678443
69-109d,room6,2025-09-07 20:00:00,94.83333333333333,111.5729823297725
69-109d,room6,2025-09-08 10:00:00,95.41666666666667,100.66158071727988
69-109d,room6,2025-09-08 11:00:00,95.45833333333333,106.05631916077652
69-109d,room6,2025-09-08 12:00:00,95.5,115.26838878388328
69-109d,room6,2025-09-08 13:00:00,95.54166666666667,108.26144811600032
69-109d,room6,2025-09-08 14:00:00,95.58333333333333,110.39624526143918
69-109d,room6,2025-09-08 15:00:00,95.625,114.77930596904865
69-109d,room6,2025-09-09 18:00:00,96.75,107.7579892808884
69-109d,room6,2025-09-09 19:00:00,96.79166666666667,115.219834804889
69-109d,room6,2025-09-09 20:00:00,96.83333333333333,91.58398579180098
69-109d,room6,2025-09-09 21:00:00,96.875,132.26069392128505
69-109d,room6,2025-09-10 10:00:00,97.41666666666667,129.7609394395259
69-109d,room6,2025-09-10 11:00:00,97.45833333333333,95.47171293578145
69-109d,room6,2025-09-10 12:00:00,97.5,118.33182978738895
69-109d,room6,2025-09-10 13:00:00,97.54166666666667,115.50981514579979
69-109d,room6,2025-09-10 14:00:00,97.58333333333333,117.63438154537859
69-109d,room6,2025-09-10 15:00:00,97.625,116.78032769202821
69-109d,room6,2025-09-10 16:00:00,97.66666666666667,116.08776023694918
69-109d,room6,2025-09-10 17:00:00,97.70833333333333,119.50367206278266
69-109d,room6,2025-09-10 18:00:00,97.75,121.69986959190966
69-109d,room6,2025-09-10 19:00:00,97.79166666666667,121.11900471427555
69-109d,room6,2025-09-10 20:00:00,97.83333333333333,122.3520437327504
69-109d,room6,2025-09-11 10:00:00,98.41666666666667,94.28375662744759
69-109d,room6,2025-09-11 11:00:00,98.45833333333333,132.47808854997726
69-109d,room6,2025-09-11 12:00:00,98.5,119.25640190198676
69-109d,room6,2025-09-11 13:00:00,98.54166666666667,121.71989625463655
69-109d,room6,2025-09-11 14:00:00,98.58333333333333,117.07341192686259
69-109d,room6,2025-09-17 16:00:00,104.66666666666667,132.32507383966006
69-109d,room6,2025-09-17 17:00:00,104.70833333333333,76.45047430958277
69-109d,room6,2025-09-17 18:00:00,104.75,120.89208846580838
69-109d,room6,2025-09-17 19:00:00,104.79166666666667,116.4754214209418
69-109d,room6,2025-09-17 20:00:00,104.83333333333333,122.22433998188599
69-109d,room6,2025-09-18 10:00:00,105.41666666666667,126.24111689340637
69-109d,room6,2025-09-18 11:00:00,105.45833333333333,108.05514006677406
69-109d,room6,2025-09-18 12:00:00,105.5,113.04059553978503
69-109d,room6,2025-09-18 13:00:00,105.54166666666667,111.95993395880627
69-109d,room6,2025-09-18 14:00:00,105.58333333333333,113.84382379336847
69-109d,room6,2025-09-18 15:00:00,105.625,114.80093733386771
69-109d,room6,2025-09-18 16:00:00,105.66666666666667,115.58065781565314
69-109d,room6,2025-09-18 17:00:00,105.70833333333333,114.63723867701816
69-109d,room6,2025-09-18 18:00:00,105.75,115.35361478450962
69-109d,room6,2025-09-18 19:00:00,105.79166666666667,114.3867705646708
69-109d,room6,2025-09-18 20:00:00,105.83333333333333,120.33664725477031
69-109d,room6,2025-09-19 10:00:00,106.41666666666667,112.93177470776621
69-109d,room7,2025-08-12 13:00:00,68.54166666666667,71.26338890204765
69-109d,room7,2025-08-12 14:00:00,68.58333333333333,67.67208324905037
69-109d,room7,2025-08-12 15:00:00,68.625,68.78988221985747
69-109d,room7,2025-08-12 16:00:00,68.66666666666667,70.30621348601113
69-109d,room7,2025-08-12 17:00:00,68.70833333333333,71.22427906232555
69-109d,room7,2025-08-12 18:00:00,68.75,73.12265662052229
69-109d,room7,2025-08-12 19:00:00,68.79166666666667,74.27297441476131
69-109d,room7,2025-08-13 09:00:00,69.375,85.42418648115746
69-109d,room7,2025-08-13 10:00:00,69.41666666666667,67.26161895852393
69-109d,room7,2025-08-13 11:00:00,69.45833333333333,69.42198732470835
69-109d,room7,2025-08-13 12:00:00,69.5,70.64260308759287
69-109d,room7,2025-08-13 13:00:00,69.54166666666667,71.55472150242252
69-109d,room7,2025-08-13 14:00:00,69.58333333333333,71.20053315848094
69-109d,room7,2025-08-13 15:00:00,69.625,73.43248047580494
69-109d,room7,2025-08-13 16:00:00,69.66666666666667,72.04432955220281
69-109d,room7,2025-08-13 17:00:00,69.70833333333333,70.76523204435803
69-109d,room7,2025-08-13 18:00:00,69.75,74.2024731333819
69-109d,room7,2025-08-13 19:00:00,69.79166666666667,73.97693939109658
69-109d,room7,2025-08-14 09:00:00,70.375,79.38818427785993
69-109d,room7,2025-08-14 10:00:00,70.41666666666667,96.94807585877673
69-109d,room7,2025-08-14 11:00:00,70.45833333333333,69.87010291578567
69-109d,room7,2025-08-14 12:00:00,70.5,75.78810540832873
69-109d,room7,2025-08-14 13:00:00,70.54166666666667,75.95141346979824
69-109d,room7,2025-08-14 14:00:00,70.58333333333333,77.19932297223731
69-109d,room7,2025-08-14 15:00:00,70.625,76.62822834604852
69-109d,room7,2025-08-14 16:00:00,70.66666666666667,76.76693452222021
69-109d,room7,2025-08-14 17:00:00,70.70833333333333,75.8495729412935
69-109d,room7,2025-08-14 18:00:00,70.75,76.43336585235814
69-109d,room7,2025-08-14 19:00:00,70.79166666666667,72.8206811189871
69-109d,room7,2025-08-16 09:00:00,72.375,53.35043560398494
69-109d,room7,2025-08-16 10:00:00,72.41666666666667,75.14328757844046
69-109d,room7,2025-08-16 11:00:00,72.45833333333333,91.37305883771056
69-109d,room7,2025-08-16 12:00:00,72.5,95.23379018698094
69-109d,room7,2025-08-16 13:00:00,72.54166666666667,90.3538758488117
69-109d,room7,2025-08-16 14:00:00,72.58333333333333,98.62151273125666
69-109d,room7,2025-08-16 15:00:00,72.625,96.13391050235639
69-109d,room7,2025-08-16 16:00:00,72.66666666666667,95.64162326122603
69-109d,room7,2025-08-16 17:00:00,72.70833333333333,93.10637718588255
69-109d,room7,2025-08-16 18:00:00,72.75,98.59904348785713
69-109d,room7,2025-08-16 19:00:00,72.79166666666667,98.13637090048553
69-109d,room7,2025-08-17 09:00:00,73.375,73.23865235552708
69-109d,room7,2025-08-17 10:00:00,73.41666666666667,73.36529758790905
69-109d,room7,2025-08-17 11:00:00,73.45833333333333,102.55691338393713
69-109d,room7,2025-08-17 12:00:00,73.5,93.8284001699394
69-109d,room7,2025-08-17 13:00:00,73.54166666666667,94.61673477517265
69-109d,room7,2025-08-17 14:00:00,73.58333333333333,92.43283715782059
69-109d,room7,2025-08-17 15:00:00,73.625,94.70037836739345
69-109d,room7,2025-08-17 16:00:00,73.66666666666667,91.09247512692546
69-109d,room7,2025-08-17 17:00:00,73.70833333333333,93.5425251648245
69-109d,room7,2025-08-17 18:00:00,73.75,94.64076946588658
69-109d,room7,2025-08-17 19:00:00,73.79166666666667,92.80030995874436
69-109d,room7,2025-08-18 09:00:00,74.375,83.2417539270949
69-109d,room7,2025-08-18 10:00:00,74.41666666666667,73.11082747941808
69-109d,room7,2025-08-18 11:00:00,74.45833333333333,94.18146638187635
69-109d,room7,2025-08-18 12:00:00,74.5,93.7470453191498
69-109d,room7,2025-08-18 13:00:00,74.54166666666667,90.74969823213185
69-109d,room7,2025-08-18 14:00:00,74.58333333333333,94.93791589814839
69-109d,room7,2025-08-18 15:00:00,74.625,96.4030047013935
69-109d,room7,2025-08-18 16:00:00,74.66666666666667,94.21135588932427
69-109d,room7,2025-08-18 17:00:00,74.70833333333333,94.3560999769061
69-109d,room7,2025-08-18 18:00:00,74.75,96.66432726532045
69-109d,room7,2025-08-18 19:00:00,74.79166666666667,101.2595741775331
69-109d,room7,2025-08-19 09:00:00,75.375,92.32331717561443
69-109d,room7,2025-08-19 10:00:00,75.41666666666667,86.72932597111645
69-109d,room7,2025-08-19 11:00:00,75.45833333333333,89.59347291545109
69-109d,room7,2025-08-19 12:00:00,75.5,96.92333338421568
69-109d,room7,2025-08-19 13:00:00,75.54166666666667,95.99373752570942
69-109d,room7,2025-08-19 14:00:00,75.58333333333333,93.9798332638315
69-109d,room7,2025-08-19 15:00:00,75.625,103.72800142944988
69-109d,room7,2025-08-19 16:00:00,75.66666666666667,130.43831187111812
69-109d,room7,2025-08-19 17:00:00,75.70833333333333,137.86612127109507
69-109d,room7,2025-08-19 18:00:00,75.75,134.58489279138274
69-109d,room7,2025-08-19 19:00:00,75.79166666666667,134.4275433990727
69-109d,room7,2025-08-23 09:00:00,79.375,62.51478531954327
69-109d,room7,2025-08-23 10:00:00,79.41666666666667,117.39221940498547
69-109d,room7,2025-08-23 11:00:00,79.45833333333333,105.42402961735452
69-109d,room7,2025-08-23 12:00:00,79.5,105.95290186165866
69-109d,room7,2025-08-23 13:00:00,79.54166666666667,112.04625909498134
69-109d,room7,2025-08-23 14:00:00,79.58333333333333,110.43141238840464
69-109d,room7,2025-08-23 15:00:00,79.625,110.46651346288668
69-109d,room7,2025-08-23 16:00:00,79.66666666666667,114.10352468052412
69-109d,room7,2025-08-23 17:00:00,79.70833333333333,113.80777645761133
69-109d,room7,2025-08-23 18:00:00,79.75,118.12637901318011
69-109d,room7,2025-08-23 19:00:00,79.79166666666667,110.23102523535714
69-109d,room7,2025-08-24 09:00:00,80.375,89.1567041171868
69-109d,room7,2025-08-24 10:00:00,80.41666666666667,82.49927007388605
69-109d,room7,2025-08-24 11:00:00,80.45833333333333,114.39222172425401
69-109d,room7,2025-08-24 12:00:00,80.5,116.33768351534233
69-109d,room7,2025-08-24 13:00:00,80.54166666666667,118.13359942838487
69-109d,room7,2025-08-24 14:00:00,80.58333333333333,114.38084898748805
69-109d,room7,2025-08-24 15:00:00,80.625,111.92184003327695
69-109d,room7,2025-08-24 16:00:00,80.66666666666667,112.35646356174395
69-109d,room7,2025-08-24 17:00:00,80.70833333333333,114.19453181909297
69-109d,room7,2025-08-24 18:00:00,80.75,115.41895950356958
69-109d,room7,2025-08-24 19:00:00,80.79166666666667,113.57847299921127
69-109d,room7,2025-08-25 09:00:00,81.375,77.61744007892844
69-109d,room7,2025-08-25 10:00:00,81.41666666666667,83.9493488162935
69-109d,room7,2025-08-25 11:00:00,81.45833333333333,108.52135928921953
69-109d,room7,2025-08-25 12:00:00,81.5,119.14013513304047
69-109d,room7,2025-08-25 13:00:00,81.54166666666667,117.57806909140459
69-109d,room7,2025-08-25 14:00:00,81.58333333333333,122.5649100294739
69-109d,room7,2025-08-25 15:00:00,81.625,117.39479943047876
69-109d,room7,2025-08-25 16:00:00,81.66666666666667,117.99479822625774
69-109d,room7,2025-08-25 17:00:00,81.70833333333333,113.75647978806293
69-109d,room7,2025-08-25 18:00:00,81.75,110.65479710221673
69-109d,room7,2025-08-25 19:00:00,81.79166666666667,109.94374081281063
69-109d,room7,2025-08-26 09:00:00,82.375,102.50685265676613
69-109d,room7,2025-08-26 10:00:00,82.41666666666667,112.32435493771443
69-109d,room7,2025-08-26 11:00:00,82.45833333333333,114.35932896510413
69-109d,room7,2025-08-26 12:00:00,82.5,112.92913098894851
69-109d,room7,2025-08-26 13:00:00,82.54166666666667,109.41624335492914
69-109d,room7,2025-08-26 14:00:00,82.58333333333333,101.74654310202662
69-109d,room7,2025-08-26 15:00:00,82.625,110.86203576253683
69-109d,room7,2025-08-26 16:00:00,82.66666666666667,116.68475734184193
69-109d,room7,2025-08-26 17:00:00,82.70833333333333,113.80990119720774
69-109d,room7,2025-08-26 18:00:00,82.75,114.32911669747061
69-109d,room7,2025-08-26 19:00:00,82.79166666666667,108.8033987947193
69-109d,room7,2025-08-27 09:00:00,83.375,89.67739786742374
69-109d,room7,2025-08-27 10:00:00,83.41666666666667,101.32359016785762
69-109d,room7,2025-08-27 11:00:00,83.45833333333333,103.05829160198024
69-109d,room7,2025-08-27 12:00:00,83.5,106.37358425925368
69-109d,room7,2025-08-27 13:00:00,83.54166666666667,110.97949232841644
69-109d,room7,2025-08-27 14:00:00,83.58333333333333,110.97356517444597
69-109d,room7,2025-08-27 15:00:00,83.625,112.37148628524434
69-109d,room7,2025-08-27 16:00:00,83.66666666666667,114.54049913037073
69-109d,room7,2025-08-27 17:00:00,83.70833333333333,112.82418762322894
69-109d,room7,2025-08-27 18:00:00,83.75,115.27672523041171
69-109d,room7,2025-08-27 19:00:00,83.79166666666667,111.09166485256802
69-109d,room7,2025-08-28 09:00:00,84.375,90.33457741457735
69-109d,room7,2025-08-28 10:00:00,84.41666666666667,103.42206251121343
69-109d,room7,2025-08-28 11:00:00,84.45833333333333,107.79412549139533
69-109d,room7,2025-08-28 12:00:00,84.5,113.74088582264812
69-109d,room7,2025-08-28 13:00:00,84.54166666666667,109.17468691822371
69-109d,room7,2025-08-28 14:00:00,84.58333333333333,111.71463408911855
69-109d,room7,2025-08-28 15:00:00,84.625,116.15288346539464
69-109d,room7,2025-08-28 16:00:00,84.66666666666667,119.49604379886419
69-109d,room7,2025-08-28 17:00:00,84.70833333333333,112.6715888177933
69-109d,room7,2025-08-28 18:00:00,84.75,115.59985982228835
69-109d,room7,2025-08-28 19:00:00,84.79166666666667,110.38842636322666
69-109d,room7,2025-08-29 09:00:00,85.375,120.5136165947267
69-109d,room7,2025-08-29 10:00:00,85.41666666666667,106.78649843799681
69-109d,room7,2025-08-29 11:00:00,85.45833333333333,107.72547649230405
69-109d,room7,2025-08-29 12:00:00,85.5,116.7750101739692
69-109d,room7,2025-08-29 13:00:00,85.54166666666667,113.50041769259118
69-109d,room7,2025-08-29 14:00:00,85.58333333333333,113.55238405380445
69-109d,room7,2025-08-29 15:00:00,85.625,107.9847240792699
69-109d,room7,2025-08-29 16:00:00,85.66666666666667,117.24439548090913
69-109d,room7,2025-08-29 17:00:00,85.70833333333333,109.0245818620083
69-109d,room7,2025-08-29 18:00:00,85.75,115.71519935217765
69-109d,room7,2025-08-29 19:00:00,85.79166666666667,115.59048012101172
69-109d,room7,2025-08-30 09:00:00,86.375,111.45295650734705
69-109d,room7,2025-08-30 10:00:00,86.41666666666667,104.33809303122774
69-109d,room7,2025-08-30 11:00:00,86.45833333333333,115.73336152470209
69-109d,room7,2025-08-30 12:00:00,86.5,118.87341553803182
69-109d,room7,2025-08-30 13:00:00,86.54166666666667,113.64557972600655
69-109d,room7,2025-08-30 14:00:00,86.58333333333333,114.46280249360925
69-109d,room7,2025-08-30 15:00:00,86.625,112.98248757806502
69-109d,room7,2025-08-30 16:00:00,86.66666666666667,114.89809464353189
69-109d,room7,2025-08-30 17:00:00,86.70833333333333,116.65008732968285
69-109d,room7,2025-08-30 18:00:00,86.75,111.7940702019899
69-109d,room7,2025-08-30 19:00:00,86.79166666666667,115.49681419318819
69-109d,room7,2025-08-31 09:00:00,87.375,92.6025476162629
69-109d,room7,2025-08-31 10:00:00,87.41666666666667,95.46043727667667
69-109d,room7,2025-08-31 11:00:00,87.45833333333333,108.19255933787667
69-109d,room7,2025-08-31 12:00:00,87.5,114.13188549299412
69-109d,room7,2025-08-31 13:00:00,87.54166666666667,113.52289623910761
69-109d,room7,2025-08-31 14:00:00,87.58333333333333,106.78600401233724
69-109d,room7,2025-08-31 15:00:00,87.625,112.58818613630298
69-109d,room7,2025-08-31 16:00:00,87.66666666666667,116.29123754342189
69-109d,room7,2025-08-31 17:00:00,87.70833333333333,115.03181317088118
69-109d,room7,2025-08-31 18:00:00,87.75,116.0370964409763
69-109d,room7,2025-08-31 19:00:00,87.79166666666667,113.71929707379917
69-109d,room7,2025-09-01 09:00:00,88.375,96.70926862115819
69-109d,room7,2025-09-01 10:00:00,88.41666666666667,103.23317623349294
69-109d,room7,2025-09-01 11:00:00,88.45833333333333,107.57391074148087
69-109d,room7,2025-09-01 12:00:00,88.5,110.35579009805141
69-109d,room7,2025-09-01 13:00:00,88.54166666666667,112.6226827916133
69-109d,room7,2025-09-01 14:00:00,88.58333333333333,107.41374932154676
69-109d,room7,2025-09-01 15:00:00,88.625,112.99043977125893
69-109d,room7,2025-09-01 16:00:00,88.66666666666667,119.77117820065554
69-109d,room7,2025-09-01 17:00:00,88.70833333333333,112.88395942052641
69-109d,room7,2025-09-01 18:00:00,88.75,113.70787831894796
69-109d,room7,2025-09-01 19:00:00,88.79166666666667,118.63931762551573
69-109d,room7,2025-09-02 09:00:00,89.375,95.3115586148723
69-109d,room7,2025-09-02 10:00:00,89.41666666666667,113.15078501505616
69-109d,room7,2025-09-02 11:00:00,89.45833333333333,109.82245753505566
69-109d,room7,2025-09-02 12:00:00,89.5,115.3467367221406
69-109d,room7,2025-09-02 13:00:00,89.54166666666667,112.36026379863705
69-109d,room7,2025-09-02 14:00:00,89.58333333333333,105.23620995611543
69-109d,room7,2025-09-02 15:00:00,89.625,111.96952212922876
69-109d,room7,2025-09-02 16:00:00,89.66666666666667,116.4008200788803
69-109d,room7,2025-09-02 17:00:00,89.70833333333333,119.86656174485174
69-109d,room7,2025-09-02 18:00:00,89.75,119.13496644852087
69-109d,room7,2025-09-02 19:00:00,89.79166666666667,119.85928006563428
69-109d,room7,2025-09-03 09:00:00,90.375,102.26317699933269
69-109d,room7,2025-09-03 10:00:00,90.41666666666667,111.27328777759033
69-109d,room7,2025-09-03 11:00:00,90.45833333333333,107.21775254651045
69-109d,room7,2025-09-03 12:00:00,90.5,120.48281297920352
69-109d,room7,2025-09-03 13:00:00,90.54166666666667,116.12459626902663
69-109d,room7,2025-09-03 14:00:00,90.58333333333333,109.01557826968288
69-109d,room7,2025-09-03 15:00:00,90.625,112.2005265613403
69-109d,room7,2025-09-03 16:00:00,90.66666666666667,118.47006028779127
69-109d,room7,2025-09-03 17:00:00,90.70833333333333,117.04495485263291
69-109d,room7,2025-09-03 18:00:00,90.75,121.89093529598094
69-109d,room7,2025-09-03 19:00:00,90.79166666666667,118.44781870030056
69-109d,room7,2025-09-04 09:00:00,91.375,105.37829370512398
69-109d,room7,2025-09-04 10:00:00,91.41666666666667,101.35060392650959
69-109d,room7,2025-09-04 11:00:00,91.45833333333333,104.8411034533613
69-109d,room7,2025-09-04 12:00:00,91.5,120.43064124942752
69-109d,room7,2025-09-04 13:00:00,91.54166666666667,119.43620980545732
69-109d,room7,2025-09-04 14:00:00,91.58333333333333,115.8438297248398
69-109d,room7,2025-09-04 15:00:00,91.625,116.02829001394336
69-109d,room7,2025-09-04 16:00:00,91.66666666666667,118.84055248125183
69-109d,room7,2025-09-04 17:00:00,91.70833333333333,120.06556778209512
69-109d,room7,2025-09-04 18:00:00,91.75,119.94013028923086
69-109d,room7,2025-09-04 19:00:00,91.79166666666667,120.54925703779308
69-109d,room7,2025-09-05 09:00:00,92.375,83.82348060263575
69-109d,room7,2025-09-05 10:00:00,92.41666666666667,76.81167991733305
69-109d,room7,2025-09-05 11:00:00,92.45833333333333,112.81782527454625
69-109d,room7,2025-09-05 12:00:00,92.5,123.07022787475364
69-109d,room7,2025-09-05 13:00:00,92.54166666666667,120.53515420768666
69-109d,room7,2025-09-05 14:00:00,92.58333333333333,112.65712389539156
69-109d,room7,2025-09-05 15:00:00,92.625,119.55720697739973
69-109d,room7,2025-09-05 17:00:00,92.70833333333333,115.87810984786275
69-109d,room7,2025-09-05 18:00:00,92.75,121.30379856578868
69-109d,room7,2025-09-06 09:00:00,93.375,89.05192047247873
69-109d,room7,2025-09-06 10:00:00,93.41666666666667,103.28834399496168
69-109d,room7,2025-09-06 11:00:00,93.45833333333333,119.41418590569141
69-109d,room7,2025-09-06 12:00:00,93.5,120.33737400953929
69-109d,room7,2025-09-06 13:00:00,93.54166666666667,117.15995160327846
69-109d,room7,2025-09-06 14:00:00,93.58333333333333,117.45020583422712
69-109d,room7,2025-09-06 15:00:00,93.625,114.28028062342665
69-109d,room7,2025-09-06 16:00:00,93.66666666666667,125.77614231674907
69-109d,room7,2025-09-06 17:00:00,93.70833333333333,122.66017315791736
69-109d,room7,2025-09-06 18:00:00,93.75,123.65786454961072
69-109d,room7,2025-09-06 19:00:00,93.79166666666667,121.18993390742148
69-109d,room7,2025-09-07 09:00:00,94.375,85.89250238252635
69-109d,room7,2025-09-07 10:00:00,94.41666666666667,106.88786778270064
69-109d,room7,2025-09-07 11:00:00,94.45833333333333,111.49121005771116
69-109d,room7,2025-09-07 12:00:00,94.5,116.27026690867768
69-109d,room7,2025-09-07 13:00:00,94.54166666666667,110.43352586524816
69-109d,room7,2025-09-07 14:00:00,94.58333333333333,113.82075439482153
69-109d,room7,2025-09-07 15:00:00,94.625,113.63642880462807
69-109d,room7,2025-09-07 16:00:00,94.66666666666667,120.50412735195272
69-109d,room7,2025-09-07 17:00:00,94.70833333333333,114.25430855193711
69-109d,room7,2025-09-07 18:00:00,94.75,116.88207656662581
69-109d,room7,2025-09-07 19:00:00,94.79166666666667,115.99330226063303
69-109d,room7,2025-09-08 09:00:00,95.375,91.17454120144717
69-109d,room7,2025-09-08 10:00:00,95.41666666666667,115.32958476962679
69-109d,room7,2025-09-08 11:00:00,95.45833333333333,113.47758872032544
69-109d,room7,2025-09-08 12:00:00,95.5,116.03614467212114
69-109d,room7,2025-09-08 13:00:00,95.54166666666667,118.13616952914941
69-109d,room7,2025-09-08 14:00:00,95.58333333333333,110.10032225865574
69-109d,room7,2025-09-08 15:00:00,95.625,112.86202493098764
69-109d,room7,2025-09-08 16:00:00,95.66666666666667,118.15522452409797
69-109d,room7,2025-09-08 17:00:00,95.70833333333333,119.11429882195243
69-109d,room7,2025-09-08 18:00:00,95.75,118.47488256975454
69-109d,room7,2025-09-08 19:00:00,95.79166666666667,113.26401325964059
69-109d,room7,2025-09-09 09:00:00,96.375,100.27899250449246
69-109d,room7,2025-09-09 10:00:00,96.41666666666667,119.9767926775359
69-109d,room7,2025-09-09 11:00:00,96.45833333333333,112.80294305395887
69-109d,room7,2025-09-09 12:00:00,96.5,115.96842047645426
69-109d,room7,2025-09-09 13:00:00,96.54166666666667,110.89591973065814
69-109d,room7,2025-09-09 14:00:00,96.58333333333333,112.83183623829106
69-109d,room7,2025-09-09 15:00:00,96.625,114.29550673017904
69-109d,room7,2025-09-09 16:00:00,96.66666666666667,114.70280253486744
69-109d,room7,2025-09-09 17:00:00,96.70833333333333,118.17529530368435
69-109d,room7,2025-09-09 18:00:00,96.75,114.50021817649043
69-109d,room7,2025-09-09 19:00:00,96.79166666666667,112.35726009050772
69-109d,room7,2025-09-10 09:00:00,97.375,121.32126671509236
69-109d,room7,2025-09-10 10:00:00,97.41666666666667,101.80963334751289
69-109d,room7,2025-09-10 11:00:00,97.45833333333333,120.43988118476982
69-109d,room7,2025-09-10 12:00:00,97.5,121.00502829378146
69-109d,room7,2025-09-10 13:00:00,97.54166666666667,121.41001635031492
69-109d,room7,2025-09-10 14:00:00,97.58333333333333,120.73613883642079
69-109d,room7,2025-09-10 15:00:00,97.625,115.6451130583416
69-109d,room7,2025-09-10 16:00:00,97.66666666666667,121.49819020894401
69-109d,room7,2025-09-10 17:00:00,97.70833333333333,120.55955194006567
69-109d,room7,2025-09-10 18:00:00,97.75,118.73171594305757
69-109d,room7,2025-09-10 19:00:00,97.79166666666667,112.78445105500329
69-109d,room7,2025-09-11 09:00:00,98.375,95.04881565752818
69-109d,room7,2025-09-11 10:00:00,98.41666666666667,103.89083975911056
69-109d,room7,2025-09-11 11:00:00,98.45833333333333,120.35704839198753
69-109d,room7,2025-09-11 12:00:00,98.5,119.39516963658008
69-109d,room7,2025-09-11 13:00:00,98.54166666666667,115.76528761661103
69-109d,room7,2025-09-11 14:00:00,98.58333333333333,115.85432617542554
69-109d,room7,2025-09-11 15:00:00,98.625,117.43138619001938
69-109d,room7,2025-09-11 16:00:00,98.66666666666667,124.09508251979281
69-109d,room7,2025-09-11 17:00:00,98.70833333333333,127.0539859710863
69-109d,room7,2025-09-11 18:00:00,98.75,125.45693855053183
69-109d,room7,2025-09-11 19:00:00,98.79166666666667,119.49674172534944
69-109d,room7,2025-09-12 09:00:00,99.375,94.2885910847137
69-109d,room7,2025-09-12 10:00:00,99.41666666666667,113.12559110005941
69-109d,room7,2025-09-12 11:00:00,99.45833333333333,119.91528921330966
69-109d,room7,2025-09-12 12:00:00,99.5,118.47821474168813
69-109d,room7,2025-09-12 13:00:00,99.54166666666667,118.43698204412937
69-109d,room7,2025-09-12 14:00:00,99.58333333333333,118.0695046665578
69-109d,room7,2025-09-12 15:00:00,99.625,122.61575088475936
69-109d,room7,2025-09-12 16:00:00,99.66666666666667,121.95378410172675
69-109d,room7,2025-09-12 17:00:00,99.70833333333333,118.47697536956983
69-109d,room7,2025-09-12 18:00:00,99.75,121.17343445627981
69-109d,room7,2025-09-12 19:00:00,99.79166666666667,118.20097808271058
69-109d,room7,2025-09-13 09:00:00,100.375,125.77032378063734
69-109d,room7,2025-09-13 10:00:00,100.41666666666667,119.07823582100396
69-109d,room7,2025-09-13 11:00:00,100.45833333333333,115.71996212157286
69-109d,room7,2025-09-13 12:00:00,100.5,115.63374351997335
69-109d,room7,2025-09-13 13:00:00,100.54166666666667,113.49847601860459
69-109d,room7,2025-09-13 14:00:00,100.58333333333333,113.17173172888494
69-109d,room7,2025-09-13 15:00:00,100.625,112.41299899303645
69-109d,room7,2025-09-13 16:00:00,100.66666666666667,116.10033115083604
69-109d,room7,2025-09-13 17:00:00,100.70833333333333,116.73516784955693
69-109d,room7,2025-09-13 18:00:00,100.75,117.4471392268966
69-109d,room7,2025-09-13 19:00:00,100.79166666666667,114.58354192682887
69-109d,room7,2025-09-14 09:00:00,101.375,113.89187666393782
69-109d,room7,2025-09-14 10:00:00,101.41666666666667,115.44786800032264
69-109d,room7,2025-09-14 11:00:00,101.45833333333333,115.05424147644901
69-109d,room7,2025-09-14 12:00:00,101.5,116.51598962966449
69-109d,room7,2025-09-14 13:00:00,101.54166666666667,120.84267208168173
69-109d,room7,2025-09-14 14:00:00,101.58333333333333,120.76888553010133
69-109d,room7,2025-09-14 15:00:00,101.625,119.77210032832048
69-109d,room7,2025-09-14 16:00:00,101.66666666666667,124.13078666136889
69-109d,room7,2025-09-14 17:00:00,101.70833333333333,125.12787864861373
69-109d,room7,2025-09-14 18:00:00,101.75,124.49569211490895
69-109d,room7,2025-09-14 19:00:00,101.79166666666667,129.90655895894778
69-109d,room7,2025-09-15 09:00:00,102.375,104.70982832659058
69-109d,room7,2025-09-15 10:00:00,102.41666666666667,124.85444007231224
69-109d,room7,2025-09-15 11:00:00,102.45833333333333,108.85444468061799
69-109d,room7,2025-09-15 12:00:00,102.5,107.26576408214683
69-109d,room7,2025-09-15 13:00:00,102.54166666666667,108.35608339333197
69-109d,room7,2025-09-15 14:00:00,102.58333333333333,108.21696184154776
69-109d,room7,2025-09-15 15:00:00,102.625,109.96143339103762
69-109d,room7,2025-09-15 16:00:00,102.66666666666667,114.15375669325968
69-109d,room7,2025-09-15 17:00:00,102.70833333333333,117.90213241629854
69-109d,room7,2025-09-15 18:00:00,102.75,117.77608351615092
69-109d,room7,2025-09-15 19:00:00,102.79166666666667,115.23931232602611
69-109d,room7,2025-09-16 09:00:00,103.375,101.71163287900104
69-109d,room7,2025-09-16 10:00:00,103.41666666666667,106.86884866195733
69-109d,room7,2025-09-16 11:00:00,103.45833333333333,110.2251731896959
69-109d,room7,2025-09-16 12:00:00,103.5,114.20425943888328
69-109d,room7,2025-09-16 13:00:00,103.54166666666667,111.89421788952896
69-109d,room7,2025-09-16 14:00:00,103.58333333333333,112.49235816713927
69-109d,room7,2025-09-16 15:00:00,103.625,111.10789609115413
69-109d,room7,2025-09-16 16:00:00,103.66666666666667,122.14906424087468
69-109d,room7,2025-09-16 17:00:00,103.70833333333333,119.6803418354677
69-109d,room7,2025-09-16 18:00:00,103.75,119.74700138684913
69-109d,room7,2025-09-16 19:00:00,103.79166666666667,115.97844897771435
69-109d,room7,2025-09-17 09:00:00,104.375,96.97665611527587
69-109d,room7,2025-09-17 10:00:00,104.41666666666667,118.0174480818829
69-109d,room7,2025-09-17 11:00:00,104.45833333333333,107.5140910757072
69-109d,room7,2025-09-17 12:00:00,104.5,118.54382585038842
69-109d,room7,2025-09-17 13:00:00,104.54166666666667,104.17703619019314
69-109d,room7,2025-09-17 14:00:00,104.58333333333333,106.99089964081527
69-109d,room7,2025-09-17 15:00:00,104.625,110.95214672945124
69-109d,room7,2025-09-17 16:00:00,104.66666666666667,114.7885211717223
69-109d,room7,2025-09-17 17:00:00,104.70833333333333,114.40481175418101
69-109d,room7,2025-09-17 18:00:00,104.75,115.93952170171595
69-109d,room7,2025-09-17 19:00:00,104.79166666666667,113.43128493300956
69-109d,room7,2025-09-18 09:00:00,105.375,102.28539739553881
69-109d,room7,2025-09-18 10:00:00,105.41666666666667,107.2464256401638
69-109d,room7,2025-09-18 11:00:00,105.45833333333333,110.5042511882308
69-109d,room7,2025-09-18 12:00:00,105.5,108.96446218650895
69-109d,room7,2025-09-18 13:00:00,105.54166666666667,107.72010840563486
69-109d,room7,2025-09-18 14:00:00,105.58333333333333,113.95318370158941
69-109d,room7,2025-09-18 15:00:00,105.625,109.52966202784343
69-109d,room7,2025-09-18 16:00:00,105.66666666666667,116.56300920000973
69-109d,room7,2025-09-18 17:00:00,105.70833333333333,102.49790890657228
69-109d,room7,2025-09-18 18:00:00,105.75,108.06694799383062
69-109d,room7,2025-09-18 19:00:00,105.79166666666667,110.1883131275664
69-109d,room7,2025-09-19 09:00:00,106.375,88.93166157347899
69-109d,room7,2025-09-19 10:00:00,106.41666666666667,112.29423095760649
69-109d,room7,2025-09-19 11:00:00,106.45833333333333,112.60653344782372
69-109d,room7,2025-09-19 12:00:00,106.5,112.38733331436305
69-109d,room7,2025-09-19 13:00:00,106.54166666666667,109.59886613105235
69-109d,room7,2025-09-19 14:00:00,106.58333333333333,101.91282989268564
69-109d,room7,2025-09-19 15:00:00,106.625,110.6884508327907
69-109d,room7,2025-09-19 16:00:00,106.66666666666667,117.60879852017293
69-109d,room7,2025-09-19 17:00:00,106.70833333333333,108.22330277955099
69-109d,room7,2025-09-19 18:00:00,106.75,110.22244812708102
69-109d,room7,2025-09-19 19:00:00,106.79166666666667,110.23619150734976
69-109d,room7,2025-09-20 09:00:00,107.375,124.52270621878985
69-109d,room7,2025-09-20 10:00:00,107.41666666666667,125.62351515019732
69-109d,room7,2025-09-20 11:00:00,107.45833333333333,117.44847527964795
69-109d,room7,2025-09-20 12:00:00,107.5,117.75275528507058
69-109d,room7,2025-09-20 13:00:00,107.54166666666667,116.2213731876242
69-109d,room7,2025-09-20 14:00:00,107.58333333333333,111.76261577772674
69-109d,room7,2025-09-20 15:00:00,107.625,114.84164596721166
69-109d,room7,2025-09-20 16:00:00,107.66666666666667,113.3683242538753
69-109d,room7,2025-09-20 17:00:00,107.70833333333333,107.4435976275235
69-109d,room7,2025-09-20 18:00:00,107.75,108.03620164282479
69-109d,room7,2025-09-20 19:00:00,107.79166666666667,114.68436337723797
69-109d,room7,2025-09-21 09:00:00,108.375,129.27546395912609
69-109d,room7,2025-09-21 10:00:00,108.41666666666667,133.91606401208827
69-109d,room7,2025-09-21 11:00:00,108.45833333333333,115.8870839236895
69-109d,room7,2025-09-21 12:00:00,108.5,113.31481790283351
69-109d,room7,2025-09-21 13:00:00,108.54166666666667,114.24303929097785
69-109d,room7,2025-09-21 14:00:00,108.58333333333333,113.75336471225246
109-137d,room2,2025-09-21 15:00:00,108.625,103.92713509920776
109-137d,room2,2025-09-21 16:00:00,108.66666666666667,105.636534220952
109-137d,room2,2025-09-21 17:00:00,108.70833333333333,105.68028674722494
109-137d,room2,2025-09-21 18:00:00,108.75,107.05123520794191
109-137d,room2,2025-09-21 19:00:00,108.79166666666667,107.17652626560863
109-137d,room2,2025-09-21 20:00:00,108.83333333333333,106.34658088722836
109-137d,room2,2025-09-22 10:00:00,109.41666666666667,98.65612671316086
109-137d,room2,2025-09-22 11:00:00,109.45833333333333,102.51449130245156
109-137d,room2,2025-09-22 12:00:00,109.5,102.78361672058327
109-137d,room2,2025-09-22 13:00:00,109.54166666666667,100.97355946550952
109-137d,room2,2025-09-22 14:00:00,109.58333333333333,102.98166848684014
109-137d,room2,2025-09-22 15:00:00,109.625,101.93373866052112
109-137d,room2,2025-09-22 16:00:00,109.66666666666667,102.93002227912473
109-137d,room2,2025-09-22 17:00:00,109.70833333333333,101.67806096157557
109-137d,room2,2025-09-22 18:00:00,109.75,106.43893177336992
109-137d,room2,2025-09-22 19:00:00,109.79166666666667,106.61651236488525
109-137d,room2,2025-09-23 10:00:00,110.41666666666667,107.77441629099555
109-137d,room2,2025-09-23 11:00:00,110.45833333333333,90.88014595072326
109-137d,room2,2025-09-23 12:00:00,110.5,110.48030899948347
109-137d,room2,2025-09-23 13:00:00,110.54166666666667,108.49292119447412
109-137d,room2,2025-09-23 14:00:00,110.58333333333333,107.54185272380192
109-137d,room2,2025-09-23 15:00:00,110.625,104.45795059402226
109-137d,room2,2025-09-23 16:00:00,110.66666666666667,108.15999536040697
109-137d,room2,2025-09-23 17:00:00,110.70833333333333,109.00226687072103
109-137d,room2,2025-09-23 18:00:00,110.75,108.92295772448352
109-137d,room2,2025-09-23 19:00:00,110.79166666666667,107.55223403207326
109-137d,room2,2025-09-23 20:00:00,110.83333333333333,105.38463050420664
109-137d,room2,2025-09-24 10:00:00,111.41666666666667,95.06890321783165
109-137d,room2,2025-09-24 11:00:00,111.45833333333333,86.4844026549499
109-137d,room2,2025-09-24 12:00:00,111.5,108.82439791670633
109-137d,room2,2025-09-24 13:00:00,111.54166666666667,105.47689541340095
109-137d,room2,2025-09-24 14:00:00,111.58333333333333,105.655080722433
109-137d,room2,2025-09-24 15:00:00,111.625,105.97931237675868
109-137d,room2,2025-09-24 16:00:00,111.66666666666667,105.49066283178819
109-137d,room2,2025-09-24 17:00:00,111.70833333333333,109.52467570182988
109-137d,room2,2025-09-24 18:00:00,111.75,108.42311549336084
109-137d,room2,2025-09-24 19:00:00,111.79166666666667,108.00421217145507
109-137d,room2,2025-09-24 20:00:00,111.83333333333333,116.19600436082118
109-137d,room2,2025-09-25 10:00:00,112.41666666666667,91.09738886565805
109-137d,room2,2025-09-25 11:00:00,112.45833333333333,122.95730682005569
109-137d,room2,2025-09-25 12:00:00,112.5,107.73555978187414
109-137d,room2,2025-09-25 13:00:00,112.54166666666667,107.09159969772276
109-137d,room2,2025-09-25 14:00:00,112.58333333333333,110.22274170557147
109-137d,room2,2025-09-25 15:00:00,112.625,110.17828352389552
109-137d,room2,2025-09-25 16:00:00,112.66666666666667,107.13921057994457
109-137d,room2,2025-09-25 17:00:00,112.70833333333333,109.77173334163248
109-137d,room2,2025-09-25 18:00:00,112.75,110.87684257970288
109-137d,room2,2025-09-25 19:00:00,112.79166666666667,110.0065855264749
109-137d,room2,2025-09-25 20:00:00,112.83333333333333,111.65011877616827
109-137d,room2,2025-09-26 10:00:00,113.41666666666667,100.5985201818601
109-137d,room2,2025-09-26 11:00:00,113.45833333333333,108.41685779856772
109-137d,room2,2025-09-26 12:00:00,113.5,124.49922787521766
109-137d,room2,2025-09-26 13:00:00,113.54166666666667,119.76056365405279
109-137d,room2,2025-09-26 14:00:00,113.58333333333333,114.41409726809121
109-137d,room2,2025-09-26 15:00:00,113.625,111.35319936881469
109-137d,room2,2025-09-26 16:00:00,113.66666666666667,112.96699059516452
109-137d,room2,2025-09-26 17:00:00,113.70833333333333,110.81006754731064
109-137d,room2,2025-09-26 18:00:00,113.75,110.84176152828586
109-137d,room2,2025-09-26 19:00:00,113.79166666666667,108.72989910748043
109-137d,room2,2025-09-26 20:00:00,113.83333333333333,108.60896968934098
109-137d,room2,2025-09-27 10:00:00,114.41666666666667,113.57113888460866
109-137d,room2,2025-09-27 11:00:00,114.45833333333333,134.47156568503303
109-137d,room2,2025-09-27 12:00:00,114.5,113.87795594710676
109-137d,room2,2025-09-27 13:00:00,114.54166666666667,107.39909826600143
109-137d,room2,2025-09-27 14:00:00,114.58333333333333,110.37947452815907
109-137d,room2,2025-09-27 15:00:00,114.625,106.07001449594935
109-137d,room2,2025-09-27 16:00:00,114.66666666666667,107.75918063268797
109-137d,room2,2025-09-27 17:00:00,114.70833333333333,113.13661726075736
109-137d,room2,2025-09-27 18:00:00,114.75,114.97695486058298
109-137d,room2,2025-09-27 19:00:00,114.79166666666667,113.89216843525116
109-137d,room2,2025-09-27 20:00:00,114.83333333333333,116.9044476198561
109-137d,room2,2025-09-29 10:00:00,116.41666666666667,75.26362815099019
109-137d,room2,2025-09-29 11:00:00,116.45833333333333,83.22414956050007
109-137d,room2,2025-09-29 12:00:00,116.5,129.805916768376
109-137d,room2,2025-09-29 13:00:00,116.54166666666667,117.42473474159195
109-137d,room2,2025-09-29 14:00:00,116.58333333333333,119.66742567174643
109-137d,room2,2025-09-29 15:00:00,116.625,115.59109067796044
109-137d,room2,2025-09-29 16:00:00,116.66666666666667,108.29324176118796
109-137d,room2,2025-09-29 17:00:00,116.70833333333333,111.33923509966515
109-137d,room2,2025-09-29 18:00:00,116.75,113.28219281051126
109-137d,room2,2025-09-29 19:00:00,116.79166666666667,111.74426676720367
109-137d,room2,2025-09-29 20:00:00,116.83333333333333,126.45776128947927
109-137d,room2,2025-09-30 10:00:00,117.41666666666667,83.87235747195525
109-137d,room2,2025-09-30 11:00:00,117.45833333333333,80.96877602847732
109-137d,room2,2025-09-30 12:00:00,117.5,121.6951126763863
109-137d,room2,2025-09-30 13:00:00,117.54166666666667,112.41335313325379
109-137d,room2,2025-09-30 14:00:00,117.58333333333333,112.70163660771352
109-137d,room2,2025-09-30 15:00:00,117.625,113.62333767247327
109-137d,room2,2025-09-30 16:00:00,117.66666666666667,115.98065124453396
109-137d,room2,2025-09-30 17:00:00,117.70833333333333,113.1283934192181
109-137d,room2,2025-09-30 18:00:00,117.75,115.13644234099698
109-137d,room2,2025-09-30 19:00:00,117.79166666666667,114.37392092290982
109-137d,room2,2025-09-30 20:00:00,117.83333333333333,115.2171589677943
109-137d,room2,2025-10-01 10:00:00,118.41666666666667,97.02401612106857
109-137d,room2,2025-10-01 11:00:00,118.45833333333333,132.91025401466342
109-137d,room2,2025-10-01 12:00:00,118.5,116.13087608258631
109-137d,room2,2025-10-01 13:00:00,118.54166666666667,112.74529213243832
109-137d,room2,2025-10-01 14:00:00,118.58333333333333,113.65682202559793
109-137d,room2,2025-10-01 15:00:00,118.625,117.2907777283484
109-137d,room2,2025-10-01 16:00:00,118.66666666666667,137.26038055518447
109-137d,room2,2025-10-01 17:00:00,118.70833333333333,136.22655299741973
109-137d,room2,2025-10-01 18:00:00,118.75,137.5586004747458
109-137d,room2,2025-10-01 19:00:00,118.79166666666667,136.3604241063616
109-137d,room2,2025-10-01 20:00:00,118.83333333333333,136.79719326733692
109-137d,room2,2025-10-02 09:00:00,119.375,79.36490434506989
109-137d,room2,2025-10-02 10:00:00,119.41666666666667,110.31696123268283
109-137d,room2,2025-10-02 11:00:00,119.45833333333333,121.98503943134165
109-137d,room2,2025-10-02 12:00:00,119.5,115.6597113490717
109-137d,room2,2025-10-02 13:00:00,119.54166666666667,113.75678620853957
109-137d,room2,2025-10-02 14:00:00,119.58333333333333,117.62004588125298
109-137d,room2,2025-10-02 15:00:00,119.625,118.3237073108316
109-137d,room2,2025-10-02 16:00:00,119.66666666666667,115.12593141040156
109-137d,room2,2025-10-02 17:00:00,119.70833333333333,117.38504852588754
109-137d,room2,2025-10-02 18:00:00,119.75,114.82438504820674
109-137d,room2,2025-10-02 19:00:00,119.79166666666667,124.40219747477003
109-137d,room2,2025-10-03 09:00:00,120.375,112.0128249249353
109-137d,room2,2025-10-03 10:00:00,120.41666666666667,104.91938963442267
109-137d,room2,2025-10-03 11:00:00,120.45833333333333,117.35089468555964
109-137d,room2,2025-10-03 12:00:00,120.5,113.98968251231179
109-137d,room2,2025-10-03 13:00:00,120.54166666666667,113.29961027145455
109-137d,room2,2025-10-03 14:00:00,120.58333333333333,113.75765318736258
109-137d,room2,2025-10-03 15:00:00,120.625,121.7772146908257
109-137d,room2,2025-10-03 16:00:00,120.66666666666667,135.39796273430375
109-137d,room2,2025-10-03 17:00:00,120.70833333333333,138.31538663248296
109-137d,room2,2025-10-03 18:00:00,120.75,138.65395384551613
109-137d,room2,2025-10-03 19:00:00,120.79166666666667,136.92515319372512
109-137d,room2,2025-10-04 09:00:00,121.375,109.83894557207479
109-137d,room2,2025-10-04 10:00:00,121.41666666666667,109.15743708908475
109-137d,room2,2025-10-04 11:00:00,121.45833333333333,121.29625267025094
109-137d,room2,2025-10-04 12:00:00,121.5,118.92094795416256
109-137d,room2,2025-10-04 13:00:00,121.54166666666667,113.00156964275897
109-137d,room2,2025-10-04 14:00:00,121.58333333333333,113.18972854260406
109-137d,room2,2025-10-04 15:00:00,121.625,112.54501684850099
109-137d,room2,2025-10-04 16:00:00,121.66666666666667,110.67066222172214
109-137d,room2,2025-10-04 17:00:00,121.70833333333333,117.72380236731067
109-137d,room2,2025-10-04 18:00:00,121.75,132.54185943458793
109-137d,room2,2025-10-04 19:00:00,121.79166666666667,139.50812933005218
109-137d,room2,2025-10-05 09:00:00,122.375,132.68039002325366
109-137d,room2,2025-10-05 10:00:00,122.41666666666667,134.84995874084316
109-137d,room2,2025-10-05 11:00:00,122.45833333333333,126.77880809061705
109-137d,room2,2025-10-05 12:00:00,122.5,121.05121666930162
109-137d,room2,2025-10-05 13:00:00,122.54166666666667,112.28982406403529
109-137d,room2,2025-10-05 14:00:00,122.58333333333333,112.53452372377136
109-137d,room2,2025-10-05 15:00:00,122.625,114.4385082828824
109-137d,room2,2025-10-05 16:00:00,122.66666666666667,113.04023239837393
109-137d,room2,2025-10-05 17:00:00,122.70833333333333,118.64792297435368
109-137d,room2,2025-10-05 18:00:00,122.75,118.00200437316714
109-137d,room2,2025-10-05 19:00:00,122.79166666666667,144.25011322702238
109-137d,room2,2025-10-06 09:00:00,123.375,93.63982208001131
109-137d,room2,2025-10-06 10:00:00,123.41666666666667,110.37804671139004
109-137d,room2,2025-10-06 11:00:00,123.45833333333333,125.80903567603434
109-137d,room2,2025-10-06 12:00:00,123.5,116.90876572848966
109-137d,room2,2025-10-06 13:00:00,123.54166666666667,115.98576134903888
109-137d,room2,2025-10-06 14:00:00,123.58333333333333,120.50540490582048
109-137d,room2,2025-10-06 15:00:00,123.625,115.18203307147589
109-137d,room2,2025-10-06 16:00:00,123.66666666666667,129.07624950262326
109-137d,room2,2025-10-06 17:00:00,123.70833333333333,143.59820429280794
109-137d,room2,2025-10-06 18:00:00,123.75,148.28622460923415
109-137d,room2,2025-10-06 19:00:00,123.79166666666667,145.86389630258643
109-137d,room2,2025-10-07 09:00:00,124.375,112.36517007573222
109-137d,room2,2025-10-07 10:00:00,124.41666666666667,115.56439904238314
109-137d,room2,2025-10-07 11:00:00,124.45833333333333,129.4861329598663
109-137d,room2,2025-10-07 12:00:00,124.5,125.20544241698343
109-137d,room2,2025-10-07 13:00:00,124.54166666666667,124.59540497029194
109-137d,room2,2025-10-07 14:00:00,124.58333333333333,123.9363077192177
109-137d,room2,2025-10-07 15:00:00,124.625,119.83344278485275
109-137d,room2,2025-10-07 16:00:00,124.66666666666667,121.70021352427904
109-137d,room2,2025-10-07 17:00:00,124.70833333333333,119.93687368362845
109-137d,room2,2025-10-07 18:00:00,124.75,114.02265004984366
109-137d,room2,2025-10-07 19:00:00,124.79166666666667,120.38964013975432
109-137d,room2,2025-10-08 09:00:00,125.375,103.291859811082
109-137d,room2,2025-10-08 10:00:00,125.41666666666667,83.41968275560428
109-137d,room2,2025-10-08 11:00:00,125.45833333333333,131.91341571521397
109-137d,room2,2025-10-08 12:00:00,125.5,127.74823068516211
109-137d,room2,2025-10-08 13:00:00,125.54166666666667,124.72015248115459
109-137d,room2,2025-10-08 14:00:00,125.58333333333333,125.6525434676738
109-137d,room2,2025-10-08 15:00:00,125.625,122.87132251291418
109-137d,room2,2025-10-08 16:00:00,125.66666666666667,120.09426467927898
109-137d,room2,2025-10-08 17:00:00,125.70833333333333,117.66692068132626
109-137d,room2,2025-10-08 18:00:00,125.75,110.44819558664635
109-137d,room2,2025-10-08 19:00:00,125.79166666666667,122.53562220987774
109-137d,room2,2025-10-09 09:00:00,126.375,144.07301444834073
109-137d,room2,2025-10-09 10:00:00,126.41666666666667,137.42180031928058
109-137d,room2,2025-10-09 11:00:00,126.45833333333333,131.877480289021
109-137d,room2,2025-10-09 12:00:00,126.5,130.67849407819998
109-137d,room2,2025-10-09 13:00:00,126.54166666666667,124.62372423888505
109-137d,room2,2025-10-09 14:00:00,126.58333333333333,124.9014662076094
109-137d,room2,2025-10-09 15:00:00,126.625,126.06139795492562
109-137d,room2,2025-10-09 16:00:00,126.66666666666667,124.64125751697739
109-137d,room2,2025-10-09 17:00:00,126.70833333333333,125.91001142743401
109-137d,room2,2025-10-09 18:00:00,126.75,126.0935343908066
109-137d,room2,2025-10-09 19:00:00,126.79166666666667,142.051793571618
109-137d,room2,2025-10-09 20:00:00,126.83333333333333,145.27100150948223
109-137d,room2,2025-10-10 09:00:00,127.375,147.34639294335238
109-137d,room2,2025-10-10 10:00:00,127.41666666666667,114.81276717978945
109-137d,room2,2025-10-10 11:00:00,127.45833333333333,128.22431306984834
109-137d,room2,2025-10-10 12:00:00,127.5,129.15924435687052
109-137d,room2,2025-10-10 13:00:00,127.54166666666667,124.51795663422072
109-137d,room2,2025-10-10 14:00:00,127.58333333333333,127.44382579456018
109-137d,room2,2025-10-10 15:00:00,127.625,125.59571429967896
109-137d,room2,2025-10-10 16:00:00,127.66666666666667,124.02850248769306
109-137d,room2,2025-10-10 17:00:00,127.70833333333333,114.85105836374314
109-137d,room2,2025-10-10 18:00:00,127.75,114.14488023281481
109-137d,room2,2025-10-10 19:00:00,127.79166666666667,115.61129839247303
109-137d,room2,2025-10-10 20:00:00,127.83333333333333,140.87759427918456
109-137d,room2,2025-10-11 09:00:00,128.375,113.60242961355692
109-137d,room2,2025-10-11 10:00:00,128.41666666666666,97.9875321158137
109-137d,room2,2025-10-11 11:00:00,128.45833333333334,126.53177318234786
109-137d,room2,2025-10-11 12:00:00,128.5,127.5155087161645
109-137d,room2,2025-10-11 13:00:00,128.54166666666666,124.0991485800658
109-137d,room2,2025-10-11 14:00:00,128.58333333333334,124.11098264217485
109-137d,room2,2025-10-11 15:00:00,128.625,126.12696638762887
109-137d,room2,2025-10-11 16:00:00,128.66666666666666,124.62452360360126
109-137d,room2,2025-10-11 17:00:00,128.70833333333334,120.90785175776593
109-137d,room2,2025-10-11 18:00:00,128.75,124.7398245208866
109-137d,room2,2025-10-11 19:00:00,128.79166666666666,124.24546671147951
109-137d,room2,2025-10-11 20:00:00,128.83333333333334,140.50434685261095
109-137d,room2,2025-10-12 09:00:00,129.375,122.61154213147258
109-137d,room2,2025-10-12 10:00:00,129.41666666666666,107.28822409261944
109-137d,room2,2025-10-12 11:00:00,129.45833333333334,128.75328168189947
109-137d,room2,2025-10-12 12:00:00,129.5,129.26245817033927
109-137d,room2,2025-10-12 13:00:00,129.54166666666666,125.91419081253872
109-137d,room2,2025-10-12 14:00:00,129.58333333333334,125.68197649257597
109-137d,room2,2025-10-12 15:00:00,129.625,126.66050240012974
109-137d,room2,2025-10-12 16:00:00,129.66666666666666,123.06227684039737
109-137d,room2,2025-10-12 17:00:00,129.70833333333334,121.59862595354127
109-137d,room2,2025-10-12 18:00:00,129.75,123.0651639988716
109-137d,room2,2025-10-12 19:00:00,129.79166666666666,142.6384375445327
109-137d,room2,2025-10-12 20:00:00,129.83333333333334,147.7337625408913
109-137d,room2,2025-10-13 09:00:00,130.375,116.36661230824613
109-137d,room2,2025-10-13 10:00:00,130.41666666666666,128.74757623598194
109-137d,room2,2025-10-13 11:00:00,130.45833333333334,131.15013337288693
109-137d,room2,2025-10-13 12:00:00,130.5,130.39117262579978
109-137d,room2,2025-10-13 13:00:00,130.54166666666666,126.5678129782289
109-137d,room2,2025-10-13 14:00:00,130.58333333333334,124.13690195301294
109-137d,room2,2025-10-13 15:00:00,130.625,125.79936582152915
109-137d,room2,2025-10-13 16:00:00,130.66666666666666,122.83165967822406
109-137d,room2,2025-10-13 17:00:00,130.70833333333334,126.30950212408526
109-137d,room2,2025-10-13 18:00:00,130.75,120.65578292987288
109-137d,room2,2025-10-13 19:00:00,130.79166666666666,110.90088034858455
109-137d,room2,2025-10-13 20:00:00,130.83333333333334,110.16726022608935
109-137d,room2,2025-10-14 09:00:00,131.375,146.86553857889166
109-137d,room2,2025-10-14 10:00:00,131.41666666666666,140.69819041518525
109-137d,room2,2025-10-14 11:00:00,131.45833333333334,127.97271546825195
109-137d,room2,2025-10-14 12:00:00,131.5,128.38763999664823
109-137d,room2,2025-10-14 13:00:00,131.54166666666666,126.48223615669785
109-137d,room2,2025-10-14 14:00:00,131.58333333333334,124.12864310271462
109-137d,room2,2025-10-14 15:00:00,131.625,125.87371630806616
109-137d,room2,2025-10-14 16:00:00,131.66666666666666,124.88282101705738
109-137d,room2,2025-10-14 17:00:00,131.70833333333334,117.52830696946339
109-137d,room2,2025-10-14 18:00:00,131.75,111.73082975467322
109-137d,room2,2025-10-14 19:00:00,131.79166666666666,109.72620806078199
109-137d,room2,2025-10-14 20:00:00,131.83333333333334,107.90957237287235
109-137d,room2,2025-10-15 09:00:00,132.375,122.09649886191467
109-137d,room2,2025-10-15 10:00:00,132.41666666666666,135.32368754509946
109-137d,room2,2025-10-15 11:00:00,132.45833333333334,133.39843401988747
109-137d,room2,2025-10-15 12:00:00,132.5,132.15061980278833
109-137d,room2,2025-10-15 13:00:00,132.54166666666666,132.3897973759652
109-137d,room2,2025-10-15 14:00:00,132.58333333333334,131.9329908014646
109-137d,room2,2025-10-15 15:00:00,132.625,130.19757884516778
109-137d,room2,2025-10-15 16:00:00,132.66666666666666,134.84929460999402
109-137d,room2,2025-10-15 17:00:00,132.70833333333334,147.7842233466799
109-137d,room2,2025-10-15 18:00:00,132.75,148.48805101824507
109-137d,room2,2025-10-15 19:00:00,132.79166666666666,152.3633263534648
109-137d,room2,2025-10-15 20:00:00,132.83333333333334,121.34726490635782
109-137d,room2,2025-10-15 21:00:00,132.875,113.5218120525189
109-137d,room2,2025-10-16 09:00:00,133.375,145.00436173416114
109-137d,room2,2025-10-16 10:00:00,133.41666666666666,133.2677976677124
109-137d,room2,2025-10-16 11:00:00,133.45833333333334,129.96422199608443
109-137d,room2,2025-10-16 12:00:00,133.5,128.47642212069005
109-137d,room2,2025-10-16 13:00:00,133.54166666666666,127.97757938027038
109-137d,room2,2025-10-16 14:00:00,133.58333333333334,121.79300492123026
109-137d,room2,2025-10-16 15:00:00,133.625,121.35708783879171
109-137d,room2,2025-10-16 16:00:00,133.66666666666666,114.44678777911078
109-137d,room2,2025-10-16 17:00:00,133.70833333333334,112.27866984660432
109-137d,room2,2025-10-16 18:00:00,133.75,115.45290820710119
109-137d,room2,2025-10-16 19:00:00,133.79166666666666,121.35300743258067
109-137d,room2,2025-10-16 20:00:00,133.83333333333334,116.12367024259719
109-137d,room2,2025-10-16 21:00:00,133.875,118.75788430400243
109-137d,room2,2025-10-17 09:00:00,134.375,158.7701927544732
109-137d,room2,2025-10-17 10:00:00,134.41666666666666,148.82810451638701
109-137d,room2,2025-10-17 11:00:00,134.45833333333334,114.84316613607741
109-137d,room2,2025-10-17 12:00:00,134.5,117.23215541171614
109-137d,room2,2025-10-17 13:00:00,134.54166666666666,115.62957122545149
109-137d,room2,2025-10-17 14:00:00,134.58333333333334,111.66575635643515
109-137d,room2,2025-10-17 15:00:00,134.625,110.16802072012472
109-137d,room2,2025-10-17 16:00:00,134.66666666666666,109.79415160230346
109-137d,room2,2025-10-17 17:00:00,134.70833333333334,110.46082921701412
109-137d,room2,2025-10-17 18:00:00,134.75,109.75988272005351
109-137d,room2,2025-10-17 19:00:00,134.79166666666666,114.90206796537747
109-137d,room2,2025-10-17 20:00:00,134.83333333333334,108.78035391910018
109-137d,room2,2025-10-17 21:00:00,134.875,114.68970051687755
109-137d,room2,2025-10-18 09:00:00,135.375,135.29352604651305
109-137d,room2,2025-10-18 10:00:00,135.41666666666666,148.17305226315617
109-137d,room2,2025-10-18 11:00:00,135.45833333333334,136.31468744052364
109-137d,room2,2025-10-18 12:00:00,135.5,135.58284482109835
109-137d,room2,2025-10-18 13:00:00,135.54166666666666,133.77544559089986
109-137d,room2,2025-10-18 14:00:00,135.58333333333334,129.8184068234033
109-137d,room2,2025-10-18 15:00:00,135.625,120.75116152664353
109-137d,room2,2025-10-18 16:00:00,135.66666666666666,115.14371918117027
109-137d,room2,2025-10-18 17:00:00,135.70833333333334,111.74038681672343
109-137d,room2,2025-10-18 18:00:00,135.75,111.76316989645389
109-137d,room2,2025-10-18 19:00:00,135.79166666666666,116.41383051014122
109-137d,room2,2025-10-18 20:00:00,135.83333333333334,117.00878222781535
109-137d,room2,2025-10-18 21:00:00,135.875,116.89897896938427
109-137d,room2,2025-10-19 09:00:00,136.375,142.98876517022106
109-137d,room2,2025-10-19 10:00:00,136.41666666666666,112.49674133900845
109-137d,room2,2025-10-19 11:00:00,136.45833333333334,135.68948969404317
109-137d,room2,2025-10-19 12:00:00,136.5,135.81287746215543
109-137d,room2,2025-10-19 13:00:00,136.54166666666666,135.210239977485
109-137d,room2,2025-10-19 14:00:00,136.58333333333334,136.04985377906243
109-137d,room2,2025-10-19 15:00:00,136.625,132.97698209972583
109-137d,room2,2025-10-19 16:00:00,136.66666666666666,128.1430659509625
109-137d,room2,2025-10-19 17:00:00,136.70833333333334,124.05735388478875
109-137d,room2,2025-10-19 18:00:00,136.75,125.73520208268117
109-137d,room2,2025-10-19 19:00:00,136.79166666666666,126.15487334829803
109-137d,room2,2025-10-19 20:00:00,136.83333333333334,121.87146066726112
109-137d,room2,2025-10-19 21:00:00,136.875,125.68103306136356
109-137d,room6,2025-09-22 17:00:00,109.70833333333333,157.12673598257555
109-137d,room6,2025-09-22 18:00:00,109.75,87.626108035987
109-137d,room6,2025-09-22 19:00:00,109.79166666666667,99.14301878362488
109-137d,room6,2025-09-22 20:00:00,109.83333333333333,102.55694313750605
109-137d,room6,2025-09-23 10:00:00,110.41666666666667,134.7302516148255
109-137d,room6,2025-09-23 11:00:00,110.45833333333333,96.33530381184055
109-137d,room6,2025-09-23 12:00:00,110.5,101.04072411621958
109-137d,room6,2025-09-23 13:00:00,110.54166666666667,95.57695355754853
109-137d,room6,2025-09-23 14:00:00,110.58333333333333,95.04924763979615
109-137d,room6,2025-09-23 15:00:00,110.625,98.65796915332194
109-137d,room6,2025-09-23 16:00:00,110.66666666666667,101.92696934943372
109-137d,room6,2025-09-23 17:00:00,110.70833333333333,100.334749333099
109-137d,room6,2025-09-23 18:00:00,110.75,94.97683307973877
109-137d,room6,2025-09-23 19:00:00,110.79166666666667,96.07971084404697
109-137d,room6,2025-09-23 20:00:00,110.83333333333333,98.53690562307361
109-137d,room6,2025-09-24 10:00:00,111.41666666666667,102.71529411773234
109-137d,room6,2025-09-24 11:00:00,111.45833333333333,117.29621823815835
109-137d,room6,2025-09-24 12:00:00,111.5,102.67231592243178
109-137d,room6,2025-09-24 13:00:00,111.54166666666667,102.9077666538653
109-137d,room6,2025-09-24 14:00:00,111.58333333333333,99.50520912735469
109-137d,room6,2025-09-24 15:00:00,111.625,106.02246455158199
109-137d,room6,2025-09-24 16:00:00,111.66666666666667,101.98010259143753
109-137d,room6,2025-09-24 17:00:00,111.70833333333333,108.13550606703134
109-137d,room6,2025-09-24 18:00:00,111.75,102.72359318916166
109-137d,room6,2025-10-01 10:00:00,118.41666666666667,114.88369409773942
109-137d,room6,2025-10-01 11:00:00,118.45833333333333,123.51023436454034
109-137d,room6,2025-10-01 12:00:00,118.5,107.90608792359662
109-137d,room6,2025-10-01 13:00:00,118.54166666666667,94.51350312773485
109-137d,room6,2025-10-01 14:00:00,118.58333333333333,104.46533147361994
109-137d,room6,2025-10-01 15:00:00,118.625,103.69049372381795
109-137d,room6,2025-10-01 16:00:00,118.66666666666667,100.40771760831461
109-137d,room6,2025-10-01 17:00:00,118.70833333333333,99.17989383136342
109-137d,room6,2025-10-01 18:00:00,118.75,97.9078570066591
109-137d,room6,2025-10-01 19:00:00,118.79166666666667,98.6694271379316
109-137d,room6,2025-10-01 20:00:00,118.83333333333333,97.57145144119886
109-137d,room6,2025-10-02 09:00:00,119.375,115.42495729566741
109-137d,room6,2025-10-02 10:00:00,119.41666666666667,121.47928052940996
109-137d,room6,2025-10-02 11:00:00,119.45833333333333,101.50419298408907
109-137d,room6,2025-10-02 12:00:00,119.5,100.76280532776045
109-137d,room6,2025-10-02 13:00:00,119.54166666666667,106.01004127391427
109-137d,room6,2025-10-02 14:00:00,119.58333333333333,95.12207010926622
109-137d,room6,2025-10-02 15:00:00,119.625,110.38645946823209
109-137d,room6,2025-10-02 16:00:00,119.66666666666667,88.42757652783783
109-137d,room6,2025-10-02 17:00:00,119.70833333333333,99.37823776464853
109-137d,room6,2025-10-02 18:00:00,119.75,95.84330564545769
109-137d,room6,2025-10-02 19:00:00,119.79166666666667,100.32897906575164
109-137d,room6,2025-10-03 09:00:00,120.375,94.44556309753618
109-137d,room6,2025-10-03 10:00:00,120.41666666666667,136.17323357422862
109-137d,room6,2025-10-03 11:00:00,120.45833333333333,98.77756180021086
109-137d,room6,2025-10-03 12:00:00,120.5,102.18677961583354
109-137d,room6,2025-10-03 13:00:00,120.54166666666667,96.81992867765047
109-137d,room6,2025-10-03 14:00:00,120.58333333333333,97.00351673643966
109-137d,room6,2025-10-03 15:00:00,120.625,102.28653090827935
109-137d,room6,2025-10-03 16:00:00,120.66666666666667,97.23346920576034
109-137d,room6,2025-10-03 17:00:00,120.70833333333333,103.53931736573536
109-137d,room6,2025-10-03 18:00:00,120.75,99.10462724923342
109-137d,room6,2025-10-03 19:00:00,120.79166666666667,100.83275670741513
109-137d,room6,2025-10-04 09:00:00,121.375,118.5819638630489
109-137d,room6,2025-10-04 10:00:00,121.41666666666667,109.81073875297169
109-137d,room6,2025-10-04 11:00:00,121.45833333333333,100.0917480768926
109-137d,room6,2025-10-04 12:00:00,121.5,108.87301404195428
109-137d,room6,2025-10-04 13:00:00,121.54166666666667,102.53425417177691
109-137d,room6,2025-10-04 14:00:00,121.58333333333333,100.23120356512439
109-137d,room6,2025-10-04 15:00:00,121.625,102.15470551536582
109-137d,room6,2025-10-04 16:00:00,121.66666666666667,100.9450912646314
109-137d,room6,2025-10-04 17:00:00,121.70833333333333,98.05824123973751
109-137d,room6,2025-10-04 18:00:00,121.75,97.59308183831776
109-137d,room6,2025-10-04 19:00:00,121.79166666666667,110.67044715555495
109-137d,room6,2025-10-05 09:00:00,122.375,105.17877336620018
109-137d,room6,2025-10-05 10:00:00,122.41666666666667,143.53742457529992
109-137d,room6,2025-10-05 11:00:00,122.45833333333333,118.1026327894465
109-137d,room6,2025-10-05 12:00:00,122.5,112.19465754925496
109-137d,room6,2025-10-05 13:00:00,122.54166666666667,111.87703027738323
109-137d,room6,2025-10-05 14:00:00,122.58333333333333,104.03941848004548
109-137d,room6,2025-10-05 15:00:00,122.625,97.47211510603981
109-137d,room6,2025-10-05 16:00:00,122.66666666666667,112.62210169959832
109-137d,room6,2025-10-05 17:00:00,122.70833333333333,97.42220317925272
109-137d,room6,2025-10-05 18:00:00,122.75,102.88441260604378
109-137d,room6,2025-10-05 19:00:00,122.79166666666667,101.26351157578239
109-137d,room6,2025-10-06 09:00:00,123.375,113.11696800509822
109-137d,room6,2025-10-06 10:00:00,123.41666666666667,97.30559562317872
109-137d,room6,2025-10-06 11:00:00,123.45833333333333,100.62998952427952
109-137d,room6,2025-10-06 12:00:00,123.5,96.96491133043193
109-137d,room6,2025-10-06 13:00:00,123.54166666666667,99.1582121928369
109-137d,room6,2025-10-06 14:00:00,123.58333333333333,97.23727083287459
109-137d,room6,2025-10-06 15:00:00,123.625,108.16969044314943
109-137d,room6,2025-10-06 16:00:00,123.66666666666667,96.89771994596664
109-137d,room6,2025-10-06 17:00:00,123.70833333333333,105.04103652100757
109-137d,room6,2025-10-06 18:00:00,123.75,106.06292155972464
109-137d,room6,2025-10-06 19:00:00,123.79166666666667,107.06853319168175
109-137d,room6,2025-10-07 09:00:00,124.375,120.72565533598811
109-137d,room6,2025-10-07 10:00:00,124.41666666666667,134.3279536179481
109-137d,room6,2025-10-07 11:00:00,124.45833333333333,114.15529484267239
109-137d,room6,2025-10-07 12:00:00,124.5,97.90149359454115
109-137d,room6,2025-10-07 13:00:00,124.54166666666667,96.52269831411057
109-137d,room6,2025-10-07 14:00:00,124.58333333333333,98.93041985659207
109-137d,room6,2025-10-07 15:00:00,124.625,96.20157565496952
109-137d,room6,2025-10-07 16:00:00,124.66666666666667,94.58941365685321
109-137d,room6,2025-10-07 17:00:00,124.70833333333333,100.55356949136863
109-137d,room6,2025-10-07 18:00:00,124.75,101.90234338239362
109-137d,room6,2025-10-07 19:00:00,124.79166666666667,109.93420583547429
109-137d,room6,2025-10-08 09:00:00,125.375,131.53627738879982
109-137d,room6,2025-10-08 10:00:00,125.41666666666667,102.66870571053781
109-137d,room6,2025-10-08 11:00:00,125.45833333333333,111.9797150700839
109-137d,room6,2025-10-08 12:00:00,125.5,101.19474573871624
109-137d,room6,2025-10-08 13:00:00,125.54166666666667,107.35443706916878
109-137d,room6,2025-10-08 14:00:00,125.58333333333333,92.57540428750842
109-137d,room6,2025-10-08 15:00:00,125.625,102.635936350926
109-137d,room6,2025-10-08 16:00:00,125.66666666666667,105.75930943936146
109-137d,room6,2025-10-08 17:00:00,125.70833333333333,108.77607354799734
109-137d,room6,2025-10-08 18:00:00,125.75,110.24976183484408
109-137d,room6,2025-10-08 19:00:00,125.79166666666667,115.69713168314031
109-137d,room6,2025-10-09 10:00:00,126.41666666666667,119.30312007417835
109-137d,room6,2025-10-09 11:00:00,126.45833333333333,128.90561615797117
109-137d,room6,2025-10-09 12:00:00,126.5,116.92775745837268
109-137d,room6,2025-10-12 12:00:00,129.5,144.85872979482286
109-137d,room6,2025-10-12 13:00:00,129.54166666666666,141.82663831083633
109-137d,room6,2025-10-12 14:00:00,129.58333333333334,118.79312228170105
109-137d,room6,2025-10-12 15:00:00,129.625,112.77400465512298
109-137d,room6,2025-10-12 16:00:00,129.66666666666666,121.42135184130194
109-137d,room6,2025-10-12 17:00:00,129.70833333333334,118.92810998980097
109-137d,room6,2025-10-12 18:00:00,129.75,118.65348479485569
109-137d,room6,2025-10-12 19:00:00,129.79166666666666,127.27287752657814
109-137d,room6,2025-10-12 20:00:00,129.83333333333334,117.15098945535034
109-137d,room6,2025-10-13 09:00:00,130.375,114.1914004000802
109-137d,room6,2025-10-13 10:00:00,130.41666666666666,125.341481769922
109-137d,room6,2025-10-13 11:00:00,130.45833333333334,124.12360838884251
109-137d,room6,2025-10-13 12:00:00,130.5,121.13747024153682
109-137d,room6,2025-10-13 13:00:00,130.54166666666666,123.65057553226931
109-137d,room6,2025-10-13 14:00:00,130.58333333333334,134.1712989493427
109-137d,room6,2025-10-13 15:00:00,130.625,119.20431979770713
109-137d,room6,2025-10-13 16:00:00,130.66666666666666,119.63517868345139
109-137d,room6,2025-10-13 17:00:00,130.70833333333334,119.57055509603175
109-137d,room6,2025-10-13 18:00:00,130.75,116.25619702936076
109-137d,room6,2025-10-13 19:00:00,130.79166666666666,110.19231669566204
109-137d,room6,2025-10-13 20:00:00,130.83333333333334,114.98021390240112
109-137d,room6,2025-10-14 09:00:00,131.375,136.6950138662246
109-137d,room6,2025-10-14 10:00:00,131.41666666666666,120.85474478047213
109-137d,room6,2025-10-14 11:00:00,131.45833333333334,113.01462221694449
109-137d,room6,2025-10-14 12:00:00,131.5,120.14275480347776
109-137d,room6,2025-10-14 13:00:00,131.54166666666666,119.95068833844847
109-137d,room6,2025-10-14 14:00:00,131.58333333333334,105.67469205201706
109-137d,room6,2025-10-14 15:00:00,131.625,120.10629638567438
109-137d,room6,2025-10-14 16:00:00,131.66666666666666,109.00036315690605
109-137d,room6,2025-10-14 17:00:00,131.70833333333334,110.03712355662259
109-137d,room6,2025-10-14 18:00:00,131.75,107.78882381401162
109-137d,room6,2025-10-14 19:00:00,131.79166666666666,105.56576704578214
109-137d,room6,2025-10-14 20:00:00,131.83333333333334,111.93514372867784
109-137d,room6,2025-10-15 11:00:00,132.45833333333334,112.89998064343263
109-137d,room6,2025-10-15 12:00:00,132.5,113.27770985430494
109-137d,room6,2025-10-15 13:00:00,132.54166666666666,120.64033917662533
109-137d,room6,2025-10-15 14:00:00,132.58333333333334,116.21502637914845
109-137d,room6,2025-10-15 15:00:00,132.625,111.72491929546732
109-137d,room6,2025-10-15 16:00:00,132.66666666666666,111.75430956727686
109-137d,room6,2025-10-15 17:00:00,132.70833333333334,126.73221720016964
109-137d,room6,2025-10-15 18:00:00,132.75,123.67941319025041
109-137d,room6,2025-10-15 19:00:00,132.79166666666666,113.20311177037043
109-137d,room6,2025-10-15 20:00:00,132.83333333333334,123.06941265360867
109-137d,room6,2025-10-15 21:00:00,132.875,121.70138655475596
109-137d,room6,2025-10-16 09:00:00,133.375,124.00313027057001
109-137d,room6,2025-10-16 10:00:00,133.41666666666666,121.99434268617506
109-137d,room6,2025-10-16 11:00:00,133.45833333333334,114.6064568878557
109-137d,room6,2025-10-16 12:00:00,133.5,109.86832345777725
109-137d,room6,2025-10-16 13:00:00,133.54166666666666,112.7630973997012
109-137d,room6,2025-10-16 14:00:00,133.58333333333334,126.57373874583428
109-137d,room6,2025-10-16 15:00:00,133.625,118.2878786050938
109-137d,room6,2025-10-16 16:00:00,133.66666666666666,115.86090519824317
109-137d,room6,2025-10-16 17:00:00,133.70833333333334,119.5606940703953
109-137d,room6,2025-10-16 18:00:00,133.75,119.83316577824318
109-137d,room6,2025-10-16 19:00:00,133.79166666666666,113.67187636020066
109-137d,room6,2025-10-16 20:00:00,133.83333333333334,114.35503216882478
109-137d,room6,2025-10-16 21:00:00,133.875,126.86266617701527
109-137d,room6,2025-10-17 09:00:00,134.375,146.78966759721627
109-137d,room6,2025-10-17 10:00:00,134.41666666666666,116.89229631470559
109-137d,room6,2025-10-17 11:00:00,134.45833333333334,119.18643057357092
109-137d,room6,2025-10-17 12:00:00,134.5,119.28906577511427
109-137d,room6,2025-10-17 13:00:00,134.54166666666666,113.3851633544794
109-137d,room6,2025-10-17 14:00:00,134.58333333333334,135.26193865971717
109-137d,room6,2025-10-17 15:00:00,134.625,136.12084170929984
109-137d,room6,2025-10-17 16:00:00,134.66666666666666,139.76264132195047
109-137d,room6,2025-10-17 17:00:00,134.70833333333334,139.97327531254803
109-137d,room6,2025-10-17 18:00:00,134.75,138.2921205464084
109-137d,room6,2025-10-17 19:00:00,134.79166666666666,138.36490388661895
109-137d,room6,2025-10-17 20:00:00,134.83333333333334,139.28135796692902
109-137d,room6,2025-10-17 21:00:00,134.875,129.02089534329284
109-137d,room6,2025-10-18 17:00:00,135.70833333333334,110.87018779405817
109-137d,room6,2025-10-18 18:00:00,135.75,107.79040354980592
109-137d,room6,2025-10-18 19:00:00,135.79166666666666,143.17334000411128
109-137d,room6,2025-10-18 20:00:00,135.83333333333334,137.00001023073173
109-137d,room6,2025-10-18 21:00:00,135.875,127.19780199151738
109-137d,room6,2025-10-19 09:00:00,136.375,151.67332393428333
109-137d,room6,2025-10-19 10:00:00,136.41666666666666,122.19200919664077
109-137d,room6,2025-10-19 11:00:00,136.45833333333334,117.87357320268733
109-137d,room6,2025-10-19 12:00:00,136.5,141.00022360715195
109-137d,room6,2025-10-19 13:00:00,136.54166666666666,141.8665682540381
109-137d,room6,2025-10-19 14:00:00,136.58333333333334,137.26704507178553
109-137d,room6,2025-10-19 15:00:00,136.625,140.55805071580437
109-137d,room6,2025-10-19 16:00:00,136.66666666666666,143.98196645190274
109-137d,room6,2025-10-19 17:00:00,136.70833333333334,142.21123909266925
109-137d,room6,2025-10-19 18:00:00,136.75,139.02175221576118
109-137d,room6,2025-10-19 19:00:00,136.79166666666666,136.22693513421282
109-137d,room6,2025-10-19 20:00:00,136.83333333333334,133.96170139837778
109-137d,room6,2025-10-19 21:00:00,136.875,133.90924725912464
109-137d,room7,2025-09-21 15:00:00,108.625,102.79050440307168
109-137d,room7,2025-09-21 16:00:00,108.66666666666667,111.35201182158568
109-137d,room7,2025-09-21 17:00:00,108.70833333333333,105.23422088681608
109-137d,room7,2025-09-21 18:00:00,108.75,105.29365988947218
109-137d,room7,2025-09-21 19:00:00,108.79166666666667,109.26544482085501
109-137d,room7,2025-09-22 09:00:00,109.375,123.7024157742226
109-137d,room7,2025-09-22 10:00:00,109.41666666666667,97.73739544295027
109-137d,room7,2025-09-22 11:00:00,109.45833333333333,109.33881495537548
109-137d,room7,2025-09-22 12:00:00,109.5,102.73357896951075
109-137d,room7,2025-09-22 13:00:00,109.54166666666667,101.71090235877895
109-137d,room7,2025-09-22 14:00:00,109.58333333333333,117.8303622022445
109-137d,room7,2025-09-22 15:00:00,109.625,105.06026045751564
109-137d,room7,2025-09-22 16:00:00,109.66666666666667,123.07440798571861
109-137d,room7,2025-09-22 17:00:00,109.70833333333333,121.52367418082758
109-137d,room7,2025-09-22 18:00:00,109.75,112.98743308943071
109-137d,room7,2025-09-22 19:00:00,109.79166666666667,119.95760188521983
109-137d,room7,2025-09-23 09:00:00,110.375,111.08818673856219
109-137d,room7,2025-09-23 10:00:00,110.41666666666667,109.43737302233025
109-137d,room7,2025-09-23 11:00:00,110.45833333333333,105.86790589447622
109-137d,room7,2025-09-23 12:00:00,110.5,100.84958865218788
109-137d,room7,2025-09-23 13:00:00,110.54166666666667,100.87675153930448
109-137d,room7,2025-09-23 14:00:00,110.58333333333333,103.0660742417757
109-137d,room7,2025-09-23 15:00:00,110.625,109.57430179716266
109-137d,room7,2025-09-23 16:00:00,110.66666666666667,114.54388775469639
109-137d,room7,2025-09-23 17:00:00,110.70833333333333,121.04209613101388
109-137d,room7,2025-09-23 18:00:00,110.75,121.96708400105287
109-137d,room7,2025-09-23 19:00:00,110.79166666666667,120.89187335024842
109-137d,room7,2025-09-24 09:00:00,111.375,117.98434328605663
109-137d,room7,2025-09-24 10:00:00,111.41666666666667,118.88792096494916
109-137d,room7,2025-09-24 11:00:00,111.45833333333333,128.2625601273153
109-137d,room7,2025-09-24 12:00:00,111.5,108.20843892616239
109-137d,room7,2025-09-24 13:00:00,111.54166666666667,109.1266994801505
109-137d,room7,2025-09-24 14:00:00,111.58333333333333,117.069121664941
109-137d,room7,2025-09-24 15:00:00,111.625,108.25566369732519
109-137d,room7,2025-09-24 16:00:00,111.66666666666667,121.22872462139334
109-137d,room7,2025-09-24 17:00:00,111.70833333333333,123.29434576052516
109-137d,room7,2025-09-24 18:00:00,111.75,111.99619866239114
109-137d,room7,2025-09-24 19:00:00,111.79166666666667,107.5340184657362
109-137d,room7,2025-09-25 09:00:00,112.375,103.34378567931334
109-137d,room7,2025-09-25 10:00:00,112.41666666666667,107.17192769592502
109-137d,room7,2025-09-25 11:00:00,112.45833333333333,106.75449931382582
109-137d,room7,2025-09-25 12:00:00,112.5,117.99220080736464
109-137d,room7,2025-09-25 13:00:00,112.54166666666667,107.21767135153601
109-137d,room7,2025-09-25 14:00:00,112.58333333333333,113.80270912762688
109-137d,room7,2025-09-25 15:00:00,112.625,128.23205055730762
109-137d,room7,2025-09-25 16:00:00,112.66666666666667,135.62341330008468
109-137d,room7,2025-09-25 17:00:00,112.70833333333333,127.46337825159337
109-137d,room7,2025-09-25 18:00:00,112.75,118.5517668529949
109-137d,room7,2025-09-25 19:00:00,112.79166666666667,123.68984289053309
109-137d,room7,2025-09-26 09:00:00,113.375,113.98594169468298
109-137d,room7,2025-09-26 10:00:00,113.41666666666667,123.92431459369305
109-137d,room7,2025-09-26 11:00:00,113.45833333333333,131.15968430443706
109-137d,room7,2025-09-26 12:00:00,113.5,137.71356867503104
109-137d,room7,2025-09-26 13:00:00,113.54166666666667,114.0665049911735
109-137d,room7,2025-09-26 14:00:00,113.58333333333333,139.05875430577944
109-137d,room7,2025-09-26 15:00:00,113.625,102.44602426191496
109-137d,room7,2025-09-26 16:00:00,113.66666666666667,110.06481401269589
109-137d,room7,2025-09-26 17:00:00,113.70833333333333,109.81944403629608
109-137d,room7,2025-09-26 18:00:00,113.75,116.60734845934942
109-137d,room7,2025-09-26 19:00:00,113.79166666666667,115.80019781416213
109-137d,room7,2025-09-27 09:00:00,114.375,102.84549671191124
109-137d,room7,2025-09-27 10:00:00,114.41666666666667,127.78417796427202
109-137d,room7,2025-09-27 11:00:00,114.45833333333333,128.9147385202217
109-137d,room7,2025-09-27 12:00:00,114.5,116.1823010282234
109-137d,room7,2025-09-27 13:00:00,114.54166666666667,104.07340565544618
109-137d,room7,2025-09-27 14:00:00,114.58333333333333,107.61773734755154
109-137d,room7,2025-09-27 15:00:00,114.625,99.84799228701856
109-137d,room7,2025-09-27 16:00:00,114.66666666666667,113.91192501902069
109-137d,room7,2025-09-27 17:00:00,114.70833333333333,127.04736614299513
109-137d,room7,2025-09-27 18:00:00,114.75,121.99357605808551
109-137d,room7,2025-09-27 19:00:00,114.79166666666667,125.59615576927024
109-137d,room7,2025-09-28 09:00:00,115.375,113.48813157549462
109-137d,room7,2025-09-28 10:00:00,115.41666666666667,113.6643319922615
109-137d,room7,2025-09-28 11:00:00,115.45833333333333,117.57165360959185
109-137d,room7,2025-09-28 12:00:00,115.5,118.3965389884292
109-137d,room7,2025-09-28 13:00:00,115.54166666666667,119.50476271357371
109-137d,room7,2025-09-28 14:00:00,115.58333333333333,142.29401580142675
109-137d,room7,2025-09-28 15:00:00,115.625,142.46111022425612
109-137d,room7,2025-09-28 16:00:00,115.66666666666667,133.07196109662155
109-137d,room7,2025-09-28 17:00:00,115.70833333333333,128.49849841204374
109-137d,room7,2025-09-28 18:00:00,115.75,135.13119256784557
109-137d,room7,2025-09-28 19:00:00,115.79166666666667,125.28279932888317
109-137d,room7,2025-09-29 09:00:00,116.375,125.68957450585206
109-137d,room7,2025-09-29 10:00:00,116.41666666666667,102.65029058447138
109-137d,room7,2025-09-29 11:00:00,116.45833333333333,126.88283101412452
109-137d,room7,2025-09-29 12:00:00,116.5,130.39206050801934
109-137d,room7,2025-09-29 13:00:00,116.54166666666667,130.44688738179318
109-137d,room7,2025-09-29 14:00:00,116.58333333333333,137.9270585443224
109-137d,room7,2025-09-29 15:00:00,116.625,134.8078926550717
109-137d,room7,2025-09-29 16:00:00,116.66666666666667,116.38814500541518
109-137d,room7,2025-09-29 17:00:00,116.70833333333333,117.23057089715532
109-137d,room7,2025-09-29 18:00:00,116.75,123.09063486796249
109-137d,room7,2025-09-29 19:00:00,116.79166666666667,98.68570601188074
109-137d,room7,2025-09-30 09:00:00,117.375,112.0922403056493
109-137d,room7,2025-09-30 10:00:00,117.41666666666667,135.46304110350124
109-137d,room7,2025-09-30 11:00:00,117.45833333333333,79.73476450510043
109-137d,room7,2025-09-30 12:00:00,117.5,84.65439059151511
109-137d,room7,2025-09-30 13:00:00,117.54166666666667,85.06406776528526
109-137d,room7,2025-09-30 14:00:00,117.58333333333333,89.31650561283435
109-137d,room7,2025-09-30 15:00:00,117.625,89.40500438902784
109-137d,room7,2025-09-30 16:00:00,117.66666666666667,104.68141068678322
109-137d,room7,2025-09-30 17:00:00,117.70833333333333,98.68371427942131
109-137d,room7,2025-09-30 18:00:00,117.75,96.99678344471168
109-137d,room7,2025-09-30 19:00:00,117.79166666666667,94.71582817220613
109-137d,room7,2025-10-01 09:00:00,118.375,117.25293983149732
109-137d,room7,2025-10-01 10:00:00,118.41666666666667,137.26623527105104
109-137d,room7,2025-10-01 11:00:00,118.45833333333333,90.87638211870294
109-137d,room7,2025-10-01 12:00:00,118.5,100.47460734196048
109-137d,room7,2025-10-01 13:00:00,118.54166666666667,99.16088333487949
109-137d,room7,2025-10-01 14:00:00,118.58333333333333,110.74480495055093
109-137d,room7,2025-10-01 15:00:00,118.625,119.7836104074863
109-137d,room7,2025-10-01 16:00:00,118.66666666666667,124.06401889800875
109-137d,room7,2025-10-01 17:00:00,118.70833333333333,103.76314433322334
109-137d,room7,2025-10-01 18:00:00,118.75,103.25097283206854
109-137d,room7,2025-10-01 19:00:00,118.79166666666667,109.28413124517253
109-137d,room7,2025-10-02 10:00:00,119.41666666666667,89.97735580839826
109-137d,room7,2025-10-02 11:00:00,119.45833333333333,99.12618368906821
109-137d,room7,2025-10-02 12:00:00,119.5,89.33974634098475
109-137d,room7,2025-10-02 13:00:00,119.54166666666667,87.81857936530632
109-137d,room7,2025-10-02 14:00:00,119.58333333333333,82.20153521146776
109-137d,room7,2025-10-02 15:00:00,119.625,79.30499572837695
109-137d,room7,2025-10-02 16:00:00,119.66666666666667,82.04162144215589
109-137d,room7,2025-10-02 17:00:00,119.70833333333333,79.60831092376802
109-137d,room7,2025-10-02 18:00:00,119.75,78.78219418867796
109-137d,room7,2025-10-02 19:00:00,119.79166666666667,79.46659939973766
109-137d,room7,2025-10-03 10:00:00,120.41666666666667,89.81310416012121
109-137d,room7,2025-10-03 11:00:00,120.45833333333333,85.27697874543267
109-137d,room7,2025-10-03 12:00:00,120.5,85.95400920088987
109-137d,room7,2025-10-03 13:00:00,120.54166666666667,93.34886110084263
109-137d,room7,2025-10-03 14:00:00,120.58333333333333,90.64476467751304
109-137d,room7,2025-10-03 15:00:00,120.625,89.50930877474156
109-137d,room7,2025-10-03 16:00:00,120.66666666666667,95.06897746094467
109-137d,room7,2025-10-03 17:00:00,120.70833333333333,101.39957984755895
109-137d,room7,2025-10-03 18:00:00,120.75,100.71810904974132
109-137d,room7,2025-10-03 19:00:00,120.79166666666667,93.78694751768255
109-137d,room7,2025-10-04 08:00:00,121.33333333333333,129.26075967455097
109-137d,room7,2025-10-04 09:00:00,121.375,149.5378578863395
109-137d,room7,2025-10-04 10:00:00,121.41666666666667,114.05580333818584
109-137d,room7,2025-10-04 11:00:00,121.45833333333333,107.1264734469256
109-137d,room7,2025-10-04 12:00:00,121.5,93.46606531580333
109-137d,room7,2025-10-04 13:00:00,121.54166666666667,124.76457799977064
109-137d,room7,2025-10-04 14:00:00,121.58333333333333,111.36177295390229
109-137d,room7,2025-10-04 15:00:00,121.625,105.07115940293612
109-137d,room7,2025-10-04 16:00:00,121.66666666666667,110.1766733054175
109-137d,room7,2025-10-04 17:00:00,121.70833333333333,109.62888988716948
109-137d,room7,2025-10-04 18:00:00,121.75,108.1192215929164
109-137d,room7,2025-10-05 08:00:00,122.33333333333333,137.64800897154618
109-137d,room7,2025-10-05 09:00:00,122.375,126.46679239040587
109-137d,room7,2025-10-05 10:00:00,122.41666666666667,113.9832734599204
109-137d,room7,2025-10-05 11:00:00,122.45833333333333,94.49915321668061
109-137d,room7,2025-10-05 12:00:00,122.5,116.34490269648305
109-137d,room7,2025-10-05 13:00:00,122.54166666666667,113.61782751533296
109-137d,room7,2025-10-05 14:00:00,122.58333333333333,115.06096156059566
109-137d,room7,2025-10-05 15:00:00,122.625,116.19215290987246
109-137d,room7,2025-10-05 16:00:00,122.66666666666667,115.75295559546277
109-137d,room7,2025-10-05 17:00:00,122.70833333333333,116.94598855807453
109-137d,room7,2025-10-05 18:00:00,122.75,113.07188759300425
109-137d,room7,2025-10-06 08:00:00,123.33333333333333,138.8341035751418
109-137d,room7,2025-10-06 09:00:00,123.375,116.00928944790762
109-137d,room7,2025-10-06 10:00:00,123.41666666666667,120.15281869271675
109-137d,room7,2025-10-06 11:00:00,123.45833333333333,102.73942015170289
109-137d,room7,2025-10-06 12:00:00,123.5,90.6865294357768
109-137d,room7,2025-10-06 13:00:00,123.54166666666667,124.64366098057765
109-137d,room7,2025-10-06 14:00:00,123.58333333333333,125.0958890576407
109-137d,room7,2025-10-06 15:00:00,123.625,105.45159969408762
109-137d,room7,2025-10-06 16:00:00,123.66666666666667,112.5285412902593
109-137d,room7,2025-10-06 17:00:00,123.70833333333333,116.3378199172865
109-137d,room7,2025-10-06 18:00:00,123.75,107.85985627291146
109-137d,room7,2025-10-07 08:00:00,124.33333333333333,106.59696283591757
109-137d,room7,2025-10-07 09:00:00,124.375,92.16273474428588
109-137d,room7,2025-10-07 10:00:00,124.41666666666667,148.68431070958607
109-137d,room7,2025-10-07 11:00:00,124.45833333333333,146.98733171541917
109-137d,room7,2025-10-07 12:00:00,124.5,142.85113044697385
109-137d,room7,2025-10-07 13:00:00,124.54166666666667,136.86445734429049
109-137d,room7,2025-10-07 14:00:00,124.58333333333333,135.33694217168565
109-137d,room7,2025-10-07 15:00:00,124.625,126.30599661105563
109-137d,room7,2025-10-07 16:00:00,124.66666666666667,135.77832069240898
109-137d,room7,2025-10-07 17:00:00,124.70833333333333,136.8652217311113
109-137d,room7,2025-10-07 18:00:00,124.75,124.13249229519027
109-137d,room7,2025-10-08 08:00:00,125.33333333333333,110.04205122121748
109-137d,room7,2025-10-08 09:00:00,125.375,121.76703000892137
109-137d,room7,2025-10-08 10:00:00,125.41666666666667,155.06452441706068
109-137d,room7,2025-10-08 11:00:00,125.45833333333333,149.41610707698382
109-137d,room7,2025-10-08 12:00:00,125.5,149.94766411639705
109-137d,room7,2025-10-08 13:00:00,125.54166666666667,143.7690490711112
109-137d,room7,2025-10-08 14:00:00,125.58333333333333,117.73859813102571
109-137d,room7,2025-10-08 15:00:00,125.625,113.56858601530783
109-137d,room7,2025-10-08 16:00:00,125.66666666666667,108.40314103371402
109-137d,room7,2025-10-08 17:00:00,125.70833333333333,101.22570263686164
109-137d,room7,2025-10-08 18:00:00,125.75,91.60278305905393
109-137d,room7,2025-10-09 08:00:00,126.33333333333333,98.9034965768482
109-137d,room7,2025-10-09 09:00:00,126.375,87.62240640573852
109-137d,room7,2025-10-09 10:00:00,126.41666666666667,162.59707480623015
109-137d,room7,2025-10-09 11:00:00,126.45833333333333,163.13496730953491
109-137d,room7,2025-10-09 12:00:00,126.5,162.44339810910452
109-137d,room7,2025-10-09 13:00:00,126.54166666666667,155.10528946423014
109-137d,room7,2025-10-09 14:00:00,126.58333333333333,155.9550114329771
109-137d,room7,2025-10-09 15:00:00,126.625,134.3386490247708
109-137d,room7,2025-10-09 16:00:00,126.66666666666667,133.5551311388619
109-137d,room7,2025-10-09 17:00:00,126.70833333333333,119.33899917146745
109-137d,room7,2025-10-09 18:00:00,126.75,116.3049118828575
109-137d,room7,2025-10-09 19:00:00,126.79166666666667,114.71313917167477
109-137d,room7,2025-10-10 08:00:00,127.33333333333333,112.49002916741992
109-137d,room7,2025-10-10 09:00:00,127.375,97.0661371302433
109-137d,room7,2025-10-10 10:00:00,127.41666666666667,160.79914497596323
109-137d,room7,2025-10-10 11:00:00,127.45833333333333,159.1155511059464
109-137d,room7,2025-10-10 12:00:00,127.5,157.70086218692438
109-137d,room7,2025-10-10 13:00:00,127.54166666666667,159.0626695433788
109-137d,room7,2025-10-10 14:00:00,127.58333333333333,155.305873467546
109-137d,room7,2025-10-10 15:00:00,127.625,152.6659724367008
109-137d,room7,2025-10-10 16:00:00,127.66666666666667,158.06696977930991
109-137d,room7,2025-10-10 17:00:00,127.70833333333333,158.41468841729005
109-137d,room7,2025-10-10 18:00:00,127.75,160.07258163264845
109-137d,room7,2025-10-10 19:00:00,127.79166666666667,161.61056812880963
109-137d,room7,2025-10-11 08:00:00,128.33333333333334,138.54035826092823
109-137d,room7,2025-10-11 09:00:00,128.375,102.17571261006788
109-137d,room7,2025-10-11 10:00:00,128.41666666666666,155.0371482005034
109-137d,room7,2025-10-11 11:00:00,128.45833333333334,151.65556477879392
109-137d,room7,2025-10-11 12:00:00,128.5,154.54852312764646
109-137d,room7,2025-10-11 13:00:00,128.54166666666666,151.9036284485095
109-137d,room7,2025-10-11 14:00:00,128.58333333333334,152.98917229548786
109-137d,room7,2025-10-11 15:00:00,128.625,153.20700821116972
109-137d,room7,2025-10-11 16:00:00,128.66666666666666,146.14021397032852
109-137d,room7,2025-10-11 17:00:00,128.70833333333334,154.94498663499104
109-137d,room7,2025-10-11 18:00:00,128.75,153.9569368663052
109-137d,room7,2025-10-11 19:00:00,128.79166666666666,152.6404259288201
109-137d,room7,2025-10-12 08:00:00,129.33333333333334,93.27546872185765
109-137d,room7,2025-10-12 09:00:00,129.375,87.02892442857231
109-137d,room7,2025-10-12 10:00:00,129.41666666666666,162.70866734704904
109-137d,room7,2025-10-12 11:00:00,129.45833333333334,154.05635839319294
109-137d,room7,2025-10-12 12:00:00,129.5,158.34552754844896
109-137d,room7,2025-10-12 13:00:00,129.54166666666666,155.92007008616125
109-137d,room7,2025-10-12 14:00:00,129.58333333333334,154.6241783836861
109-137d,room7,2025-10-12 15:00:00,129.625,136.90987521128702
109-137d,room7,2025-10-12 16:00:00,129.66666666666666,132.97703046724462
109-137d,room7,2025-10-12 17:00:00,129.70833333333334,127.90641558322555
109-137d,room7,2025-10-12 18:00:00,129.75,117.7716794281976
109-137d,room7,2025-10-12 19:00:00,129.79166666666666,114.15111558829487
109-137d,room7,2025-10-13 08:00:00,130.33333333333334,130.9772612381082
109-137d,room7,2025-10-13 09:00:00,130.375,136.8459739668398
109-137d,room7,2025-10-13 10:00:00,130.41666666666666,157.5000320819923
109-137d,room7,2025-10-13 11:00:00,130.45833333333334,157.63911183602252
109-137d,room7,2025-10-13 12:00:00,130.5,153.27145684342653
109-137d,room7,2025-10-13 13:00:00,130.54166666666666,155.31835332860732
109-137d,room7,2025-10-13 14:00:00,130.58333333333334,155.89196879074666
109-137d,room7,2025-10-13 15:00:00,130.625,157.60282791213592
109-137d,room7,2025-10-13 16:00:00,130.66666666666666,158.3576324956024
109-137d,room7,2025-10-13 17:00:00,130.70833333333334,156.5719544644692
109-137d,room7,2025-10-13 18:00:00,130.75,156.8367077971064
109-137d,room7,2025-10-13 19:00:00,130.79166666666666,146.45543050142177
109-137d,room7,2025-10-14 08:00:00,131.33333333333334,141.65212350314107
109-137d,room7,2025-10-14 09:00:00,131.375,125.71315634237912
109-137d,room7,2025-10-14 10:00:00,131.41666666666666,163.89891049359326
109-137d,room7,2025-10-14 11:00:00,131.45833333333334,162.9649390737917
109-137d,room7,2025-10-14 12:00:00,131.5,162.69410027996287
109-137d,room7,2025-10-14 13:00:00,131.54166666666666,164.26591949804308
109-137d,room7,2025-10-14 14:00:00,131.58333333333334,163.12434518606662
109-137d,room7,2025-10-14 15:00:00,131.625,162.86328408150064
109-137d,room7,2025-10-14 16:00:00,131.66666666666666,161.85379252551976
109-137d,room7,2025-10-14 17:00:00,131.70833333333334,161.45896345859921
109-137d,room7,2025-10-14 18:00:00,131.75,162.2870308300288
109-137d,room7,2025-10-14 19:00:00,131.79166666666666,162.3930545562617
109-137d,room7,2025-10-15 08:00:00,132.33333333333334,124.69110532298001
109-137d,room7,2025-10-15 09:00:00,132.375,131.12898855085092
109-137d,room7,2025-10-15 10:00:00,132.41666666666666,163.0547157647545
109-137d,room7,2025-10-15 11:00:00,132.45833333333334,163.40405143104445
109-137d,room7,2025-10-15 12:00:00,132.5,162.92566879557455
109-137d,room7,2025-10-15 13:00:00,132.54166666666666,163.9662732998476
109-137d,room7,2025-10-15 14:00:00,132.58333333333334,162.06773724616946
109-137d,room7,2025-10-15 15:00:00,132.625,160.84276592429524
109-137d,room7,2025-10-15 16:00:00,132.66666666666666,162.39568408225972
109-137d,room7,2025-10-15 17:00:00,132.70833333333334,163.10870947618906
109-137d,room7,2025-10-15 18:00:00,132.75,153.08017906728352
109-137d,room7,2025-10-15 19:00:00,132.79166666666666,149.65857556881977
109-137d,room7,2025-10-15 20:00:00,132.83333333333334,133.28641006851257
109-137d,room7,2025-10-16 08:00:00,133.33333333333334,132.27473022844282
109-137d,room7,2025-10-16 09:00:00,133.375,107.18211972844227
109-137d,room7,2025-10-16 10:00:00,133.41666666666666,163.4960704744081
109-137d,room7,2025-10-16 11:00:00,133.45833333333334,163.77030431270308
109-137d,room7,2025-10-16 12:00:00,133.5,163.42792905079887
109-137d,room7,2025-10-16 13:00:00,133.54166666666666,163.8799447796328
109-137d,room7,2025-10-16 14:00:00,133.58333333333334,164.96581007321404
109-137d,room7,2025-10-16 15:00:00,133.625,166.39917806951576
109-137d,room7,2025-10-16 16:00:00,133.66666666666666,165.97518248829434
109-137d,room7,2025-10-16 17:00:00,133.70833333333334,165.6584166655577
109-137d,room7,2025-10-16 18:00:00,133.75,165.84125050747718
109-137d,room7,2025-10-16 19:00:00,133.79166666666666,164.81093495328165
109-137d,room7,2025-10-16 20:00:00,133.83333333333334,164.00014347857356
109-137d,room7,2025-10-17 08:00:00,134.33333333333334,132.51577870869284
109-137d,room7,2025-10-17 09:00:00,134.375,121.12937799483073
109-137d,room7,2025-10-17 10:00:00,134.41666666666666,163.13591917527887
109-137d,room7,2025-10-17 11:00:00,134.45833333333334,160.18533133660813
109-137d,room7,2025-10-17 12:00:00,134.5,156.54866288480812
109-137d,room7,2025-10-17 13:00:00,134.54166666666666,155.51848600452632
109-137d,room7,2025-10-17 14:00:00,134.58333333333334,153.8061674063249
109-137d,room7,2025-10-17 15:00:00,134.625,152.33191847747221
109-137d,room7,2025-10-17 16:00:00,134.66666666666666,152.08425027561424
109-137d,room7,2025-10-17 17:00:00,134.70833333333334,152.4623725942203
109-137d,room7,2025-10-17 18:00:00,134.75,148.83665585324135
109-137d,room7,2025-10-17 19:00:00,134.79166666666666,145.19374953454047
109-137d,room7,2025-10-17 20:00:00,134.83333333333334,146.88402913967602
109-137d,room7,2025-10-18 08:00:00,135.33333333333334,129.9229850412526
109-137d,room7,2025-10-18 09:00:00,135.375,124.22595465223823
109-137d,room7,2025-10-18 10:00:00,135.41666666666666,164.1049590292947
109-137d,room7,2025-10-18 11:00:00,135.45833333333334,162.3702597531314
109-137d,room7,2025-10-18 12:00:00,135.5,160.9271006795639
109-137d,room7,2025-10-18 13:00:00,135.54166666666666,157.63507500197903
109-137d,room7,2025-10-18 14:00:00,135.58333333333334,158.90146063183857
109-137d,room7,2025-10-18 15:00:00,135.625,149.0604926621245
109-137d,room7,2025-10-18 16:00:00,135.66666666666666,154.32987607372914
109-137d,room7,2025-10-18 17:00:00,135.70833333333334,146.6574736991461
109-137d,room7,2025-10-18 18:00:00,135.75,147.86332985020002
109-137d,room7,2025-10-18 19:00:00,135.79166666666666,133.93925648032214
109-137d,room7,2025-10-18 20:00:00,135.83333333333334,112.55052726720871
109-137d,room7,2025-10-19 08:00:00,136.33333333333334,132.4261059772237
109-137d,room7,2025-10-19 09:00:00,136.375,129.43716965751355
109-137d,room7,2025-10-19 10:00:00,136.41666666666666,164.632518244787
109-137d,room7,2025-10-19 11:00:00,136.45833333333334,163.54918468072546
109-137d,room7,2025-10-19 12:00:00,136.5,163.76086570379576
109-137d,room7,2025-10-19 13:00:00,136.54166666666666,162.26484692227066
109-137d,room7,2025-10-19 14:00:00,136.58333333333334,162.3807100949268
109-137d,room7,2025-10-19 15:00:00,136.625,163.64317410507445
109-137d,room7,2025-10-19 16:00:00,136.66666666666666,162.3680258353982
109-137d,room7,2025-10-19 17:00:00,136.70833333333334,162.10520438474066
109-137d,room7,2025-10-19 18:00:00,136.75,162.96807522071612
109-137d,room7,2025-10-19 19:00:00,136.79166666666666,159.81074330315164
109-137d,room7,2025-10-19 20:00:00,136.83333333333334,147.08243965964994
109-137d,room7,2025-10-20 08:00:00,137.33333333333334,124.71350152698744
137-160d,room2,2025-10-20 09:00:00,137.375,155.98343765280694
137-160d,room2,2025-10-20 10:00:00,137.41666666666666,132.99864451009495
137-160d,room2,2025-10-20 11:00:00,137.45833333333334,133.74395171908554
137-160d,room2,2025-10-20 12:00:00,137.5,133.2403744788033
137-160d,room2,2025-10-20 13:00:00,137.54166666666666,133.9343541878858
137-160d,room2,2025-10-20 14:00:00,137.58333333333334,135.84148421786412
137-160d,room2,2025-10-20 15:00:00,137.625,134.0510221397836
137-160d,room2,2025-10-20 16:00:00,137.66666666666666,130.92136721767346
137-160d,room2,2025-10-20 17:00:00,137.70833333333334,133.0904698835297
137-160d,room2,2025-10-20 18:00:00,137.75,129.91943157757555
137-160d,room2,2025-10-20 19:00:00,137.79166666666666,129.14570993338822
137-160d,room2,2025-10-20 20:00:00,137.83333333333334,129.52455623986467
137-160d,room2,2025-10-20 21:00:00,137.875,130.25965068770154
137-160d,room2,2025-10-21 09:00:00,138.375,161.10180710854135
137-160d,room2,2025-10-21 10:00:00,138.41666666666666,147.20843219342615
137-160d,room2,2025-10-21 11:00:00,138.45833333333334,132.8012129094603
137-160d,room2,2025-10-21 12:00:00,138.5,132.64327423518685
137-160d,room2,2025-10-21 13:00:00,138.54166666666666,134.32316325432643
137-160d,room2,2025-10-21 14:00:00,138.58333333333334,130.88435697923217
137-160d,room2,2025-10-21 15:00:00,138.625,133.7185580236839
137-160d,room2,2025-10-21 16:00:00,138.66666666666666,131.46892923329628
137-160d,room2,2025-10-21 17:00:00,138.70833333333334,131.1591155375346
137-160d,room2,2025-10-21 18:00:00,138.75,133.50284786180674
137-160d,room2,2025-10-21 19:00:00,138.79166666666666,132.61181207277806
137-160d,room2,2025-10-21 20:00:00,138.83333333333334,131.59345806765262
137-160d,room2,2025-10-21 21:00:00,138.875,130.7525759080313
137-160d,room2,2025-10-22 09:00:00,139.375,137.6763267156835
137-160d,room2,2025-10-22 10:00:00,139.41666666666666,131.36180997186023
137-160d,room2,2025-10-22 11:00:00,139.45833333333334,132.3935901680986
137-160d,room2,2025-10-22 12:00:00,139.5,133.59655441887938
137-160d,room2,2025-10-22 13:00:00,139.54166666666666,132.2309674100274
137-160d,room2,2025-10-22 14:00:00,139.58333333333334,133.7832072580651
137-160d,room2,2025-10-22 15:00:00,139.625,132.19753791302537
137-160d,room2,2025-10-22 16:00:00,139.66666666666666,133.20044511239496
137-160d,room2,2025-10-22 17:00:00,139.70833333333334,134.31854048927187
137-160d,room2,2025-10-22 18:00:00,139.75,135.97027034170125
137-160d,room2,2025-10-22 19:00:00,139.79166666666666,134.78523381924606
137-160d,room2,2025-10-22 20:00:00,139.83333333333334,135.38408885394333
137-160d,room2,2025-10-22 21:00:00,139.875,147.28336840302333
137-160d,room2,2025-10-23 08:00:00,140.33333333333334,161.53688436144145
137-160d,room2,2025-10-23 09:00:00,140.375,143.1149300413459
137-160d,room2,2025-10-23 10:00:00,140.41666666666666,134.7369152253725
137-160d,room2,2025-10-23 11:00:00,140.45833333333334,132.26551031807995
137-160d,room2,2025-10-23 12:00:00,140.5,130.49965461255164
137-160d,room2,2025-10-23 13:00:00,140.54166666666666,135.09329234741878
137-160d,room2,2025-10-23 14:00:00,140.58333333333334,134.1393407394389
137-160d,room2,2025-10-23 15:00:00,140.625,132.81234080166854
137-160d,room2,2025-10-23 16:00:00,140.66666666666666,134.6028534284085
137-160d,room2,2025-10-23 17:00:00,140.70833333333334,135.50512057486657
137-160d,room2,2025-10-23 18:00:00,140.75,137.8011586804089
137-160d,room2,2025-10-23 19:00:00,140.79166666666666,137.35204072131026
137-160d,room2,2025-10-23 20:00:00,140.83333333333334,136.64098663220835
137-160d,room2,2025-10-23 21:00:00,140.875,133.34551209410313
137-160d,room2,2025-10-24 08:00:00,141.33333333333334,160.2753186006854
137-160d,room2,2025-10-24 09:00:00,141.375,153.5697192748085
137-160d,room2,2025-10-24 10:00:00,141.41666666666666,142.00975873492575
137-160d,room2,2025-10-24 11:00:00,141.45833333333334,139.1258649167732
137-160d,room2,2025-10-24 12:00:00,141.5,140.5755679973496
137-160d,room2,2025-10-24 13:00:00,141.54166666666666,139.2463956309256
137-160d,room2,2025-10-24 14:00:00,141.58333333333334,138.58265653628337
137-160d,room2,2025-10-24 15:00:00,141.625,136.95849562641163
137-160d,room2,2025-10-24 16:00:00,141.66666666666666,137.9738608062003
137-160d,room2,2025-10-24 17:00:00,141.70833333333334,138.2691729913557
137-160d,room2,2025-10-24 18:00:00,141.75,138.83592527030828
137-160d,room2,2025-10-24 19:00:00,141.79166666666666,146.61943940712823
137-160d,room2,2025-10-24 20:00:00,141.83333333333334,145.47994782336343
137-160d,room2,2025-10-24 21:00:00,141.875,142.70273620027297
137-160d,room2,2025-10-25 08:00:00,142.33333333333334,163.61318634454062
137-160d,room2,2025-10-25 09:00:00,142.375,164.7369330776323
137-160d,room2,2025-10-25 10:00:00,142.41666666666666,142.42336894222478
137-160d,room2,2025-10-25 11:00:00,142.45833333333334,136.58567040521172
137-160d,room2,2025-10-25 12:00:00,142.5,147.14215665248656
137-160d,room2,2025-10-25 13:00:00,142.54166666666666,139.07737417235356
137-160d,room2,2025-10-25 14:00:00,142.58333333333334,136.6335010129636
137-160d,room2,2025-10-25 15:00:00,142.625,132.6903711658131
137-160d,room2,2025-10-25 16:00:00,142.66666666666666,137.12094125184888
137-160d,room2,2025-10-25 17:00:00,142.70833333333334,137.85586900801422
137-160d,room2,2025-10-25 18:00:00,142.75,135.4630476532436
137-160d,room2,2025-10-25 19:00:00,142.79166666666666,135.37593950367003
137-160d,room2,2025-10-25 20:00:00,142.83333333333334,135.4479989097426
137-160d,room2,2025-10-25 21:00:00,142.875,136.5949490683798
137-160d,room2,2025-10-26 08:00:00,143.33333333333334,161.08430288536627
137-160d,room2,2025-10-26 09:00:00,143.375,151.8902727672797
137-160d,room2,2025-10-26 10:00:00,143.41666666666666,157.48238871762896
137-160d,room2,2025-10-26 11:00:00,143.45833333333334,154.4564875234541
137-160d,room2,2025-10-26 12:00:00,143.5,153.76786740967117
137-160d,room2,2025-10-26 13:00:00,143.54166666666666,155.39231868559023
137-160d,room2,2025-10-26 14:00:00,143.58333333333334,156.48954757280111
137-160d,room2,2025-10-26 15:00:00,143.625,144.83719522652697
137-160d,room2,2025-10-26 16:00:00,143.66666666666666,138.46495423200437
137-160d,room2,2025-10-26 17:00:00,143.70833333333334,135.4981514833641
137-160d,room2,2025-10-26 18:00:00,143.75,137.49705421211763
137-160d,room2,2025-10-26 19:00:00,143.79166666666666,149.1383425253167
137-160d,room2,2025-10-26 20:00:00,143.83333333333334,154.63726187530614
137-160d,room2,2025-10-26 21:00:00,143.875,161.79576966542305
137-160d,room2,2025-10-27 08:00:00,144.33333333333334,157.75433067784584
137-160d,room2,2025-10-27 09:00:00,144.375,150.15771686644604
137-160d,room2,2025-10-27 10:00:00,144.41666666666666,138.0242686760145
137-160d,room2,2025-10-27 11:00:00,144.45833333333334,138.53936274152383
137-160d,room2,2025-10-29 12:00:00,146.5,113.82879034960403
137-160d,room2,2025-10-29 13:00:00,146.54166666666666,96.77997464780607
137-160d,room2,2025-10-29 14:00:00,146.58333333333334,144.97518190265106
137-160d,room2,2025-10-29 15:00:00,146.625,146.51458036390179
137-160d,room2,2025-10-29 16:00:00,146.66666666666666,147.4348421871949
137-160d,room2,2025-10-29 17:00:00,146.70833333333334,138.9689649114444
137-160d,room2,2025-10-29 18:00:00,146.75,136.90811039146905
137-160d,room2,2025-10-29 19:00:00,146.79166666666666,150.49409749038108
137-160d,room2,2025-10-29 20:00:00,146.83333333333334,158.64813095004249
137-160d,room2,2025-10-29 21:00:00,146.875,157.29286293574071
137-160d,room2,2025-10-29 22:00:00,146.91666666666666,159.24866521751818
137-160d,room2,2025-10-30 08:00:00,147.33333333333334,160.51610539124692
137-160d,room2,2025-10-30 09:00:00,147.375,163.92400907976543
137-160d,room2,2025-10-30 10:00:00,147.41666666666666,151.67842447800243
137-160d,room2,2025-10-30 11:00:00,147.45833333333334,139.27465334165686
137-160d,room2,2025-10-30 12:00:00,147.5,141.42620550420747
137-160d,room2,2025-10-30 13:00:00,147.54166666666666,153.58583501614342
137-160d,room2,2025-10-30 14:00:00,147.58333333333334,140.0463271511335
137-160d,room2,2025-10-30 15:00:00,147.625,133.71111377710378
137-160d,room2,2025-10-30 16:00:00,147.66666666666666,138.25584279051756
137-160d,room2,2025-10-30 17:00:00,147.70833333333334,132.95488034125714
137-160d,room2,2025-10-30 18:00:00,147.75,141.99150921045504
137-160d,room2,2025-10-30 19:00:00,147.79166666666666,135.24596643796076
137-160d,room2,2025-10-30 20:00:00,147.83333333333334,133.99804176287648
137-160d,room2,2025-10-30 21:00:00,147.875,132.05899983949283
137-160d,room2,2025-10-30 22:00:00,147.91666666666666,137.8905851292425
137-160d,room2,2025-10-31 08:00:00,148.33333333333334,163.72243112873028
137-160d,room2,2025-10-31 09:00:00,148.375,139.49381223363395
137-160d,room2,2025-10-31 10:00:00,148.41666666666666,163.08382833860952
137-160d,room2,2025-10-31 11:00:00,148.45833333333334,163.47174039186683
137-160d,room2,2025-10-31 12:00:00,148.5,153.6173727083974
137-160d,room2,2025-10-31 13:00:00,148.54166666666666,156.99271315550322
137-160d,room2,2025-10-31 14:00:00,148.58333333333334,147.62655493821921
137-160d,room2,2025-10-31 15:00:00,148.625,140.36783867862687
137-160d,room2,2025-10-31 16:00:00,148.66666666666666,143.32513264095488
137-160d,room2,2025-10-31 17:00:00,148.70833333333334,137.30902126064356
137-160d,room2,2025-10-31 18:00:00,148.75,136.4602064962063
137-160d,room2,2025-10-31 19:00:00,148.79166666666666,132.49882468185032
137-160d,room2,2025-10-31 20:00:00,148.83333333333334,134.0403223607599
137-160d,room2,2025-10-31 21:00:00,148.875,130.19018566020887
137-160d,room2,2025-10-31 22:00:00,148.91666666666666,128.52096254291794
137-160d,room2,2025-11-01 08:00:00,149.33333333333334,161.0342610836338
137-160d,room2,2025-11-01 09:00:00,149.375,135.1334872339957
137-160d,room2,2025-11-01 10:00:00,149.41666666666666,160.6843751774382
137-160d,room2,2025-11-01 11:00:00,149.45833333333334,154.5147781847211
137-160d,room2,2025-11-01 12:00:00,149.5,147.64676717729463
137-160d,room2,2025-11-01 13:00:00,149.54166666666666,149.49568985286933
137-160d,room2,2025-11-01 14:00:00,149.58333333333334,138.3181976105834
137-160d,room2,2025-11-01 15:00:00,149.625,155.62472016954345
137-160d,room2,2025-11-01 16:00:00,149.66666666666666,162.03294622837183
137-160d,room2,2025-11-01 17:00:00,149.70833333333334,163.49311106260518
137-160d,room2,2025-11-01 18:00:00,149.75,160.66561837396273
137-160d,room2,2025-11-01 19:00:00,149.79166666666666,162.74790688525687
137-160d,room2,2025-11-01 20:00:00,149.83333333333334,162.43826897620553
137-160d,room2,2025-11-01 21:00:00,149.875,157.3575586005367
137-160d,room2,2025-11-01 22:00:00,149.91666666666666,147.46168070801986
137-160d,room2,2025-11-02 08:00:00,150.33333333333334,164.26312694405792
137-160d,room2,2025-11-02 09:00:00,150.375,163.03627645085024
137-160d,room2,2025-11-02 10:00:00,150.41666666666666,153.64620983974115
137-160d,room2,2025-11-02 11:00:00,150.45833333333334,151.96278675179727
137-160d,room2,2025-11-02 12:00:00,150.5,156.30263866654062
137-160d,room2,2025-11-02 13:00:00,150.54166666666666,152.11972092222464
137-160d,room2,2025-11-02 14:00:00,150.58333333333334,153.29414869780456
137-160d,room2,2025-11-02 15:00:00,150.625,151.5463842684773
137-160d,room2,2025-11-02 16:00:00,150.66666666666666,150.8478134965268
137-160d,room2,2025-11-02 17:00:00,150.70833333333334,152.25982711090057
137-160d,room2,2025-11-02 18:00:00,150.75,151.44494386206645
137-160d,room2,2025-11-02 19:00:00,150.79166666666666,148.21943647951204
137-160d,room2,2025-11-02 20:00:00,150.83333333333334,146.61799364054477
137-160d,room2,2025-11-02 21:00:00,150.875,149.3325813728637
137-160d,room2,2025-11-02 22:00:00,150.91666666666666,138.7844699589663
137-160d,room2,2025-11-03 08:00:00,151.33333333333334,168.28300003102635
137-160d,room2,2025-11-03 09:00:00,151.375,156.27482662364122
137-160d,room2,2025-11-03 10:00:00,151.41666666666666,151.16421138032726
137-160d,room2,2025-11-03 11:00:00,151.45833333333334,151.45439352659483
137-160d,room2,2025-11-03 12:00:00,151.5,151.45089886951607
137-160d,room2,2025-11-03 13:00:00,151.54166666666666,152.07799986344006
137-160d,room2,2025-11-03 14:00:00,151.58333333333334,148.57598210614523
137-160d,room2,2025-11-03 15:00:00,151.625,149.9241935605374
137-160d,room2,2025-11-03 16:00:00,151.66666666666666,150.90410763132033
137-160d,room2,2025-11-03 17:00:00,151.70833333333334,147.20698713438767
137-160d,room2,2025-11-03 18:00:00,151.75,147.98829853178125
137-160d,room2,2025-11-03 19:00:00,151.79166666666666,146.04277605467507
137-160d,room2,2025-11-03 20:00:00,151.83333333333334,145.05743345234973
137-160d,room2,2025-11-03 21:00:00,151.875,147.42350940049133
137-160d,room2,2025-11-03 22:00:00,151.91666666666666,148.01944018202732
137-160d,room2,2025-11-04 08:00:00,152.33333333333334,168.15781713062648
137-160d,room2,2025-11-04 09:00:00,152.375,158.4416291105347
137-160d,room2,2025-11-04 10:00:00,152.41666666666666,157.3668444332478
137-160d,room2,2025-11-04 11:00:00,152.45833333333334,154.22311144946062
137-160d,room2,2025-11-04 12:00:00,152.5,154.27144998806116
137-160d,room2,2025-11-04 13:00:00,152.54166666666666,155.41042802081333
137-160d,room2,2025-11-04 14:00:00,152.58333333333334,155.13234323137695
137-160d,room2,2025-11-04 15:00:00,152.625,158.04715667280013
137-160d,room2,2025-11-04 16:00:00,152.66666666666666,165.3325113277954
137-160d,room2,2025-11-04 17:00:00,152.70833333333334,159.84398830404825
137-160d,room2,2025-11-04 18:00:00,152.75,167.2363426665031
137-160d,room2,2025-11-04 19:00:00,152.79166666666666,167.1918415603464
137-160d,room2,2025-11-04 20:00:00,152.83333333333334,166.61733181405268
137-160d,room2,2025-11-04 21:00:00,152.875,166.8642816133823
137-160d,room2,2025-11-04 22:00:00,152.91666666666666,170.02030243163136
137-160d,room2,2025-11-05 08:00:00,153.33333333333334,170.83253662592162
137-160d,room2,2025-11-05 09:00:00,153.375,165.0762631494616
137-160d,room2,2025-11-05 10:00:00,153.41666666666666,157.63227171199512
137-160d,room2,2025-11-05 11:00:00,153.45833333333334,158.80081294388236
137-160d,room2,2025-11-05 12:00:00,153.5,155.57728247439132
137-160d,room2,2025-11-05 13:00:00,153.54166666666666,169.2551500876385
137-160d,room2,2025-11-05 14:00:00,153.58333333333334,163.9653505713183
137-160d,room2,2025-11-05 15:00:00,153.625,168.47610104586974
137-160d,room2,2025-11-05 16:00:00,153.66666666666666,166.66801159796591
137-160d,room2,2025-11-05 17:00:00,153.70833333333334,166.70868774596693
137-160d,room2,2025-11-05 18:00:00,153.75,167.3199864381673
137-160d,room2,2025-11-05 19:00:00,153.79166666666666,167.523446129993
137-160d,room2,2025-11-05 20:00:00,153.83333333333334,166.63656887175725
137-160d,room2,2025-11-05 21:00:00,153.875,166.71010966382198
137-160d,room2,2025-11-05 22:00:00,153.91666666666666,166.88297587720956
137-160d,room2,2025-11-06 08:00:00,154.33333333333334,153.02973723803495
137-160d,room2,2025-11-06 09:00:00,154.375,164.09069096829634
137-160d,room2,2025-11-06 10:00:00,154.41666666666666,156.5305816233484
137-160d,room2,2025-11-06 11:00:00,154.45833333333334,153.6694892447169
137-160d,room2,2025-11-06 12:00:00,154.5,157.45517871442254
137-160d,room2,2025-11-06 13:00:00,154.54166666666666,154.52407232989424
137-160d,room2,2025-11-06 14:00:00,154.58333333333334,154.18128571605746
137-160d,room2,2025-11-06 15:00:00,154.625,153.32537181188442
137-160d,room2,2025-11-06 16:00:00,154.66666666666666,149.486252377201
137-160d,room2,2025-11-06 17:00:00,154.70833333333334,151.1842042993144
137-160d,room2,2025-11-06 18:00:00,154.75,152.78358075953324
137-160d,room2,2025-11-06 19:00:00,154.79166666666666,166.40505732025488
137-160d,room2,2025-11-06 20:00:00,154.83333333333334,165.36637946119822
137-160d,room2,2025-11-06 21:00:00,154.875,167.03566786735902
137-160d,room2,2025-11-06 22:00:00,154.91666666666666,169.1665976280581
137-160d,room2,2025-11-07 08:00:00,155.33333333333334,160.6403774384696
137-160d,room2,2025-11-07 09:00:00,155.375,160.55811645125976
137-160d,room2,2025-11-07 10:00:00,155.41666666666666,156.7914830476397
137-160d,room2,2025-11-07 11:00:00,155.45833333333334,157.01450559235758
137-160d,room2,2025-11-07 12:00:00,155.5,157.14395565435717
137-160d,room2,2025-11-07 13:00:00,155.54166666666666,166.25004518634827
137-160d,room2,2025-11-07 14:00:00,155.58333333333334,166.74941005409937
137-160d,room2,2025-11-07 15:00:00,155.625,167.03381046184745
137-160d,room2,2025-11-07 16:00:00,155.66666666666666,165.88723662689358
137-160d,room2,2025-11-07 17:00:00,155.70833333333334,168.27872464915492
137-160d,room2,2025-11-07 18:00:00,155.75,168.0549615009719
137-160d,room2,2025-11-07 19:00:00,155.79166666666666,168.2224401726833
137-160d,room2,2025-11-07 20:00:00,155.83333333333334,167.09256180489817
137-160d,room2,2025-11-07 21:00:00,155.875,168.59390003151518
137-160d,room2,2025-11-07 22:00:00,155.91666666666666,170.79563500004124
137-160d,room2,2025-11-08 08:00:00,156.33333333333334,168.53628071735105
137-160d,room2,2025-11-08 09:00:00,156.375,154.62073803561657
137-160d,room2,2025-11-08 10:00:00,156.41666666666666,169.02846570913712
137-160d,room2,2025-11-08 11:00:00,156.45833333333334,170.1874352706345
137-160d,room2,2025-11-08 12:00:00,156.5,168.99073714507824
137-160d,room2,2025-11-08 13:00:00,156.54166666666666,170.52384554716798
137-160d,room2,2025-11-08 14:00:00,156.58333333333334,168.87737780001137
137-160d,room2,2025-11-08 15:00:00,156.625,168.05600809617343
137-160d,room2,2025-11-08 16:00:00,156.66666666666666,168.37866615058053
137-160d,room2,2025-11-08 17:00:00,156.70833333333334,167.69554698325018
137-160d,room2,2025-11-08 18:00:00,156.75,170.59267470174774
137-160d,room2,2025-11-08 19:00:00,156.79166666666666,170.20227351517627
137-160d,room2,2025-11-08 20:00:00,156.83333333333334,170.31150629652575
137-160d,room2,2025-11-08 21:00:00,156.875,171.5019547051776
137-160d,room2,2025-11-08 22:00:00,156.91666666666666,171.60371410266757
137-160d,room2,2025-11-09 08:00:00,157.33333333333334,160.82792341585045
137-160d,room2,2025-11-09 09:00:00,157.375,160.45822353703102
137-160d,room2,2025-11-09 10:00:00,157.41666666666666,170.33925565916977
137-160d,room2,2025-11-09 11:00:00,157.45833333333334,170.4380797589493
137-160d,room2,2025-11-09 12:00:00,157.5,169.56712911322052
137-160d,room2,2025-11-09 13:00:00,157.54166666666666,170.1718877524046
137-160d,room2,2025-11-09 14:00:00,157.58333333333334,168.10725601581134
137-160d,room2,2025-11-09 15:00:00,157.625,167.05056364554466
137-160d,room2,2025-11-09 16:00:00,157.66666666666666,167.92341452029575
137-160d,room2,2025-11-09 17:00:00,157.70833333333334,167.65496718361123
137-160d,room2,2025-11-09 18:00:00,157.75,168.14994266120806
137-160d,room2,2025-11-09 19:00:00,157.79166666666666,168.63657048773268
137-160d,room2,2025-11-09 20:00:00,157.83333333333334,168.24568113721742
137-160d,room2,2025-11-09 21:00:00,157.875,168.05367772881254
137-160d,room2,2025-11-09 22:00:00,157.91666666666666,169.12311907295322
137-160d,room2,2025-11-10 08:00:00,158.33333333333334,165.99831198941504
137-160d,room2,2025-11-10 09:00:00,158.375,163.78412565214944
137-160d,room2,2025-11-10 10:00:00,158.41666666666666,168.1805407632149
137-160d,room2,2025-11-10 11:00:00,158.45833333333334,168.2277864999153
137-160d,room2,2025-11-10 12:00:00,158.5,169.2029210410387
137-160d,room2,2025-11-10 13:00:00,158.54166666666666,165.8679676508493
137-160d,room2,2025-11-10 14:00:00,158.58333333333334,164.09883466319803
137-160d,room2,2025-11-10 15:00:00,158.625,168.0431972399948
137-160d,room2,2025-11-10 16:00:00,158.66666666666666,167.71002384412768
137-160d,room2,2025-11-10 17:00:00,158.70833333333334,168.91155610152066
137-160d,room2,2025-11-10 18:00:00,158.75,168.90185568775155
137-160d,room2,2025-11-10 19:00:00,158.79166666666666,169.47540840217687
137-160d,room2,2025-11-10 20:00:00,158.83333333333334,170.7091641383567
137-160d,room2,2025-11-10 21:00:00,158.875,169.69854357784678
137-160d,room2,2025-11-10 22:00:00,158.91666666666666,170.0967243206605
137-160d,room2,2025-11-11 08:00:00,159.33333333333334,170.20245622115797
137-160d,room2,2025-11-11 09:00:00,159.375,137.6479535676702
137-160d,room2,2025-11-11 10:00:00,159.41666666666666,168.32301168638296
137-160d,room2,2025-11-11 11:00:00,159.45833333333334,168.1279942335121
137-160d,room2,2025-11-11 12:00:00,159.5,168.06340070417193
137-160d,room2,2025-11-11 13:00:00,159.54166666666666,166.43285029460233
137-160d,room2,2025-11-11 14:00:00,159.58333333333334,165.4454656122842
137-160d,room2,2025-11-11 15:00:00,159.625,163.79084818450073
137-160d,room2,2025-11-11 16:00:00,159.66666666666666,163.45421491014153
137-160d,room2,2025-11-11 17:00:00,159.70833333333334,166.46375477273986
137-160d,room2,2025-11-11 18:00:00,159.75,166.73008267387132
137-160d,room2,2025-11-11 19:00:00,159.79166666666666,165.76188964168205
137-160d,room2,2025-11-11 20:00:00,159.83333333333334,167.2264718912957
137-160d,room2,2025-11-11 21:00:00,159.875,166.85433484541377
137-160d,room2,2025-11-11 22:00:00,159.91666666666666,163.8862130928476
137-160d,room6,2025-10-20 09:00:00,137.375,126.95518509225546
137-160d,room6,2025-10-20 10:00:00,137.41666666666666,141.45362841470407
137-160d,room6,2025-10-20 11:00:00,137.45833333333334,130.8186855456855
137-160d,room6,2025-10-20 12:00:00,137.5,140.90635775432432
137-160d,room6,2025-10-20 13:00:00,137.54166666666666,138.19365851652225
137-160d,room6,2025-10-20 14:00:00,137.58333333333334,132.73710836491307
137-160d,room6,2025-10-20 15:00:00,137.625,129.7121152774729
137-160d,room6,2025-10-20 16:00:00,137.66666666666666,135.1063356774674
137-160d,room6,2025-10-20 17:00:00,137.70833333333334,135.2579623968228
137-160d,room6,2025-10-20 18:00:00,137.75,129.91733976643727
137-160d,room6,2025-10-20 19:00:00,137.79166666666666,131.1256236762367
137-160d,room6,2025-10-20 20:00:00,137.83333333333334,130.93829755549905
137-160d,room6,2025-10-20 21:00:00,137.875,132.2086938441239
137-160d,room6,2025-10-21 09:00:00,138.375,143.16115495595955
137-160d,room6,2025-10-21 10:00:00,138.41666666666666,127.57633608275209
137-160d,room6,2025-10-21 11:00:00,138.45833333333334,144.1210292300524
137-160d,room6,2025-10-21 12:00:00,138.5,135.45399218915927
137-160d,room6,2025-10-21 13:00:00,138.54166666666666,142.75867808566525
137-160d,room6,2025-10-21 14:00:00,138.58333333333334,138.65909716839704
137-160d,room6,2025-10-21 15:00:00,138.625,137.15640882874058
137-160d,room6,2025-10-21 16:00:00,138.66666666666666,135.99895524317722
137-160d,room6,2025-10-21 17:00:00,138.70833333333334,133.48009617493057
137-160d,room6,2025-10-21 18:00:00,138.75,136.1610658837837
137-160d,room6,2025-10-21 19:00:00,138.79166666666666,137.91892471817815
137-160d,room6,2025-10-21 20:00:00,138.83333333333334,137.1978767892013
137-160d,room6,2025-10-21 21:00:00,138.875,137.53795650781854
137-160d,room6,2025-10-22 09:00:00,139.375,159.60595770902262
137-160d,room6,2025-10-22 10:00:00,139.41666666666666,141.58556204761064
137-160d,room6,2025-10-22 11:00:00,139.45833333333334,135.35343090936018
137-160d,room6,2025-10-22 12:00:00,139.5,133.55984566028687
137-160d,room6,2025-10-22 13:00:00,139.54166666666666,136.15439467885258
137-160d,room6,2025-10-22 14:00:00,139.58333333333334,133.39322577245952
137-160d,room6,2025-10-22 15:00:00,139.625,135.4139050921923
137-160d,room6,2025-10-22 16:00:00,139.66666666666666,137.24457513779603
137-160d,room6,2025-10-22 17:00:00,139.70833333333334,133.48794776484547
137-160d,room6,2025-10-22 18:00:00,139.75,135.60531532889314
137-160d,room6,2025-10-22 19:00:00,139.79166666666666,139.2094365151058
137-160d,room6,2025-10-22 20:00:00,139.83333333333334,136.41312403516997
137-160d,room6,2025-10-22 21:00:00,139.875,133.692976548881
137-160d,room6,2025-10-23 16:00:00,140.66666666666666,106.46312857589527
137-160d,room6,2025-10-23 17:00:00,140.70833333333334,122.33922884320609
137-160d,room6,2025-10-23 18:00:00,140.75,135.80852643944053
137-160d,room6,2025-10-23 19:00:00,140.79166666666666,134.40544754935485
137-160d,room6,2025-10-27 12:00:00,144.5,139.70028284691418
137-160d,room6,2025-10-27 13:00:00,144.54166666666666,159.78085053259346
137-160d,room6,2025-10-27 14:00:00,144.58333333333334,127.64012762158596
137-160d,room6,2025-10-27 15:00:00,144.625,135.477755833774
137-160d,room6,2025-10-27 16:00:00,144.66666666666666,134.7093455279031
137-160d,room6,2025-10-27 17:00:00,144.70833333333334,131.21644192595113
137-160d,room6,2025-10-27 18:00:00,144.75,129.24778147917573
137-160d,room6,2025-10-27 19:00:00,144.79166666666666,131.99702712510538
137-160d,room6,2025-10-27 20:00:00,144.83333333333334,134.2024079568614
137-160d,room6,2025-10-27 21:00:00,144.875,133.96978332153517
137-160d,room6,2025-10-27 22:00:00,144.91666666666666,136.10009696282168
137-160d,room6,2025-10-28 09:00:00,145.375,151.30669883647207
137-160d,room6,2025-10-28 10:00:00,145.41666666666666,153.11681516139956
137-160d,room6,2025-10-28 11:00:00,145.45833333333334,141.7610346764374
137-160d,room6,2025-10-28 12:00:00,145.5,141.389789885428
137-160d,room6,2025-10-28 13:00:00,145.54166666666666,140.8474726460214
137-160d,room6,2025-10-28 14:00:00,145.58333333333334,136.3838851899049
137-160d,room6,2025-10-28 15:00:00,145.625,143.43487763943546
137-160d,room6,2025-10-28 16:00:00,145.66666666666666,144.30148757866533
137-160d,room6,2025-10-28 17:00:00,145.70833333333334,147.89321310767681
137-160d,room6,2025-10-28 18:00:00,145.75,148.4785260406827
137-160d,room6,2025-10-28 19:00:00,145.79166666666666,151.04507186543032
137-160d,room6,2025-10-28 20:00:00,145.83333333333334,147.59715016326717
137-160d,room6,2025-10-28 21:00:00,145.875,137.58303573391177
137-160d,room6,2025-10-28 22:00:00,145.91666666666666,138.11627910726838
137-160d,room6,2025-10-29 10:00:00,146.41666666666666,140.54067507840395
137-160d,room6,2025-10-29 11:00:00,146.45833333333334,141.95807328521232
137-160d,room6,2025-10-29 12:00:00,146.5,146.3505548109588
137-160d,room6,2025-10-29 13:00:00,146.54166666666666,147.69921334767966
137-160d,room6,2025-10-29 14:00:00,146.58333333333334,139.06635501900797
137-160d,room6,2025-10-29 15:00:00,146.625,134.7867448564552
137-160d,room6,2025-10-29 16:00:00,146.66666666666666,143.24998311755024
137-160d,room6,2025-10-29 17:00:00,146.70833333333334,152.7980236985646
137-160d,room6,2025-10-29 18:00:00,146.75,147.86032946469297
137-160d,room6,2025-10-29 19:00:00,146.79166666666666,146.98696705379916
137-160d,room6,2025-10-29 20:00:00,146.83333333333334,146.75812902502796
137-160d,room6,2025-10-29 21:00:00,146.875,148.6296040955192
137-160d,room6,2025-10-29 22:00:00,146.91666666666666,151.75761555882514
137-160d,room6,2025-10-29 23:00:00,146.95833333333334,153.27239995301662
137-160d,room6,2025-10-30 09:00:00,147.375,135.17386285171662
137-160d,room6,2025-10-30 10:00:00,147.41666666666666,143.88450143096912
137-160d,room6,2025-10-30 11:00:00,147.45833333333334,137.8563796110526
137-160d,room6,2025-10-30 12:00:00,147.5,137.53301736020944
137-160d,room6,2025-10-30 13:00:00,147.54166666666666,139.56453161779058
137-160d,room6,2025-10-30 14:00:00,147.58333333333334,158.41766662277774
137-160d,room6,2025-10-30 15:00:00,147.625,168.20999172445207
137-160d,room6,2025-10-30 16:00:00,147.66666666666666,161.9700962341181
137-160d,room6,2025-10-30 17:00:00,147.70833333333334,169.41544736218844
137-160d,room6,2025-10-30 18:00:00,147.75,165.595240697624
137-160d,room6,2025-10-30 19:00:00,147.79166666666666,161.30345796792912
137-160d,room6,2025-10-30 20:00:00,147.83333333333334,153.8172259433008
137-160d,room6,2025-10-30 21:00:00,147.875,151.43120385854556
137-160d,room6,2025-10-30 22:00:00,147.91666666666666,149.53868921165645
137-160d,room6,2025-10-30 23:00:00,147.95833333333334,139.48243054510613
137-160d,room6,2025-10-31 09:00:00,148.375,162.1655139960834
137-160d,room6,2025-10-31 10:00:00,148.41666666666666,150.52891099876695
137-160d,room6,2025-10-31 11:00:00,148.45833333333334,140.56543826606614
137-160d,room6,2025-10-31 12:00:00,148.5,138.69087388752234
137-160d,room6,2025-10-31 13:00:00,148.54166666666666,138.85169616845667
137-160d,room6,2025-10-31 14:00:00,148.58333333333334,134.28632765931758
137-160d,room6,2025-10-31 15:00:00,148.625,136.38491503820435
137-160d,room6,2025-10-31 16:00:00,148.66666666666666,149.04869195721497
137-160d,room6,2025-10-31 17:00:00,148.70833333333334,154.029287755459
137-160d,room6,2025-10-31 18:00:00,148.75,152.7967480476011
137-160d,room6,2025-10-31 19:00:00,148.79166666666666,153.1640501149174
137-160d,room6,2025-10-31 20:00:00,148.83333333333334,144.30626830696895
137-160d,room6,2025-10-31 21:00:00,148.875,145.74912903925178
137-160d,room6,2025-10-31 22:00:00,148.91666666666666,144.37221425024072
137-160d,room6,2025-10-31 23:00:00,148.95833333333334,151.53793485536394
137-160d,room6,2025-11-03 17:00:00,151.70833333333334,121.84749503190959
137-160d,room6,2025-11-03 18:00:00,151.75,116.45859349601416
137-160d,room6,2025-11-03 19:00:00,151.79166666666666,134.40849746095282
137-160d,room6,2025-11-03 20:00:00,151.83333333333334,143.87113059120443
137-160d,room6,2025-11-03 21:00:00,151.875,146.8760855515094
137-160d,room6,2025-11-03 22:00:00,151.91666666666666,141.30786731862307
137-160d,room6,2025-11-05 10:00:00,153.41666666666666,144.54087005540003
137-160d,room6,2025-11-05 11:00:00,153.45833333333334,148.01786814798947
137-160d,room6,2025-11-05 12:00:00,153.5,167.16468735881296
137-160d,room6,2025-11-05 13:00:00,153.54166666666666,170.12060924959113
137-160d,room6,2025-11-05 14:00:00,153.58333333333334,168.61559551337623
137-160d,room6,2025-11-05 15:00:00,153.625,166.032340664081
137-160d,room6,2025-11-05 16:00:00,153.66666666666666,166.83921486949424
137-160d,room6,2025-11-05 17:00:00,153.70833333333334,167.5589411169984
137-160d,room6,2025-11-05 18:00:00,153.75,166.32201800202807
137-160d,room6,2025-11-05 19:00:00,153.79166666666666,161.9566474006133
137-160d,room6,2025-11-05 20:00:00,153.83333333333334,155.38860309980424
137-160d,room6,2025-11-05 21:00:00,153.875,147.99148785547268
137-160d,room6,2025-11-05 22:00:00,153.91666666666666,148.9412404700773
137-160d,room6,2025-11-06 08:00:00,154.33333333333334,164.9829290507944
137-160d,room6,2025-11-06 09:00:00,154.375,169.17953854857964
137-160d,room6,2025-11-06 10:00:00,154.41666666666666,165.21592726327546
137-160d,room6,2025-11-06 11:00:00,154.45833333333334,165.2778154266062
137-160d,room6,2025-11-06 12:00:00,154.5,165.0389747312132
137-160d,room6,2025-11-06 13:00:00,154.54166666666666,167.31832895010334
137-160d,room6,2025-11-06 14:00:00,154.58333333333334,167.5138872157882
137-160d,room6,2025-11-06 15:00:00,154.625,169.08695299913802
137-160d,room6,2025-11-06 16:00:00,154.66666666666666,166.58575152402457
137-160d,room6,2025-11-06 17:00:00,154.70833333333334,164.38888868551913
137-160d,room6,2025-11-06 18:00:00,154.75,164.2698149068994
137-160d,room6,2025-11-06 19:00:00,154.79166666666666,162.09329705497998
137-160d,room6,2025-11-06 20:00:00,154.83333333333334,158.70933335479046
137-160d,room6,2025-11-06 21:00:00,154.875,147.52551012185833
137-160d,room6,2025-11-06 22:00:00,154.91666666666666,153.46218968032667
137-160d,room6,2025-11-07 08:00:00,155.33333333333334,165.30180635865068
137-160d,room6,2025-11-07 10:00:00,155.41666666666666,155.55917334917717
137-160d,room6,2025-11-07 11:00:00,155.45833333333334,143.83585948333342
137-160d,room6,2025-11-07 13:00:00,155.54166666666666,166.6181669702697
137-160d,room6,2025-11-07 14:00:00,155.58333333333334,162.0592067257144
137-160d,room6,2025-11-07 15:00:00,155.625,163.2044415359184
137-160d,room6,2025-11-07 16:00:00,155.66666666666666,165.728774875947
137-160d,room6,2025-11-07 17:00:00,155.70833333333334,166.97968915750235
137-160d,room6,2025-11-07 18:00:00,155.75,168.53023979599706
137-160d,room6,2025-11-07 19:00:00,155.79166666666666,167.8794354595917
137-160d,room6,2025-11-07 20:00:00,155.83333333333334,167.67891397538992
137-160d,room6,2025-11-07 21:00:00,155.875,169.07101931724753
137-160d,room6,2025-11-07 22:00:00,155.91666666666666,172.24279685165172
137-160d,room6,2025-11-08 08:00:00,156.33333333333334,162.50888851849274
137-160d,room6,2025-11-08 09:00:00,156.375,167.2798114703991
137-160d,room6,2025-11-08 10:00:00,156.41666666666666,169.26883491113244
137-160d,room6,2025-11-08 11:00:00,156.45833333333334,171.49447362964924
137-160d,room6,2025-11-08 12:00:00,156.5,168.7980529437651
137-160d,room6,2025-11-08 13:00:00,156.54166666666666,171.8298786320532
137-160d,room6,2025-11-08 14:00:00,156.58333333333334,169.63206101524196
137-160d,room6,2025-11-08 15:00:00,156.625,170.5790807385724
137-160d,room6,2025-11-08 16:00:00,156.66666666666666,169.36875180809298
137-160d,room6,2025-11-08 17:00:00,156.70833333333334,168.5645172547227
137-160d,room6,2025-11-08 18:00:00,156.75,167.35745152729288
137-160d,room6,2025-11-08 19:00:00,156.79166666666666,166.31325252575198
137-160d,room6,2025-11-08 20:00:00,156.83333333333334,168.83090677767174
137-160d,room6,2025-11-08 21:00:00,156.875,169.35901345001602
137-160d,room6,2025-11-08 22:00:00,156.91666666666666,169.02731365126243
137-160d,room6,2025-11-09 08:00:00,157.33333333333334,147.67780350039777
137-160d,room6,2025-11-09 09:00:00,157.375,170.05357653864837
137-160d,room6,2025-11-09 10:00:00,157.41666666666666,168.16178327848868
137-160d,room6,2025-11-09 11:00:00,157.45833333333334,170.5136710867962
137-160d,room6,2025-11-09 12:00:00,157.5,166.6518230565095
137-160d,room6,2025-11-09 13:00:00,157.54166666666666,167.17175541738413
137-160d,room6,2025-11-09 14:00:00,157.58333333333334,165.79867306461915
137-160d,room6,2025-11-09 15:00:00,157.625,165.9049965403774
137-160d,room6,2025-11-09 16:00:00,157.66666666666666,169.50935722722207
137-160d,room6,2025-11-09 17:00:00,157.70833333333334,168.27190323984664
137-160d,room6,2025-11-09 18:00:00,157.75,169.8327065228693
137-160d,room6,2025-11-09 19:00:00,157.79166666666666,168.21736929144993
137-160d,room6,2025-11-09 20:00:00,157.83333333333334,169.2282086629821
137-160d,room6,2025-11-09 21:00:00,157.875,163.61483915048308
137-160d,room6,2025-11-09 22:00:00,157.91666666666666,164.70245635508735
137-160d,room6,2025-11-10 10:00:00,158.41666666666666,120.21712085512392
137-160d,room6,2025-11-10 11:00:00,158.45833333333334,90.01657604765663
137-160d,room6,2025-11-10 12:00:00,158.5,164.33357016876343
137-160d,room6,2025-11-10 13:00:00,158.54166666666666,164.17131224937603
137-160d,room6,2025-11-10 14:00:00,158.58333333333334,162.8706256592711
137-160d,room6,2025-11-10 15:00:00,158.625,162.09098099564756
137-160d,room6,2025-11-10 16:00:00,158.66666666666666,160.67532972709907
137-160d,room6,2025-11-10 17:00:00,158.70833333333334,167.58064500936402
137-160d,room6,2025-11-10 18:00:00,158.75,167.70789176269395
137-160d,room6,2025-11-10 19:00:00,158.79166666666666,166.3352992615817
137-160d,room6,2025-11-10 20:00:00,158.83333333333334,165.47584567847147
137-160d,room6,2025-11-10 21:00:00,158.875,165.43916215747714
137-160d,room6,2025-11-10 22:00:00,158.91666666666666,165.46227923845512
137-160d,room6,2025-11-11 08:00:00,159.33333333333334,158.89017997152973
137-160d,room6,2025-11-11 09:00:00,159.375,173.61399695340322
137-160d,room6,2025-11-11 10:00:00,159.41666666666666,166.92552391609948
137-160d,room6,2025-11-11 11:00:00,159.45833333333334,166.50019837582929
137-160d,room6,2025-11-11 12:00:00,159.5,166.61462826218406
137-160d,room6,2025-11-11 13:00:00,159.54166666666666,166.06016939044986
137-160d,room6,2025-11-11 14:00:00,159.58333333333334,166.03184242175604
137-160d,room6,2025-11-11 15:00:00,159.625,166.77251249384335
137-160d,room6,2025-11-11 16:00:00,159.66666666666666,165.32448787869583
137-160d,room6,2025-11-11 17:00:00,159.70833333333334,168.5135682813879
137-160d,room6,2025-11-11 18:00:00,159.75,165.48034572169874
137-160d,room6,2025-11-11 19:00:00,159.79166666666666,167.28943964273887
137-160d,room6,2025-11-11 20:00:00,159.83333333333334,163.82066279899
137-160d,room6,2025-11-11 21:00:00,159.875,163.16985644773743
137-160d,room6,2025-11-11 22:00:00,159.91666666666666,165.7462475896198
137-160d,room7,2025-10-20 09:00:00,137.375,138.99018836556422
137-160d,room7,2025-10-20 10:00:00,137.41666666666666,133.15757952762993
137-160d,room7,2025-10-20 11:00:00,137.45833333333334,132.39195503173664
137-160d,room7,2025-10-20 12:00:00,137.5,126.63718098818804
137-160d,room7,2025-10-20 13:00:00,137.54166666666666,126.04352669424057
137-160d,room7,2025-10-20 14:00:00,137.58333333333334,124.76761774573184
137-160d,room7,2025-10-20 15:00:00,137.625,128.01602303014437
137-160d,room7,2025-10-20 16:00:00,137.66666666666666,123.78010573921803
137-160d,room7,2025-10-20 17:00:00,137.70833333333334,126.34360712359654
137-160d,room7,2025-10-20 18:00:00,137.75,125.20100510439926
137-160d,room7,2025-10-20 19:00:00,137.79166666666666,125.91486561607064
137-160d,room7,2025-10-20 20:00:00,137.83333333333334,122.4944355279999
137-160d,room7,2025-10-21 08:00:00,138.33333333333334,137.6719721633021
137-160d,room7,2025-10-21 09:00:00,138.375,145.58258471228135
137-160d,room7,2025-10-21 10:00:00,138.41666666666666,135.1563571120905
137-160d,room7,2025-10-21 11:00:00,138.45833333333334,131.2163498472259
137-160d,room7,2025-10-21 12:00:00,138.5,132.05162034193302
137-160d,room7,2025-10-21 13:00:00,138.54166666666666,133.47510871329646
137-160d,room7,2025-10-21 14:00:00,138.58333333333334,126.66335977508948
137-160d,room7,2025-10-21 15:00:00,138.625,128.66155571609715
137-160d,room7,2025-10-21 16:00:00,138.66666666666666,123.27444055486967
137-160d,room7,2025-10-21 17:00:00,138.70833333333334,123.5854717424698
137-160d,room7,2025-10-21 18:00:00,138.75,123.96271347684737
137-160d,room7,2025-10-21 19:00:00,138.79166666666666,126.56584805875633
137-160d,room7,2025-10-21 20:00:00,138.83333333333334,122.21002453907101
137-160d,room7,2025-10-22 08:00:00,139.33333333333334,141.77266523575832
137-160d,room7,2025-10-22 09:00:00,139.375,152.6021722533852
137-160d,room7,2025-10-22 10:00:00,139.41666666666666,132.49449169419802
137-160d,room7,2025-10-22 11:00:00,139.45833333333334,134.4082824799546
137-160d,room7,2025-10-22 12:00:00,139.5,136.5388214407905
137-160d,room7,2025-10-22 13:00:00,139.54166666666666,133.67058927651303
137-160d,room7,2025-10-22 14:00:00,139.58333333333334,127.91201610340684
137-160d,room7,2025-10-22 15:00:00,139.625,128.68171933875485
137-160d,room7,2025-10-22 16:00:00,139.66666666666666,123.86508284457231
137-160d,room7,2025-10-22 17:00:00,139.70833333333334,127.86167005994467
137-160d,room7,2025-10-22 18:00:00,139.75,122.94497567421001
137-160d,room7,2025-10-22 19:00:00,139.79166666666666,119.05634967304016
137-160d,room7,2025-10-22 20:00:00,139.83333333333334,117.496085502771
137-160d,room7,2025-10-23 07:00:00,140.29166666666666,137.44870203290495
137-160d,room7,2025-10-23 08:00:00,140.33333333333334,164.26382162153493
137-160d,room7,2025-10-23 09:00:00,140.375,136.44167751366538
137-160d,room7,2025-10-23 10:00:00,140.41666666666666,132.88548034775172
137-160d,room7,2025-10-23 11:00:00,140.45833333333334,132.31098266949317
137-160d,room7,2025-10-23 12:00:00,140.5,133.35698806246722
137-160d,room7,2025-10-23 13:00:00,140.54166666666666,130.08363073362094
137-160d,room7,2025-10-23 14:00:00,140.58333333333334,129.50599345341908
137-160d,room7,2025-10-23 15:00:00,140.625,133.16147661669203
137-160d,room7,2025-10-23 16:00:00,140.66666666666666,129.91923510362184
137-160d,room7,2025-10-23 17:00:00,140.70833333333334,128.21416881465095
137-160d,room7,2025-10-23 18:00:00,140.75,129.72409339405277
137-160d,room7,2025-10-23 19:00:00,140.79166666666666,126.05967996035827
137-160d,room7,2025-10-23 20:00:00,140.83333333333334,120.71232140958973
137-160d,room7,2025-10-24 07:00:00,141.29166666666666,151.81734853397592
137-160d,room7,2025-10-24 08:00:00,141.33333333333334,154.9780904316861
137-160d,room7,2025-10-24 09:00:00,141.375,146.17850921642327
137-160d,room7,2025-10-24 10:00:00,141.41666666666666,137.26606264039737
137-160d,room7,2025-10-24 11:00:00,141.45833333333334,136.51055343393492
137-160d,room7,2025-10-24 12:00:00,141.5,132.5983671272691
137-160d,room7,2025-10-24 13:00:00,141.54166666666666,133.25862837699134
137-160d,room7,2025-10-24 14:00:00,141.58333333333334,134.13088072853895
137-160d,room7,2025-10-24 15:00:00,141.625,131.2253304644301
137-160d,room7,2025-10-24 16:00:00,141.66666666666666,128.78540358747867
137-160d,room7,2025-10-24 17:00:00,141.70833333333334,131.06918279945327
137-160d,room7,2025-10-24 18:00:00,141.75,132.64772958985773
137-160d,room7,2025-10-24 19:00:00,141.79166666666666,129.49046852709182
137-160d,room7,2025-10-24 20:00:00,141.83333333333334,128.9441196797862
137-160d,room7,2025-10-25 07:00:00,142.29166666666666,131.17975449452618
137-160d,room7,2025-10-25 08:00:00,142.33333333333334,148.52100634467928
137-160d,room7,2025-10-25 09:00:00,142.375,142.8415440396025
137-160d,room7,2025-10-25 10:00:00,142.41666666666666,132.69819309335816
137-160d,room7,2025-10-25 11:00:00,142.45833333333334,135.6718334603383
137-160d,room7,2025-10-25 12:00:00,142.5,136.90383410413705
137-160d,room7,2025-10-25 13:00:00,142.54166666666666,136.26081259478988
137-160d,room7,2025-10-25 14:00:00,142.58333333333334,134.34663553800272
137-160d,room7,2025-10-25 15:00:00,142.625,137.66608130865345
137-160d,room7,2025-10-25 16:00:00,142.66666666666666,138.29395712941016
137-160d,room7,2025-10-25 17:00:00,142.70833333333334,128.9599379576876
137-160d,room7,2025-10-25 18:00:00,142.75,127.42065204665303
137-160d,room7,2025-10-25 19:00:00,142.79166666666666,124.92481958949953
137-160d,room7,2025-10-25 20:00:00,142.83333333333334,125.32826673272426
137-160d,room7,2025-10-26 08:00:00,143.33333333333334,131.05890849537388
137-160d,room7,2025-10-26 09:00:00,143.375,161.5063049910223
137-160d,room7,2025-10-26 10:00:00,143.41666666666666,133.37123190258052
137-160d,room7,2025-10-26 11:00:00,143.45833333333334,127.57134749443297
137-160d,room7,2025-10-26 12:00:00,143.5,130.21961774559807
137-160d,room7,2025-10-26 13:00:00,143.54166666666666,128.27839387392189
137-160d,room7,2025-10-26 14:00:00,143.58333333333334,131.57999801803032
137-160d,room7,2025-10-26 15:00:00,143.625,140.01131804065128
137-160d,room7,2025-10-26 16:00:00,143.66666666666666,132.48930179331958
137-160d,room7,2025-10-26 17:00:00,143.70833333333334,131.43081718592094
137-160d,room7,2025-10-26 18:00:00,143.75,127.8881927859436
137-160d,room7,2025-10-26 19:00:00,143.79166666666666,129.19483277180575
137-160d,room7,2025-10-26 20:00:00,143.83333333333334,126.53672789664617
137-160d,room7,2025-10-26 21:00:00,143.875,125.42872862011355
137-160d,room7,2025-10-27 08:00:00,144.33333333333334,141.14376826917743
137-160d,room7,2025-10-27 09:00:00,144.375,159.75230760506759
137-160d,room7,2025-10-27 10:00:00,144.41666666666666,151.61679253996186
137-160d,room7,2025-10-27 11:00:00,144.45833333333334,141.18235826262406
137-160d,room7,2025-10-27 12:00:00,144.5,140.16757097846855
137-160d,room7,2025-10-27 13:00:00,144.54166666666666,137.50932248992925
137-160d,room7,2025-10-27 14:00:00,144.58333333333334,124.12056443550883
137-160d,room7,2025-10-27 15:00:00,144.625,129.61806691660254
137-160d,room7,2025-10-27 16:00:00,144.66666666666666,126.19059256037244
137-160d,room7,2025-10-27 17:00:00,144.70833333333334,128.61896173263534
137-160d,room7,2025-10-27 18:00:00,144.75,123.71801894567413
137-160d,room7,2025-10-27 19:00:00,144.79166666666666,125.0971971082849
137-160d,room7,2025-10-27 20:00:00,144.83333333333334,120.04145545937956
137-160d,room7,2025-10-27 21:00:00,144.875,115.64068250940286
137-160d,room7,2025-10-28 08:00:00,145.33333333333334,142.35020918438744
137-160d,room7,2025-10-28 09:00:00,145.375,166.1191755955575
137-160d,room7,2025-10-28 10:00:00,145.41666666666666,154.70667070669217
137-160d,room7,2025-10-28 11:00:00,145.45833333333334,152.64035719870063
137-160d,room7,2025-10-28 12:00:00,145.5,152.49245059910402
137-160d,room7,2025-10-28 13:00:00,145.54166666666666,152.69366118732302
137-160d,room7,2025-10-28 14:00:00,145.58333333333334,156.09511658918257
137-160d,room7,2025-10-28 15:00:00,145.625,155.90257584715107
137-160d,room7,2025-10-28 16:00:00,145.66666666666666,156.13216291054883
137-160d,room7,2025-10-28 17:00:00,145.70833333333334,153.58006585677674
137-160d,room7,2025-10-28 18:00:00,145.75,156.0956319260475
137-160d,room7,2025-10-28 19:00:00,145.79166666666666,150.86541430240382
137-160d,room7,2025-10-28 20:00:00,145.83333333333334,153.31425308527096
137-160d,room7,2025-10-28 21:00:00,145.875,143.5900490305261
137-160d,room7,2025-10-29 08:00:00,146.33333333333334,158.4772591604071
137-160d,room7,2025-10-29 09:00:00,146.375,164.59408462877678
137-160d,room7,2025-10-29 10:00:00,146.41666666666666,160.63755939335687
137-160d,room7,2025-10-29 11:00:00,146.45833333333334,154.85758196650394
137-160d,room7,2025-10-29 12:00:00,146.5,153.76060168167947
137-160d,room7,2025-10-29 13:00:00,146.54166666666666,149.7799072570413
137-160d,room7,2025-10-29 14:00:00,146.58333333333334,139.47498120393266
137-160d,room7,2025-10-29 15:00:00,146.625,137.742770647311
137-160d,room7,2025-10-29 16:00:00,146.66666666666666,134.4623199120587
137-160d,room7,2025-10-29 17:00:00,146.70833333333334,125.49932848200629
137-160d,room7,2025-10-29 18:00:00,146.75,133.3132284226766
137-160d,room7,2025-10-29 19:00:00,146.79166666666666,138.1971249900347
137-160d,room7,2025-10-29 20:00:00,146.83333333333334,121.90621452704849
137-160d,room7,2025-10-29 21:00:00,146.875,119.50814498837292
137-160d,room7,2025-10-29 22:00:00,146.91666666666666,121.43503041541229
137-160d,room7,2025-10-30 08:00:00,147.33333333333334,149.30217436005458
137-160d,room7,2025-10-30 09:00:00,147.375,160.8549763071562
137-160d,room7,2025-10-30 10:00:00,147.41666666666666,137.90769373757416
137-160d,room7,2025-10-30 11:00:00,147.45833333333334,135.22547354596014
137-160d,room7,2025-10-30 12:00:00,147.5,135.0971313472356
137-160d,room7,2025-10-30 13:00:00,147.54166666666666,133.76964306583986
137-160d,room7,2025-10-30 14:00:00,147.58333333333334,139.14307981209467
137-160d,room7,2025-10-30 15:00:00,147.625,134.83628642738262
137-160d,room7,2025-10-30 16:00:00,147.66666666666666,135.8141011363208
137-160d,room7,2025-10-30 17:00:00,147.70833333333334,138.56140180062684
137-160d,room7,2025-10-30 18:00:00,147.75,131.92718964687867
137-160d,room7,2025-10-30 19:00:00,147.79166666666666,129.33701297061847
137-160d,room7,2025-10-30 20:00:00,147.83333333333334,129.20886958894977
137-160d,room7,2025-10-30 21:00:00,147.875,122.35740606212076
137-160d,room7,2025-10-30 22:00:00,147.91666666666666,116.99406752294763
137-160d,room7,2025-10-31 08:00:00,148.33333333333334,162.16788611116766
137-160d,room7,2025-10-31 09:00:00,148.375,167.20631727693362
137-160d,room7,2025-10-31 10:00:00,148.41666666666666,136.68153624821448
137-160d,room7,2025-10-31 11:00:00,148.45833333333334,135.3619335902612
137-160d,room7,2025-10-31 12:00:00,148.5,134.2965258834166
137-160d,room7,2025-10-31 13:00:00,148.54166666666666,128.97526704019265
137-160d,room7,2025-10-31 14:00:00,148.58333333333334,130.90888470406276
137-160d,room7,2025-10-31 15:00:00,148.625,134.21648266408695
137-160d,room7,2025-10-31 16:00:00,148.66666666666666,133.9196518844493
137-160d,room7,2025-10-31 17:00:00,148.70833333333334,132.40914722272007
137-160d,room7,2025-10-31 18:00:00,148.75,129.31301282790238
137-160d,room7,2025-10-31 19:00:00,148.79166666666666,128.0470559521748
137-160d,room7,2025-10-31 20:00:00,148.83333333333334,127.57107092719951
137-160d,room7,2025-10-31 21:00:00,148.875,117.07964880430357
137-160d,room7,2025-10-31 22:00:00,148.91666666666666,118.0874136169159
137-160d,room7,2025-11-01 08:00:00,149.33333333333334,144.83816175266156
137-160d,room7,2025-11-01 09:00:00,149.375,165.73292693862317
137-160d,room7,2025-11-01 10:00:00,149.41666666666666,134.15977079459105
137-160d,room7,2025-11-01 11:00:00,149.45833333333334,137.34303189501196
137-160d,room7,2025-11-01 12:00:00,149.5,134.64771573645615
137-160d,room7,2025-11-01 13:00:00,149.54166666666666,129.76823236411036
137-160d,room7,2025-11-01 14:00:00,149.58333333333334,132.32644537810458
137-160d,room7,2025-11-01 15:00:00,149.625,132.77187298175053
137-160d,room7,2025-11-01 16:00:00,149.66666666666666,132.85874810261274
137-160d,room7,2025-11-01 17:00:00,149.70833333333334,143.22710290954853
137-160d,room7,2025-11-01 18:00:00,149.75,140.40557576130047
137-160d,room7,2025-11-01 19:00:00,149.79166666666666,138.13256709172535
137-160d,room7,2025-11-01 20:00:00,149.83333333333334,132.1049308495917
137-160d,room7,2025-11-01 21:00:00,149.875,121.51426450695132
137-160d,room7,2025-11-01 22:00:00,149.91666666666666,117.6357596265394
137-160d,room7,2025-11-02 08:00:00,150.33333333333334,162.1794182209771
137-160d,room7,2025-11-02 09:00:00,150.375,161.13863761497862
137-160d,room7,2025-11-02 10:00:00,150.41666666666666,138.00730556473135
137-160d,room7,2025-11-02 11:00:00,150.45833333333334,143.37449456118026
137-160d,room7,2025-11-02 12:00:00,150.5,140.50531672205852
137-160d,room7,2025-11-02 13:00:00,150.54166666666666,135.3105955391538
137-160d,room7,2025-11-02 14:00:00,150.58333333333334,138.2595305092783
137-160d,room7,2025-11-02 15:00:00,150.625,139.28783042873079
137-160d,room7,2025-11-02 16:00:00,150.66666666666666,132.87923447396716
137-160d,room7,2025-11-02 17:00:00,150.70833333333334,135.23919055922542
137-160d,room7,2025-11-02 18:00:00,150.75,127.53652375946635
137-160d,room7,2025-11-02 19:00:00,150.79166666666666,126.62628285513034
137-160d,room7,2025-11-02 20:00:00,150.83333333333334,130.31429630542564
137-160d,room7,2025-11-02 21:00:00,150.875,123.0944567463042
137-160d,room7,2025-11-02 22:00:00,150.91666666666666,115.49068521638073
137-160d,room7,2025-11-03 08:00:00,151.33333333333334,164.6803391011629
137-160d,room7,2025-11-03 09:00:00,151.375,162.96116955271833
137-160d,room7,2025-11-03 10:00:00,151.41666666666666,137.65458146711563
137-160d,room7,2025-11-03 11:00:00,151.45833333333334,142.64359526838626
137-160d,room7,2025-11-03 12:00:00,151.5,139.61834822414966
137-160d,room7,2025-11-03 13:00:00,151.54166666666666,139.99973930387947
137-160d,room7,2025-11-03 14:00:00,151.58333333333334,140.74447643793295
137-160d,room7,2025-11-03 15:00:00,151.625,140.26957935888052
137-160d,room7,2025-11-03 16:00:00,151.66666666666666,138.14402634464963
137-160d,room7,2025-11-03 17:00:00,151.70833333333334,135.68450694268782
137-160d,room7,2025-11-03 18:00:00,151.75,137.75995214567445
137-160d,room7,2025-11-03 19:00:00,151.79166666666666,138.87414160891223
137-160d,room7,2025-11-03 20:00:00,151.83333333333334,137.89803576619462
137-160d,room7,2025-11-03 21:00:00,151.875,129.704536996161
137-160d,room7,2025-11-03 22:00:00,151.91666666666666,116.83547361809404
137-160d,room7,2025-11-04 08:00:00,152.33333333333334,162.80000663412508
137-160d,room7,2025-11-04 09:00:00,152.375,168.9181977073753
137-160d,room7,2025-11-04 10:00:00,152.41666666666666,141.46624260500224
137-160d,room7,2025-11-04 11:00:00,152.45833333333334,141.37560645010836
137-160d,room7,2025-11-04 12:00:00,152.5,140.2593476995477
137-160d,room7,2025-11-04 13:00:00,152.54166666666666,137.53384980494044
137-160d,room7,2025-11-04 14:00:00,152.58333333333334,148.06032776926165
137-160d,room7,2025-11-04 15:00:00,152.625,147.6411619701734
137-160d,room7,2025-11-04 16:00:00,152.66666666666666,151.3963608411962
137-160d,room7,2025-11-04 17:00:00,152.70833333333334,149.00579825376383
137-160d,room7,2025-11-04 18:00:00,152.75,146.0502915149051
137-160d,room7,2025-11-04 19:00:00,152.79166666666666,143.22958956092634
137-160d,room7,2025-11-04 20:00:00,152.83333333333334,142.8990312990492
137-160d,room7,2025-11-04 21:00:00,152.875,144.3611710849937
137-160d,room7,2025-11-04 22:00:00,152.91666666666666,134.08423067956832
137-160d,room7,2025-11-05 08:00:00,153.33333333333334,146.39206578624436
137-160d,room7,2025-11-05 09:00:00,153.375,171.95418837142876
137-160d,room7,2025-11-05 10:00:00,153.41666666666666,142.96578961512924
137-160d,room7,2025-11-05 11:00:00,153.45833333333334,144.38316515370704
137-160d,room7,2025-11-05 12:00:00,153.5,140.60062522696458
137-160d,room7,2025-11-05 13:00:00,153.54166666666666,144.928869305215
137-160d,room7,2025-11-05 14:00:00,153.58333333333334,143.16042841307782
137-160d,room7,2025-11-05 15:00:00,153.625,141.79837864938983
137-160d,room7,2025-11-05 16:00:00,153.66666666666666,154.44919383900216
137-160d,room7,2025-11-05 17:00:00,153.70833333333334,160.9204881944953
137-160d,room7,2025-11-05 18:00:00,153.75,150.09330245424948
137-160d,room7,2025-11-05 19:00:00,153.79166666666666,148.22306927889275
137-160d,room7,2025-11-05 20:00:00,153.83333333333334,150.26602723739668
137-160d,room7,2025-11-05 21:00:00,153.875,147.9006142983276
137-160d,room7,2025-11-05 22:00:00,153.91666666666666,143.88383870206843
137-160d,room7,2025-11-06 08:00:00,154.33333333333334,163.8586432294129
137-160d,room7,2025-11-06 09:00:00,154.375,166.45990515808114
137-160d,room7,2025-11-06 10:00:00,154.41666666666666,144.84139093333943
137-160d,room7,2025-11-06 11:00:00,154.45833333333334,144.27976881329076
137-160d,room7,2025-11-06 12:00:00,154.5,139.56621173707774
137-160d,room7,2025-11-06 13:00:00,154.54166666666666,135.73097652050313
137-160d,room7,2025-11-06 14:00:00,154.58333333333334,140.60198298609612
137-160d,room7,2025-11-06 15:00:00,154.625,142.3820722396274
137-160d,room7,2025-11-06 16:00:00,154.66666666666666,139.36539494155252
137-160d,room7,2025-11-06 17:00:00,154.70833333333334,141.98710891546924
137-160d,room7,2025-11-06 18:00:00,154.75,142.3639278576952
137-160d,room7,2025-11-06 19:00:00,154.79166666666666,146.03998609896675
137-160d,room7,2025-11-06 20:00:00,154.83333333333334,144.85007049545985
137-160d,room7,2025-11-06 21:00:00,154.875,132.50648102763728
137-160d,room7,2025-11-06 22:00:00,154.91666666666666,127.76651451326589
137-160d,room7,2025-11-07 09:00:00,155.375,163.5644974891256
137-160d,room7,2025-11-07 10:00:00,155.41666666666666,159.35826720961856
137-160d,room7,2025-11-07 11:00:00,155.45833333333334,144.43923848928765
137-160d,room7,2025-11-07 13:00:00,155.54166666666666,150.32357961124845
137-160d,room7,2025-11-07 14:00:00,155.58333333333334,152.29500093383365
137-160d,room7,2025-11-07 15:00:00,155.625,156.7711201740686
137-160d,room7,2025-11-07 16:00:00,155.66666666666666,151.03731006577007
137-160d,room7,2025-11-07 17:00:00,155.70833333333334,152.93182840430308
137-160d,room7,2025-11-07 18:00:00,155.75,149.22684734874832
137-160d,room7,2025-11-07 19:00:00,155.79166666666666,152.9319712798454
137-160d,room7,2025-11-07 20:00:00,155.83333333333334,160.12734638264885
137-160d,room7,2025-11-07 21:00:00,155.875,155.13295556228968
137-160d,room7,2025-11-07 22:00:00,155.91666666666666,145.9608153638415
137-160d,room7,2025-11-08 08:00:00,156.33333333333334,173.73455639647415
137-160d,room7,2025-11-08 09:00:00,156.375,171.5641782222416
137-160d,room7,2025-11-08 10:00:00,156.41666666666666,153.11910166650785
137-160d,room7,2025-11-08 11:00:00,156.45833333333334,152.96613066535423
137-160d,room7,2025-11-08 12:00:00,156.5,150.12921096350934
137-160d,room7,2025-11-08 13:00:00,156.54166666666666,152.5931520311103
137-160d,room7,2025-11-08 14:00:00,156.58333333333334,152.48130384727583
137-160d,room7,2025-11-08 15:00:00,156.625,156.12848022246158
137-160d,room7,2025-11-08 16:00:00,156.66666666666666,162.02759889611968
137-160d,room7,2025-11-08 17:00:00,156.70833333333334,163.66880223371294
137-160d,room7,2025-11-08 18:00:00,156.75,160.00703652665138
137-160d,room7,2025-11-08 19:00:00,156.79166666666666,164.3261948982776
137-160d,room7,2025-11-08 20:00:00,156.83333333333334,163.67212274535154
137-160d,room7,2025-11-08 21:00:00,156.875,163.29840887277118
137-160d,room7,2025-11-08 22:00:00,156.91666666666666,160.1119628857872
137-160d,room7,2025-11-09 08:00:00,157.33333333333334,169.85712985904814
137-160d,room7,2025-11-09 09:00:00,157.375,169.76352494808106
137-160d,room7,2025-11-09 10:00:00,157.41666666666666,153.47232284315052
137-160d,room7,2025-11-09 11:00:00,157.45833333333334,152.08151903695668
137-160d,room7,2025-11-09 12:00:00,157.5,150.7323523540075
137-160d,room7,2025-11-09 13:00:00,157.54166666666666,150.23827006227387
137-160d,room7,2025-11-09 14:00:00,157.58333333333334,150.9476241649239
137-160d,room7,2025-11-09 15:00:00,157.625,155.85705419546983
137-160d,room7,2025-11-09 16:00:00,157.66666666666666,155.55798047619558
137-160d,room7,2025-11-09 17:00:00,157.70833333333334,157.97604980380288
137-160d,room7,2025-11-09 18:00:00,157.75,161.20376115501506
137-160d,room7,2025-11-09 19:00:00,157.79166666666666,165.39770572406573
137-160d,room7,2025-11-09 20:00:00,157.83333333333334,165.2952469419938
137-160d,room7,2025-11-09 21:00:00,157.875,164.4798466453858
137-160d,room7,2025-11-09 22:00:00,157.91666666666666,165.30638318578332
137-160d,room7,2025-11-10 08:00:00,158.33333333333334,162.02773034625906
137-160d,room7,2025-11-10 09:00:00,158.375,171.06851246812946
137-160d,room7,2025-11-10 10:00:00,158.41666666666666,154.02922268645298
137-160d,room7,2025-11-10 11:00:00,158.45833333333334,145.0605821084307
137-160d,room7,2025-11-10 12:00:00,158.5,160.73516898513193
137-160d,room7,2025-11-10 13:00:00,158.54166666666666,161.91154107427874
137-160d,room7,2025-11-10 14:00:00,158.58333333333334,156.81203340101797
137-160d,room7,2025-11-10 15:00:00,158.625,156.0865807942533
137-160d,room7,2025-11-10 16:00:00,158.66666666666666,158.29676770706354
137-160d,room7,2025-11-10 17:00:00,158.70833333333334,164.31551057038024
137-160d,room7,2025-11-10 18:00:00,158.75,163.09656423689876
137-160d,room7,2025-11-10 19:00:00,158.79166666666666,160.7857724385792
137-160d,room7,2025-11-10 20:00:00,158.83333333333334,166.55464633795495
137-160d,room7,2025-11-10 21:00:00,158.875,166.44300104050674
137-160d,room7,2025-11-10 22:00:00,158.91666666666666,166.96925644660055
137-160d,room7,2025-11-11 08:00:00,159.33333333333334,173.758155248034
137-160d,room7,2025-11-11 09:00:00,159.375,161.916422075514
137-160d,room7,2025-11-11 10:00:00,159.41666666666666,160.11346045929938
137-160d,room7,2025-11-11 11:00:00,159.45833333333334,157.22091834795697
137-160d,room7,2025-11-11 12:00:00,159.5,161.6305279952306
137-160d,room7,2025-11-11 13:00:00,159.54166666666666,162.29862253645447
137-160d,room7,2025-11-11 14:00:00,159.58333333333334,156.48360345878106
137-160d,room7,2025-11-11 15:00:00,159.625,162.01910418168112
137-160d,room7,2025-11-11 16:00:00,159.66666666666666,163.98443772758824
137-160d,room7,2025-11-11 17:00:00,159.70833333333334,163.87493221914804
137-160d,room7,2025-11-11 18:00:00,159.75,162.85401227968384
137-160d,room7,2025-11-11 19:00:00,159.79166666666666,166.16295716858096
137-160d,room7,2025-11-11 20:00:00,159.83333333333334,166.09439260545489
137-160d,room7,2025-11-11 21:00:00,159.875,164.05957366686025
137-160d,room7,2025-11-11 22:00:00,159.91666666666666,161.0625574250296
160-182d,room2,2025-11-12 08:00:00,160.33333333333334,155.2495372216366
160-182d,room2,2025-11-12 09:00:00,160.375,147.10856002124225
160-182d,room2,2025-11-12 10:00:00,160.41666666666666,155.13501163517049
160-182d,room2,2025-11-12 11:00:00,160.45833333333334,156.75772675863817
160-182d,room2,2025-11-12 12:00:00,160.5,157.60427449955844
160-182d,room2,2025-11-12 13:00:00,160.54166666666666,157.48231742782022
160-182d,room2,2025-11-12 14:00:00,160.58333333333334,157.38777456847976
160-182d,room2,2025-11-12 15:00:00,160.625,156.10988250827728
160-182d,room2,2025-11-12 16:00:00,160.66666666666666,153.7123915050289
160-182d,room2,2025-11-12 17:00:00,160.70833333333334,154.37684859928328
160-182d,room2,2025-11-12 18:00:00,160.75,156.07386553995013
160-182d,room2,2025-11-12 19:00:00,160.79166666666666,156.44366955466904
160-182d,room2,2025-11-12 20:00:00,160.83333333333334,153.89869373986778
160-182d,room2,2025-11-12 21:00:00,160.875,154.76993953992644
160-182d,room2,2025-11-12 22:00:00,160.91666666666666,157.1139630321448
160-182d,room2,2025-11-13 08:00:00,161.33333333333334,155.85659962822675
160-182d,room2,2025-11-13 09:00:00,161.375,139.74375625488875
160-182d,room2,2025-11-13 10:00:00,161.41666666666666,146.58502439335865
160-182d,room2,2025-11-13 11:00:00,161.45833333333334,154.2811078601014
160-182d,room2,2025-11-13 12:00:00,161.5,152.58357152113564
160-182d,room2,2025-11-13 13:00:00,161.54166666666666,150.9320373339096
160-182d,room2,2025-11-13 14:00:00,161.58333333333334,152.97952827270487
160-182d,room2,2025-11-13 15:00:00,161.625,150.26054861275955
160-182d,room2,2025-11-13 16:00:00,161.66666666666666,149.60463209987975
160-182d,room2,2025-11-13 17:00:00,161.70833333333334,153.42657272745328
160-182d,room2,2025-11-13 18:00:00,161.75,153.53266346386462
160-182d,room2,2025-11-13 19:00:00,161.79166666666666,153.2264688546434
160-182d,room2,2025-11-13 20:00:00,161.83333333333334,150.17915916349006
160-182d,room2,2025-11-13 21:00:00,161.875,152.5192196733875
160-182d,room2,2025-11-13 22:00:00,161.91666666666666,151.28772934451774
160-182d,room2,2025-11-14 08:00:00,162.33333333333334,155.9638161194195
160-182d,room2,2025-11-14 09:00:00,162.375,146.8492410819626
160-182d,room2,2025-11-14 10:00:00,162.41666666666666,152.10441244587386
160-182d,room2,2025-11-14 11:00:00,162.45833333333334,150.87451971913714
160-182d,room2,2025-11-14 12:00:00,162.5,152.85273380088688
160-182d,room2,2025-11-14 13:00:00,162.54166666666666,153.02396095471792
160-182d,room2,2025-11-14 14:00:00,162.58333333333334,152.92462859527433
160-182d,room2,2025-11-14 15:00:00,162.625,150.33539159590984
160-182d,room2,2025-11-14 16:00:00,162.66666666666666,148.96235857572074
160-182d,room2,2025-11-14 17:00:00,162.70833333333334,148.39761482734156
160-182d,room2,2025-11-14 18:00:00,162.75,153.80178188697354
160-182d,room2,2025-11-14 19:00:00,162.79166666666666,156.7360453846709
160-182d,room2,2025-11-14 20:00:00,162.83333333333334,153.67614611006627
160-182d,room2,2025-11-14 21:00:00,162.875,154.93478339591948
160-182d,room2,2025-11-14 22:00:00,162.91666666666666,153.7629345326346
160-182d,room2,2025-11-15 08:00:00,163.33333333333334,156.8581833559815
160-182d,room2,2025-11-15 09:00:00,163.375,151.09157298629307
160-182d,room2,2025-11-15 10:00:00,163.41666666666666,153.3078523667017
160-182d,room2,2025-11-15 11:00:00,163.45833333333334,155.22492871132175
160-182d,room2,2025-11-15 12:00:00,163.5,157.08433595375274
160-182d,room2,2025-11-15 13:00:00,163.54166666666666,156.8728091140569
160-182d,room2,2025-11-15 14:00:00,163.58333333333334,157.44955519070956
160-182d,room2,2025-11-15 15:00:00,163.625,157.67462628546056
160-182d,room2,2025-11-15 16:00:00,163.66666666666666,156.25324248992334
160-182d,room2,2025-11-15 17:00:00,163.70833333333334,156.45369802695618
160-182d,room2,2025-11-15 18:00:00,163.75,155.15415739668364
160-182d,room2,2025-11-15 19:00:00,163.79166666666666,155.25592456938253
160-182d,room2,2025-11-15 20:00:00,163.83333333333334,151.7644267482391
160-182d,room2,2025-11-15 21:00:00,163.875,152.87769814716484
160-182d,room2,2025-11-15 22:00:00,163.91666666666666,152.30931153874792
160-182d,room2,2025-11-16 08:00:00,164.33333333333334,155.5791958473134
160-182d,room2,2025-11-16 09:00:00,164.375,139.32401912056525
160-182d,room2,2025-11-16 10:00:00,164.41666666666666,150.65649651062117
160-182d,room2,2025-11-16 11:00:00,164.45833333333334,154.23119619834284
160-182d,room2,2025-11-16 12:00:00,164.5,155.1710331376673
160-182d,room2,2025-11-16 13:00:00,164.54166666666666,155.02116766878956
160-182d,room2,2025-11-16 14:00:00,164.58333333333334,154.99205379130052
160-182d,room2,2025-11-16 15:00:00,164.625,157.1093637765184
160-182d,room2,2025-11-16 16:00:00,164.66666666666666,155.28333663042295
160-182d,room2,2025-11-16 17:00:00,164.70833333333334,157.1334055640008
160-182d,room2,2025-11-16 18:00:00,164.75,154.537531153785
160-182d,room2,2025-11-16 19:00:00,164.79166666666666,153.95783166795803
160-182d,room2,2025-11-16 20:00:00,164.83333333333334,151.7701366742742
160-182d,room2,2025-11-16 21:00:00,164.875,151.11688544545322
160-182d,room2,2025-11-16 22:00:00,164.91666666666666,151.44398856897556
160-182d,room2,2025-11-17 08:00:00,165.33333333333334,149.85843106215754
160-182d,room2,2025-11-17 09:00:00,165.375,148.3190195002659
160-182d,room2,2025-11-17 10:00:00,165.41666666666666,152.83553138287039
160-182d,room2,2025-11-17 11:00:00,165.45833333333334,151.74233255622264
160-182d,room2,2025-11-17 12:00:00,165.5,153.99691648080736
160-182d,room2,2025-11-17 13:00:00,165.54166666666666,153.4391589235074
160-182d,room2,2025-11-17 14:00:00,165.58333333333334,154.02444577497226
160-182d,room2,2025-11-17 15:00:00,165.625,151.28240319746206
160-182d,room2,2025-11-17 16:00:00,165.66666666666666,155.87149882363656
160-182d,room2,2025-11-17 17:00:00,165.70833333333334,154.46659951935425
160-182d,room2,2025-11-17 18:00:00,165.75,155.3451952846751
160-182d,room2,2025-11-17 19:00:00,165.79166666666666,153.7351408991954
160-182d,room2,2025-11-17 20:00:00,165.83333333333334,150.11747563864105
160-182d,room2,2025-11-17 21:00:00,165.875,150.67778310881593
160-182d,room2,2025-11-17 22:00:00,165.91666666666666,148.19460168322755
160-182d,room2,2025-11-18 08:00:00,166.33333333333334,157.33752733245808
160-182d,room2,2025-11-18 09:00:00,166.375,150.6350946281116
160-182d,room2,2025-11-18 10:00:00,166.41666666666666,155.1754821087111
160-182d,room2,2025-11-18 11:00:00,166.45833333333334,155.76509699657
160-182d,room2,2025-11-18 12:00:00,166.5,155.45899923841807
160-182d,room2,2025-11-18 13:00:00,166.54166666666666,158.2820655302863
160-182d,room2,2025-11-18 14:00:00,166.58333333333334,158.20384413780124
160-182d,room2,2025-11-18 15:00:00,166.625,156.91032315182179
160-182d,room2,2025-11-18 16:00:00,166.66666666666666,158.3979383029212
160-182d,room2,2025-11-18 17:00:00,166.70833333333334,158.7153046574111
160-182d,room2,2025-11-18 18:00:00,166.75,157.77274015240462
160-182d,room2,2025-11-18 19:00:00,166.79166666666666,156.63645277318847
160-182d,room2,2025-11-18 20:00:00,166.83333333333334,152.24030377001299
160-182d,room2,2025-11-18 21:00:00,166.875,152.40736467490868
160-182d,room2,2025-11-18 22:00:00,166.91666666666666,152.23743279308323
160-182d,room2,2025-11-19 12:00:00,167.5,129.65509087122382
160-182d,room2,2025-11-19 13:00:00,167.54166666666666,138.995244857207
160-182d,room2,2025-11-19 14:00:00,167.58333333333334,156.26934643517953
160-182d,room2,2025-11-19 15:00:00,167.625,151.98125462539875
160-182d,room2,2025-11-19 16:00:00,167.66666666666666,152.96281513050383
160-182d,room2,2025-11-19 17:00:00,167.70833333333334,150.82986250113393
160-182d,room2,2025-11-19 18:00:00,167.75,153.79107194437103
160-182d,room2,2025-11-19 19:00:00,167.79166666666666,150.23370602164707
160-182d,room2,2025-11-19 20:00:00,167.83333333333334,149.3476114943016
160-182d,room2,2025-11-19 21:00:00,167.875,152.81821346103473
160-182d,room2,2025-11-19 22:00:00,167.91666666666666,155.23247568026937
160-182d,room2,2025-11-20 08:00:00,168.33333333333334,158.6078664033416
160-182d,room2,2025-11-20 09:00:00,168.375,112.19225283799607
160-182d,room2,2025-11-21 09:00:00,169.375,147.1976587986704
160-182d,room2,2025-11-21 10:00:00,169.41666666666666,134.97495513212675
160-182d,room2,2025-11-21 11:00:00,169.45833333333334,155.44958016185413
160-182d,room2,2025-11-21 12:00:00,169.5,156.508920518083
160-182d,room2,2025-11-21 13:00:00,169.54166666666666,156.40610950230408
160-182d,room2,2025-11-21 14:00:00,169.58333333333334,157.89776819802432
160-182d,room2,2025-11-21 15:00:00,169.625,157.65307089031683
160-182d,room2,2025-11-21 16:00:00,169.66666666666666,156.30281024248103
160-182d,room2,2025-11-21 17:00:00,169.70833333333334,158.6147704397481
160-182d,room2,2025-11-21 18:00:00,169.75,158.79600063791725
160-182d,room2,2025-11-21 19:00:00,169.79166666666666,158.53478997954474
160-182d,room2,2025-11-21 20:00:00,169.83333333333334,159.3312913927865
160-182d,room2,2025-11-21 21:00:00,169.875,158.82637198721056
160-182d,room2,2025-11-21 22:00:00,169.91666666666666,157.84313814078547
160-182d,room2,2025-11-22 08:00:00,170.33333333333334,154.6375359163858
160-182d,room2,2025-11-22 09:00:00,170.375,146.26624168659296
160-182d,room2,2025-11-22 10:00:00,170.41666666666666,156.59985799428648
160-182d,room2,2025-11-22 11:00:00,170.45833333333334,157.212927818104
160-182d,room2,2025-11-22 12:00:00,170.5,158.64433688685477
160-182d,room2,2025-11-22 13:00:00,170.54166666666666,159.3342403249428
160-182d,room2,2025-11-22 14:00:00,170.58333333333334,159.1322867626713
160-182d,room2,2025-11-22 15:00:00,170.625,159.165948766048
160-182d,room2,2025-11-22 16:00:00,170.66666666666666,158.84555709967773
160-182d,room2,2025-11-22 17:00:00,170.70833333333334,157.60908876432808
160-182d,room2,2025-11-22 18:00:00,170.75,157.5838590233082
160-182d,room2,2025-11-22 19:00:00,170.79166666666666,159.6103770685259
160-182d,room2,2025-11-22 20:00:00,170.83333333333334,156.4154081128312
160-182d,room2,2025-11-22 21:00:00,170.875,157.1171902772626
160-182d,room2,2025-11-22 22:00:00,170.91666666666666,155.97385996738817
160-182d,room2,2025-11-23 08:00:00,171.33333333333334,151.63004512837114
160-182d,room2,2025-11-23 09:00:00,171.375,144.21751866596662
160-182d,room2,2025-11-23 10:00:00,171.41666666666666,156.17584163986024
160-182d,room2,2025-11-23 11:00:00,171.45833333333334,158.96569907594517
160-182d,room2,2025-11-23 12:00:00,171.5,158.0035746461818
160-182d,room2,2025-11-23 13:00:00,171.54166666666666,162.5482594127644
160-182d,room2,2025-11-23 14:00:00,171.58333333333334,157.95623026062134
160-182d,room2,2025-11-23 15:00:00,171.625,157.1630718635645
160-182d,room2,2025-11-23 16:00:00,171.66666666666666,161.14774487988305
160-182d,room2,2025-11-23 17:00:00,171.70833333333334,160.27936575478884
160-182d,room2,2025-11-23 18:00:00,171.75,159.44948804127677
160-182d,room2,2025-11-23 19:00:00,171.79166666666666,160.27599658971988
160-182d,room2,2025-11-23 20:00:00,171.83333333333334,158.52990548633812
160-182d,room2,2025-11-23 21:00:00,171.875,157.2597000797494
160-182d,room2,2025-11-23 22:00:00,171.91666666666666,158.78409142126128
160-182d,room2,2025-11-24 08:00:00,172.33333333333334,150.89932964123287
160-182d,room2,2025-11-24 09:00:00,172.375,144.5282848750519
160-182d,room2,2025-11-24 10:00:00,172.41666666666666,161.0117460807868
160-182d,room2,2025-11-24 11:00:00,172.45833333333334,161.40730389626984
160-182d,room2,2025-11-24 12:00:00,172.5,160.89857930584662
160-182d,room2,2025-11-24 13:00:00,172.54166666666666,159.5204250634397
160-182d,room2,2025-11-24 14:00:00,172.58333333333334,160.4968986872982
160-182d,room2,2025-11-24 15:00:00,172.625,160.37998100407057
160-182d,room2,2025-11-24 16:00:00,172.66666666666666,159.8478563459337
160-182d,room2,2025-11-24 17:00:00,172.70833333333334,152.2730276193656
160-182d,room2,2025-11-24 18:00:00,172.75,151.19607506252078
160-182d,room2,2025-11-24 19:00:00,172.79166666666666,162.25317119842305
160-182d,room2,2025-11-24 20:00:00,172.83333333333334,160.94638771209915
160-182d,room2,2025-11-24 21:00:00,172.875,159.06973835141534
160-182d,room2,2025-11-24 22:00:00,172.91666666666666,156.89475601693405
160-182d,room2,2025-11-25 08:00:00,173.33333333333334,141.55714062858974
160-182d,room2,2025-11-25 09:00:00,173.375,136.42848025290954
160-182d,room2,2025-11-25 10:00:00,173.41666666666666,154.18332765092197
160-182d,room2,2025-11-25 11:00:00,173.45833333333334,155.28937520630154
160-182d,room2,2025-11-25 12:00:00,173.5,157.54729647047168
160-182d,room2,2025-11-25 13:00:00,173.54166666666666,156.08362160601402
160-182d,room2,2025-11-25 14:00:00,173.58333333333334,157.45154616122554
160-182d,room2,2025-11-25 15:00:00,173.625,156.84331254706217
160-182d,room2,2025-11-25 16:00:00,173.66666666666666,157.60494327900025
160-182d,room2,2025-11-25 17:00:00,173.70833333333334,159.7349455670641
160-182d,room2,2025-11-25 18:00:00,173.75,160.17652991975731
160-182d,room2,2025-11-25 19:00:00,173.79166666666666,159.16561315304082
160-182d,room2,2025-11-25 20:00:00,173.83333333333334,158.6295462737749
160-182d,room2,2025-11-25 21:00:00,173.875,157.64847880496
160-182d,room2,2025-11-25 22:00:00,173.91666666666666,157.59245098777342
160-182d,room2,2025-11-26 08:00:00,174.33333333333334,149.3748607217434
160-182d,room2,2025-11-26 09:00:00,174.375,136.71189412591335
160-182d,room2,2025-11-26 10:00:00,174.41666666666666,158.55220694394535
160-182d,room2,2025-11-26 11:00:00,174.45833333333334,158.0249592867956
160-182d,room2,2025-11-26 12:00:00,174.5,160.71311715916977
160-182d,room2,2025-11-26 13:00:00,174.54166666666666,161.7059395667835
160-182d,room2,2025-11-26 14:00:00,174.58333333333334,160.74141430533484
160-182d,room2,2025-11-26 15:00:00,174.625,160.20950452126777
160-182d,room2,2025-11-26 16:00:00,174.66666666666666,143.6287350195669
160-182d,room2,2025-11-26 17:00:00,174.70833333333334,142.02689214766443
160-182d,room2,2025-11-26 18:00:00,174.75,144.36976024587736
160-182d,room2,2025-11-26 19:00:00,174.79166666666666,148.01030116726716
160-182d,room2,2025-11-26 21:00:00,174.875,149.22996584115592
160-182d,room2,2025-11-26 22:00:00,174.91666666666666,152.12908307838177
160-182d,room2,2025-11-27 08:00:00,175.33333333333334,151.16816269282407
160-182d,room2,2025-11-27 09:00:00,175.375,150.49778259620126
160-182d,room2,2025-11-27 10:00:00,175.41666666666666,154.79455339847505
160-182d,room2,2025-11-27 11:00:00,175.45833333333334,155.83949103593213
160-182d,room2,2025-11-27 12:00:00,175.5,157.03773408366365
160-182d,room2,2025-11-27 13:00:00,175.54166666666666,156.86961265380697
160-182d,room2,2025-11-27 14:00:00,175.58333333333334,157.2284155470939
160-182d,room2,2025-11-27 15:00:00,175.625,158.12461616014866
160-182d,room2,2025-11-27 16:00:00,175.66666666666666,142.89080910972115
160-182d,room2,2025-11-27 17:00:00,175.70833333333334,151.78872796015992
160-182d,room2,2025-11-27 18:00:00,175.75,160.37773883154304
160-182d,room2,2025-11-27 19:00:00,175.79166666666666,159.19987445078746
160-182d,room2,2025-11-27 20:00:00,175.83333333333334,157.49902439753293
160-182d,room2,2025-11-27 21:00:00,175.875,155.87634331660954
160-182d,room2,2025-11-27 22:00:00,175.91666666666666,153.89003807459144
160-182d,room2,2025-11-28 08:00:00,176.33333333333334,141.0834944341679
160-182d,room2,2025-11-28 09:00:00,176.375,152.7590720426555
160-182d,room2,2025-11-28 10:00:00,176.41666666666666,158.07654705245034
160-182d,room2,2025-11-28 11:00:00,176.45833333333334,157.33322735851593
160-182d,room2,2025-11-28 12:00:00,176.5,158.20896119235573
160-182d,room2,2025-11-28 13:00:00,176.54166666666666,163.239836974686
160-182d,room2,2025-11-28 14:00:00,176.58333333333334,155.19431721040678
160-182d,room2,2025-11-28 15:00:00,176.625,145.37274624691466
160-182d,room2,2025-11-28 16:00:00,176.66666666666666,148.64513434785036
160-182d,room2,2025-11-28 17:00:00,176.70833333333334,145.31083906296794
160-182d,room2,2025-11-28 18:00:00,176.75,146.13737293571387
160-182d,room2,2025-11-28 19:00:00,176.79166666666666,157.29296790717507
160-182d,room2,2025-11-28 20:00:00,176.83333333333334,158.69554503956596
160-182d,room2,2025-11-28 21:00:00,176.875,156.1127322359564
160-182d,room2,2025-11-28 22:00:00,176.91666666666666,152.2329339106433
160-182d,room2,2025-11-29 08:00:00,177.33333333333334,153.38048967746468
160-182d,room2,2025-11-29 09:00:00,177.375,150.1838827770187
160-182d,room2,2025-11-29 10:00:00,177.41666666666666,157.46581252003898
160-182d,room2,2025-11-29 11:00:00,177.45833333333334,159.0504470943516
160-182d,room2,2025-11-29 12:00:00,177.5,157.03053557230965
160-182d,room2,2025-11-29 13:00:00,177.54166666666666,157.92316192805788
160-182d,room2,2025-11-29 14:00:00,177.58333333333334,157.8253908203125
160-182d,room2,2025-11-29 15:00:00,177.625,155.15345331216582
160-182d,room2,2025-11-29 16:00:00,177.66666666666666,158.76300589627027
160-182d,room2,2025-11-29 17:00:00,177.70833333333334,155.30456534508048
160-182d,room2,2025-11-29 18:00:00,177.75,156.31511311519017
160-182d,room2,2025-11-29 19:00:00,177.79166666666666,156.7430369628182
160-182d,room2,2025-11-29 20:00:00,177.83333333333334,154.5128068812037
160-182d,room2,2025-11-29 21:00:00,177.875,156.2519248092975
160-182d,room2,2025-11-29 22:00:00,177.91666666666666,153.21441798825964
160-182d,room2,2025-11-30 08:00:00,178.33333333333334,151.55218375709964
160-182d,room2,2025-11-30 09:00:00,178.375,155.35617767768193
160-182d,room2,2025-11-30 10:00:00,178.41666666666666,158.74558453451957
160-182d,room2,2025-11-30 11:00:00,178.45833333333334,158.3703523472967
160-182d,room2,2025-11-30 12:00:00,178.5,158.52206476989016
160-182d,room2,2025-11-30 13:00:00,178.54166666666666,160.03017081541176
160-182d,room2,2025-11-30 14:00:00,178.58333333333334,158.78898334855774
160-182d,room2,2025-11-30 15:00:00,178.625,156.24035239522706
160-182d,room2,2025-11-30 16:00:00,178.66666666666666,156.17542781870293
160-182d,room2,2025-11-30 17:00:00,178.70833333333334,156.3958303774493
160-182d,room2,2025-11-30 18:00:00,178.75,157.76796861860694
160-182d,room2,2025-11-30 19:00:00,178.79166666666666,156.877748485732
160-182d,room2,2025-11-30 20:00:00,178.83333333333334,156.84355888766817
160-182d,room2,2025-11-30 21:00:00,178.875,157.99295064309592
160-182d,room2,2025-11-30 22:00:00,178.91666666666666,154.7068830569579
160-182d,room2,2025-12-01 08:00:00,179.33333333333334,158.98993593920045
160-182d,room2,2025-12-01 09:00:00,179.375,151.4376386518688
160-182d,room2,2025-12-01 10:00:00,179.41666666666666,157.6501482488955
160-182d,room2,2025-12-01 11:00:00,179.45833333333334,156.38878165421863
160-182d,room2,2025-12-01 12:00:00,179.5,157.25988541804162
160-182d,room2,2025-12-01 13:00:00,179.54166666666666,160.88811233638808
160-182d,room2,2025-12-01 14:00:00,179.58333333333334,160.23903036434007
160-182d,room2,2025-12-01 15:00:00,179.625,158.34033135459075
160-182d,room2,2025-12-01 16:00:00,179.66666666666666,159.75848714536565
160-182d,room2,2025-12-01 17:00:00,179.70833333333334,158.3388934362548
160-182d,room2,2025-12-01 18:00:00,179.75,157.95082586121765
160-182d,room2,2025-12-01 19:00:00,179.79166666666666,159.85184119998806
160-182d,room2,2025-12-01 20:00:00,179.83333333333334,156.87857019991543
160-182d,room2,2025-12-01 21:00:00,179.875,158.32379260734498
160-182d,room2,2025-12-01 22:00:00,179.91666666666666,157.03125999793946
160-182d,room2,2025-12-02 08:00:00,180.33333333333334,145.22187334420727
160-182d,room2,2025-12-02 09:00:00,180.375,143.88725369631297
160-182d,room2,2025-12-02 10:00:00,180.41666666666666,162.25897718961988
160-182d,room2,2025-12-02 11:00:00,180.45833333333334,160.45730732585156
160-182d,room2,2025-12-02 12:00:00,180.5,158.80550367125505
160-182d,room2,2025-12-02 13:00:00,180.54166666666666,159.4855170598302
160-182d,room2,2025-12-02 14:00:00,180.58333333333334,157.8633242976385
160-182d,room2,2025-12-02 15:00:00,180.625,157.97330284182078
160-182d,room2,2025-12-02 16:00:00,180.66666666666666,156.97417677777696
160-182d,room2,2025-12-02 17:00:00,180.70833333333334,156.23911075924303
160-182d,room2,2025-12-02 18:00:00,180.75,157.87228122497874
160-182d,room2,2025-12-02 19:00:00,180.79166666666666,157.10369055011532
160-182d,room2,2025-12-02 20:00:00,180.83333333333334,155.04676691378725
160-182d,room2,2025-12-02 21:00:00,180.875,155.15813413934902
160-182d,room2,2025-12-02 22:00:00,180.91666666666666,153.61935682844015
160-182d,room2,2025-12-03 08:00:00,181.33333333333334,153.0470516766293
160-182d,room2,2025-12-03 09:00:00,181.375,149.5484166610594
160-182d,room2,2025-12-03 10:00:00,181.41666666666666,160.66971934569574
160-182d,room2,2025-12-03 11:00:00,181.45833333333334,159.62471306834263
160-182d,room2,2025-12-03 12:00:00,181.5,160.13560533032737
160-182d,room6,2025-11-12 08:00:00,160.33333333333334,141.66130754317086
160-182d,room6,2025-11-12 09:00:00,160.375,158.24399144554656
160-182d,room6,2025-11-12 10:00:00,160.41666666666666,155.97764305149954
160-182d,room6,2025-11-12 11:00:00,160.45833333333334,158.09210637951665
160-182d,room6,2025-11-12 12:00:00,160.5,158.40322771404038
160-182d,room6,2025-11-12 13:00:00,160.54166666666666,161.59297826867697
160-182d,room6,2025-11-12 14:00:00,160.58333333333334,162.30609505276485
160-182d,room6,2025-11-12 15:00:00,160.625,159.9946905352623
160-182d,room6,2025-11-12 16:00:00,160.66666666666666,161.0539759970644
160-182d,room6,2025-11-12 17:00:00,160.70833333333334,160.47629842930436
160-182d,room6,2025-11-12 18:00:00,160.75,160.93171913829707
160-182d,room6,2025-11-12 19:00:00,160.79166666666666,159.86969348177047
160-182d,room6,2025-11-12 20:00:00,160.83333333333334,146.32378727396224
160-182d,room6,2025-11-12 21:00:00,160.875,153.589405471998
160-182d,room6,2025-11-12 22:00:00,160.91666666666666,152.85591662361708
160-182d,room6,2025-11-13 08:00:00,161.33333333333334,160.9111870295603
160-182d,room6,2025-11-13 09:00:00,161.375,145.0297528129484
160-182d,room6,2025-11-13 10:00:00,161.41666666666666,154.77955835726593
160-182d,room6,2025-11-13 11:00:00,161.45833333333334,157.24481751978067
160-182d,room6,2025-11-13 12:00:00,161.5,156.83534137534463
160-182d,room6,2025-11-13 13:00:00,161.54166666666666,162.62322723584904
160-182d,room6,2025-11-13 14:00:00,161.58333333333334,159.82744582807211
160-182d,room6,2025-11-13 15:00:00,161.625,164.18868376757212
160-182d,room6,2025-11-13 16:00:00,161.66666666666666,165.51200362692995
160-182d,room6,2025-11-13 17:00:00,161.70833333333334,163.70004395333814
160-182d,room6,2025-11-13 18:00:00,161.75,154.87164666777963
160-182d,room6,2025-11-13 19:00:00,161.79166666666666,161.7789263274278
160-182d,room6,2025-11-13 20:00:00,161.83333333333334,160.33654423950995
160-182d,room6,2025-11-13 21:00:00,161.875,158.87508476807938
160-182d,room6,2025-11-13 22:00:00,161.91666666666666,158.33579154973995
160-182d,room6,2025-11-14 08:00:00,162.33333333333334,158.12921039176496
160-182d,room6,2025-11-14 09:00:00,162.375,153.51943022169584
160-182d,room6,2025-11-14 10:00:00,162.41666666666666,159.0400408714627
160-182d,room6,2025-11-14 11:00:00,162.45833333333334,151.991075782018
160-182d,room6,2025-11-14 12:00:00,162.5,158.46884587615747
160-182d,room6,2025-11-14 13:00:00,162.54166666666666,162.97473805530942
160-182d,room6,2025-11-14 14:00:00,162.58333333333334,162.6731504834891
160-182d,room6,2025-11-14 16:00:00,162.66666666666666,153.31607765952953
160-182d,room6,2025-11-14 17:00:00,162.70833333333334,146.08236731355575
160-182d,room6,2025-11-14 18:00:00,162.75,145.1022238226015
160-182d,room6,2025-11-14 19:00:00,162.79166666666666,151.4727935949295
160-182d,room6,2025-11-14 20:00:00,162.83333333333334,148.22664688718598
160-182d,room6,2025-11-17 16:00:00,165.66666666666666,80.01058389510953
160-182d,room6,2025-11-17 17:00:00,165.70833333333334,126.43803525147405
160-182d,room6,2025-11-17 18:00:00,165.75,144.89397061637976
160-182d,room6,2025-11-17 19:00:00,165.79166666666666,130.54532248653484
160-182d,room6,2025-11-17 20:00:00,165.83333333333334,137.89851097998223
160-182d,room6,2025-11-17 21:00:00,165.875,144.39281557656975
160-182d,room6,2025-11-17 22:00:00,165.91666666666666,149.9185642575465
160-182d,room6,2025-11-18 08:00:00,166.33333333333334,155.6417365211228
160-182d,room6,2025-11-18 09:00:00,166.375,141.15831068772144
160-182d,room6,2025-11-18 10:00:00,166.41666666666666,154.14959912106505
160-182d,room6,2025-11-18 11:00:00,166.45833333333334,154.58749730035024
160-182d,room6,2025-11-18 12:00:00,166.5,153.30019764366585
160-182d,room6,2025-11-18 13:00:00,166.54166666666666,159.52132420197415
160-182d,room6,2025-11-18 14:00:00,166.58333333333334,159.00859971116006
160-182d,room6,2025-11-18 15:00:00,166.625,160.55378926634648
160-182d,room6,2025-11-18 16:00:00,166.66666666666666,158.5945431358433
160-182d,room6,2025-11-18 17:00:00,166.70833333333334,158.83853747691148
160-182d,room6,2025-11-18 18:00:00,166.75,157.6815295542893
160-182d,room6,2025-11-18 19:00:00,166.79166666666666,153.53174433521312
160-182d,room6,2025-11-18 20:00:00,166.83333333333334,152.5432044004193
160-182d,room6,2025-11-18 21:00:00,166.875,148.44939963664012
160-182d,room6,2025-11-18 22:00:00,166.91666666666666,157.65852253247763
160-182d,room6,2025-11-19 08:00:00,167.33333333333334,153.1541894823072
160-182d,room6,2025-11-19 09:00:00,167.375,144.98431550571408
160-182d,room6,2025-11-19 10:00:00,167.41666666666666,150.13994325263928
160-182d,room6,2025-11-19 11:00:00,167.45833333333334,151.15732293984803
160-182d,room6,2025-11-19 12:00:00,167.5,151.80970841356225
160-182d,room6,2025-11-19 13:00:00,167.54166666666666,152.92468855115308
160-182d,room6,2025-11-19 14:00:00,167.58333333333334,153.47198341163102
160-182d,room6,2025-11-19 15:00:00,167.625,156.21149071756847
160-182d,room6,2025-11-19 16:00:00,167.66666666666666,153.52098717215728
160-182d,room6,2025-11-19 17:00:00,167.70833333333334,151.2372135605422
160-182d,room6,2025-11-19 18:00:00,167.75,151.4700486154306
160-182d,room6,2025-11-19 19:00:00,167.79166666666666,153.06554958372382
160-182d,room6,2025-11-19 20:00:00,167.83333333333334,149.24602138768984
160-182d,room6,2025-11-19 21:00:00,167.875,147.32424199694438
160-182d,room6,2025-11-19 22:00:00,167.91666666666666,151.52264779683932
160-182d,room6,2025-11-20 08:00:00,168.33333333333334,156.47326378635634
160-182d,room6,2025-11-20 09:00:00,168.375,148.07924275943893
160-182d,room6,2025-11-20 10:00:00,168.41666666666666,151.7626173102039
160-182d,room6,2025-11-20 11:00:00,168.45833333333334,154.07030533968643
160-182d,room6,2025-11-20 12:00:00,168.5,151.7097075245417
160-182d,room6,2025-11-20 13:00:00,168.54166666666666,157.2646149495475
160-182d,room6,2025-11-20 14:00:00,168.58333333333334,158.26277237738273
160-182d,room6,2025-11-20 15:00:00,168.625,159.14435724649314
160-182d,room6,2025-11-20 16:00:00,168.66666666666666,157.66996331902095
160-182d,room6,2025-11-20 17:00:00,168.70833333333334,156.14596012063166
160-182d,room6,2025-11-20 18:00:00,168.75,156.80736054607308
160-182d,room6,2025-11-20 19:00:00,168.79166666666666,156.50464363166645
160-182d,room6,2025-11-20 20:00:00,168.83333333333334,153.12321788559672
160-182d,room6,2025-11-20 21:00:00,168.875,150.5717863630375
160-182d,room6,2025-11-20 22:00:00,168.91666666666666,150.42791575826192
160-182d,room6,2025-11-21 08:00:00,169.33333333333334,154.85560687272203
160-182d,room6,2025-11-21 09:00:00,169.375,155.6774876741109
160-182d,room6,2025-11-21 10:00:00,169.41666666666666,148.5778409559304
160-182d,room6,2025-11-21 11:00:00,169.45833333333334,152.1768777770576
160-182d,room6,2025-11-21 12:00:00,169.5,151.8119657627468
160-182d,room6,2025-11-21 13:00:00,169.54166666666666,159.31625899692807
160-182d,room6,2025-11-21 14:00:00,169.58333333333334,157.87940839718402
160-182d,room6,2025-11-21 15:00:00,169.625,158.44576186408887
160-182d,room6,2025-11-21 16:00:00,169.66666666666666,158.12095950412757
160-182d,room6,2025-11-21 17:00:00,169.70833333333334,159.63470844816922
160-182d,room6,2025-11-21 18:00:00,169.75,160.19379201100696
160-182d,room6,2025-11-21 19:00:00,169.79166666666666,159.51500847113203
160-182d,room6,2025-11-21 20:00:00,169.83333333333334,157.0964954352552
160-182d,room6,2025-11-21 21:00:00,169.875,156.40029984014026
160-182d,room6,2025-11-21 22:00:00,169.91666666666666,151.49575573189534
160-182d,room6,2025-11-22 08:00:00,170.33333333333334,152.46474482661657
160-182d,room6,2025-11-22 09:00:00,170.375,157.7317570443967
160-182d,room6,2025-11-22 10:00:00,170.41666666666666,150.72518314646908
160-182d,room6,2025-11-22 11:00:00,170.45833333333334,153.93958850733165
160-182d,room6,2025-11-22 12:00:00,170.5,152.63186362613126
160-182d,room6,2025-11-22 13:00:00,170.54166666666666,158.74016924966165
160-182d,room6,2025-11-22 14:00:00,170.58333333333334,159.11997456091683
160-182d,room6,2025-11-22 15:00:00,170.625,151.90275713638323
160-182d,room6,2025-11-22 16:00:00,170.66666666666666,160.2348370629494
160-182d,room6,2025-11-22 17:00:00,170.70833333333334,158.70903701724282
160-182d,room6,2025-11-22 18:00:00,170.75,159.33892387019915
160-182d,room6,2025-11-22 19:00:00,170.79166666666666,159.514213414517
160-182d,room6,2025-11-22 20:00:00,170.83333333333334,154.69439950983718
160-182d,room6,2025-11-22 21:00:00,170.875,150.37304955578765
160-182d,room6,2025-11-22 22:00:00,170.91666666666666,149.72913811331955
160-182d,room6,2025-11-23 08:00:00,171.33333333333334,155.5381107483177
160-182d,room6,2025-11-23 09:00:00,171.375,155.12841479289912
160-182d,room6,2025-11-23 10:00:00,171.41666666666666,153.537174963859
160-182d,room6,2025-11-23 11:00:00,171.45833333333334,150.94458997813533
160-182d,room6,2025-11-23 12:00:00,171.5,151.0998231456884
160-182d,room6,2025-11-23 13:00:00,171.54166666666666,154.7548009718878
160-182d,room6,2025-11-23 14:00:00,171.58333333333334,156.53330900131314
160-182d,room6,2025-11-23 15:00:00,171.625,154.88797979703492
160-182d,room6,2025-11-23 16:00:00,171.66666666666666,153.31195317848815
160-182d,room6,2025-11-23 17:00:00,171.70833333333334,156.35082215533325
160-182d,room6,2025-11-23 18:00:00,171.75,146.94159522872832
160-182d,room6,2025-11-23 19:00:00,171.79166666666666,157.78777552660782
160-182d,room6,2025-11-23 20:00:00,171.83333333333334,153.30719477212637
160-182d,room6,2025-11-23 21:00:00,171.875,152.28808753845863
160-182d,room6,2025-11-23 22:00:00,171.91666666666666,151.7178297699066
160-182d,room6,2025-11-24 16:00:00,172.66666666666666,117.45137492782219
160-182d,room6,2025-11-24 17:00:00,172.70833333333334,76.91203098615752
160-182d,room6,2025-11-24 18:00:00,172.75,144.78900695874023
160-182d,room6,2025-11-24 19:00:00,172.79166666666666,143.03180325377446
160-182d,room6,2025-11-24 20:00:00,172.83333333333334,156.6381722920988
160-182d,room6,2025-11-24 21:00:00,172.875,156.0273517682164
160-182d,room6,2025-11-24 22:00:00,172.91666666666666,155.2996233922929
160-182d,room6,2025-11-25 08:00:00,173.33333333333334,156.3133590312707
160-182d,room6,2025-11-25 09:00:00,173.375,155.75379994922744
160-182d,room6,2025-11-25 10:00:00,173.41666666666666,157.0924092302588
160-182d,room6,2025-11-25 11:00:00,173.45833333333334,156.97933868648923
160-182d,room6,2025-11-25 12:00:00,173.5,157.32727624880107
160-182d,room6,2025-11-25 13:00:00,173.54166666666666,159.60874879955765
160-182d,room6,2025-11-25 14:00:00,173.58333333333334,157.4814875533566
160-182d,room6,2025-11-25 15:00:00,173.625,157.56181415398402
160-182d,room6,2025-11-25 16:00:00,173.66666666666666,155.36468260070149
160-182d,room6,2025-11-25 17:00:00,173.70833333333334,158.52603952583834
160-182d,room6,2025-11-25 18:00:00,173.75,159.35633397629636
160-182d,room6,2025-11-25 19:00:00,173.79166666666666,158.26925615455806
160-182d,room6,2025-11-25 20:00:00,173.83333333333334,157.39309777615279
160-182d,room6,2025-11-25 21:00:00,173.875,156.14483148114468
160-182d,room6,2025-11-25 22:00:00,173.91666666666666,154.16984924358238
160-182d,room6,2025-11-26 08:00:00,174.33333333333334,157.1266472751234
160-182d,room6,2025-11-26 09:00:00,174.375,160.8289671506703
160-182d,room6,2025-11-26 10:00:00,174.41666666666666,157.78078979100275
160-182d,room6,2025-11-26 11:00:00,174.45833333333334,157.17619934211834
160-182d,room6,2025-11-26 12:00:00,174.5,160.6304458968007
160-182d,room6,2025-11-26 13:00:00,174.54166666666666,160.860116872303
160-182d,room6,2025-11-26 14:00:00,174.58333333333334,161.19836503404815
160-182d,room6,2025-11-26 15:00:00,174.625,156.98550096319008
160-182d,room6,2025-11-26 16:00:00,174.66666666666666,155.8403751400569
160-182d,room6,2025-11-26 17:00:00,174.70833333333334,153.02754629587764
160-182d,room6,2025-11-26 18:00:00,174.75,148.44601310585736
160-182d,room6,2025-11-26 19:00:00,174.79166666666666,154.31403743652433
160-182d,room6,2025-11-26 20:00:00,174.83333333333334,160.01406510727486
160-182d,room6,2025-11-26 21:00:00,174.875,156.83809285513854
160-182d,room6,2025-11-26 22:00:00,174.91666666666666,158.59151538073982
160-182d,room6,2025-11-27 08:00:00,175.33333333333334,154.05860170203704
160-182d,room6,2025-11-27 09:00:00,175.375,160.04075050025168
160-182d,room6,2025-11-27 10:00:00,175.41666666666666,158.01569835207943
160-182d,room6,2025-11-27 11:00:00,175.45833333333334,159.52478336274177
160-182d,room6,2025-11-27 12:00:00,175.5,156.4746396679736
160-182d,room6,2025-11-27 13:00:00,175.54166666666666,161.39270582412877
160-182d,room6,2025-11-27 14:00:00,175.58333333333334,160.90073119503998
160-182d,room6,2025-11-27 15:00:00,175.625,162.06221739239118
160-182d,room6,2025-11-27 16:00:00,175.66666666666666,158.9419106268895
160-182d,room6,2025-11-27 17:00:00,175.70833333333334,153.36699053805233
160-182d,room6,2025-11-27 18:00:00,175.75,148.079051298093
160-182d,room6,2025-11-27 19:00:00,175.79166666666666,163.60079837711885
160-182d,room6,2025-11-27 20:00:00,175.83333333333334,160.32453913800882
160-182d,room6,2025-11-27 21:00:00,175.875,157.77225952666686
160-182d,room6,2025-11-27 22:00:00,175.91666666666666,156.98742549063635
160-182d,room6,2025-11-28 08:00:00,176.33333333333334,149.7195778195421
160-182d,room6,2025-11-28 10:00:00,176.41666666666666,113.40994010683468
160-182d,room6,2025-11-28 11:00:00,176.45833333333334,152.40407485243315
160-182d,room6,2025-11-28 12:00:00,176.5,154.83383865177504
160-182d,room6,2025-11-28 13:00:00,176.54166666666666,155.0603628736838
160-182d,room6,2025-11-28 14:00:00,176.58333333333334,156.7261881299407
160-182d,room6,2025-11-28 15:00:00,176.625,149.30320721205146
160-182d,room6,2025-11-28 16:00:00,176.66666666666666,161.38408706867622
160-182d,room6,2025-11-28 17:00:00,176.70833333333334,161.49407009373334
160-182d,room6,2025-11-28 18:00:00,176.75,163.62010683472477
160-182d,room6,2025-11-28 19:00:00,176.79166666666666,158.63355172096914
160-182d,room6,2025-11-28 20:00:00,176.83333333333334,154.29579990675373
160-182d,room6,2025-11-28 21:00:00,176.875,151.32773725501605
160-182d,room6,2025-11-28 22:00:00,176.91666666666666,153.21235077033296
160-182d,room6,2025-11-29 08:00:00,177.33333333333334,154.84108052620243
160-182d,room6,2025-11-29 09:00:00,177.375,151.68424386415114
160-182d,room6,2025-11-29 10:00:00,177.41666666666666,153.5053107094573
160-182d,room6,2025-11-29 11:00:00,177.45833333333334,152.15951065186943
160-182d,room6,2025-11-29 12:00:00,177.5,151.01613378124924
160-182d,room6,2025-11-29 13:00:00,177.54166666666666,158.41635885165803
160-182d,room6,2025-11-29 14:00:00,177.58333333333334,155.02995854011814
160-182d,room6,2025-11-29 15:00:00,177.625,160.83828066154175
160-182d,room6,2025-11-29 16:00:00,177.66666666666666,150.71780029655594
160-182d,room6,2025-11-29 17:00:00,177.70833333333334,155.08953035673932
160-182d,room6,2025-11-29 18:00:00,177.75,153.04235882599505
160-182d,room6,2025-11-29 19:00:00,177.79166666666666,159.96380312903585
160-182d,room6,2025-11-29 20:00:00,177.83333333333334,154.15806559940194
160-182d,room6,2025-11-29 21:00:00,177.875,150.0960743904825
160-182d,room6,2025-11-29 22:00:00,177.91666666666666,149.66818100350423
160-182d,room6,2025-11-30 08:00:00,178.33333333333334,141.86018662587526
160-182d,room6,2025-11-30 09:00:00,178.375,151.8888310012612
160-182d,room6,2025-11-30 10:00:00,178.41666666666666,155.56322405170235
160-182d,room6,2025-11-30 11:00:00,178.45833333333334,153.14776404696295
160-182d,room6,2025-11-30 12:00:00,178.5,151.90166866187715
160-182d,room6,2025-11-30 13:00:00,178.54166666666666,154.35222186217192
160-182d,room6,2025-11-30 14:00:00,178.58333333333334,155.40566650060134
160-182d,room7,2025-11-12 08:00:00,160.33333333333334,157.52681411325435
160-182d,room7,2025-11-12 09:00:00,160.375,158.37314933122641
160-182d,room7,2025-11-12 10:00:00,160.41666666666666,157.66922043748198
160-182d,room7,2025-11-12 11:00:00,160.45833333333334,157.11036276140922
160-182d,room7,2025-11-12 12:00:00,160.5,157.6696822436436
160-182d,room7,2025-11-12 13:00:00,160.54166666666666,159.2171835663649
160-182d,room7,2025-11-12 14:00:00,160.58333333333334,158.48469759865333
160-182d,room7,2025-11-12 15:00:00,160.625,158.95060633831605
160-182d,room7,2025-11-12 16:00:00,160.66666666666666,157.83580867835818
160-182d,room7,2025-11-12 17:00:00,160.70833333333334,157.9028063100169
160-182d,room7,2025-11-12 18:00:00,160.75,158.01308959205323
160-182d,room7,2025-11-12 19:00:00,160.79166666666666,157.00643321212024
160-182d,room7,2025-11-12 20:00:00,160.83333333333334,157.02544286385148
160-182d,room7,2025-11-12 21:00:00,160.875,156.65042924815944
160-182d,room7,2025-11-12 22:00:00,160.91666666666666,155.29626335163573
160-182d,room7,2025-11-13 08:00:00,161.33333333333334,151.15408219656544
160-182d,room7,2025-11-13 09:00:00,161.375,153.50378653243087
160-182d,room7,2025-11-13 10:00:00,161.41666666666666,157.14518424170163
160-182d,room7,2025-11-13 11:00:00,161.45833333333334,155.96361642532403
160-182d,room7,2025-11-13 12:00:00,161.5,156.3483491814643
160-182d,room7,2025-11-13 13:00:00,161.54166666666666,157.76156732116104
160-182d,room7,2025-11-13 14:00:00,161.58333333333334,157.80097163804155
160-182d,room7,2025-11-13 15:00:00,161.625,157.82714864512334
160-182d,room7,2025-11-13 16:00:00,161.66666666666666,157.89026528844698
160-182d,room7,2025-11-13 17:00:00,161.70833333333334,157.37980804826998
160-182d,room7,2025-11-13 18:00:00,161.75,158.38253018188357
160-182d,room7,2025-11-13 19:00:00,161.79166666666666,156.94945916447622
160-182d,room7,2025-11-13 20:00:00,161.83333333333334,156.6083758296682
160-182d,room7,2025-11-13 21:00:00,161.875,158.37961674078693
160-182d,room7,2025-11-13 22:00:00,161.91666666666666,156.3101062711505
160-182d,room7,2025-11-14 08:00:00,162.33333333333334,153.03204039453064
160-182d,room7,2025-11-14 09:00:00,162.375,147.4300007653715
160-182d,room7,2025-11-14 10:00:00,162.41666666666666,155.92232846548927
160-182d,room7,2025-11-14 11:00:00,162.45833333333334,157.38654812909627
160-182d,room7,2025-11-14 12:00:00,162.5,157.73403506506887
160-182d,room7,2025-11-14 13:00:00,162.54166666666666,157.44614088231563
160-182d,room7,2025-11-14 14:00:00,162.58333333333334,157.84049720606475
160-182d,room7,2025-11-14 15:00:00,162.625,157.62688908489395
160-182d,room7,2025-11-14 16:00:00,162.66666666666666,156.51557875278144
160-182d,room7,2025-11-14 17:00:00,162.70833333333334,155.57599938288874
160-182d,room7,2025-11-14 18:00:00,162.75,156.6118762022805
160-182d,room7,2025-11-14 19:00:00,162.79166666666666,156.24292169208633
160-182d,room7,2025-11-14 20:00:00,162.83333333333334,156.13781540115437
160-182d,room7,2025-11-14 21:00:00,162.875,157.45924530389888
160-182d,room7,2025-11-14 22:00:00,162.91666666666666,156.60486990513414
160-182d,room7,2025-11-15 08:00:00,163.33333333333334,151.71184554409803
160-182d,room7,2025-11-15 09:00:00,163.375,156.51114340017162
160-182d,room7,2025-11-15 10:00:00,163.41666666666666,155.98905984736234
160-182d,room7,2025-11-15 11:00:00,163.45833333333334,156.02426695835098
160-182d,room7,2025-11-15 12:00:00,163.5,157.21887380100677
160-182d,room7,2025-11-15 13:00:00,163.54166666666666,157.87268312686007
160-182d,room7,2025-11-15 14:00:00,163.58333333333334,157.77918494579026
160-182d,room7,2025-11-15 15:00:00,163.625,157.4235542959614
160-182d,room7,2025-11-15 16:00:00,163.66666666666666,157.5219613694825
160-182d,room7,2025-11-15 17:00:00,163.70833333333334,157.35114544472037
160-182d,room7,2025-11-15 18:00:00,163.75,157.53715234323468
160-182d,room7,2025-11-15 19:00:00,163.79166666666666,155.8681708635105
160-182d,room7,2025-11-15 20:00:00,163.83333333333334,155.8567570793493
160-182d,room7,2025-11-15 21:00:00,163.875,156.12988342024929
160-182d,room7,2025-11-15 22:00:00,163.91666666666666,153.19875847522994
160-182d,room7,2025-11-16 08:00:00,164.33333333333334,156.8207646040537
160-182d,room7,2025-11-16 09:00:00,164.375,153.5534457389905
160-182d,room7,2025-11-16 10:00:00,164.41666666666666,156.95579741916328
160-182d,room7,2025-11-16 11:00:00,164.45833333333334,157.11186617344086
160-182d,room7,2025-11-16 12:00:00,164.5,156.91347607627154
160-182d,room7,2025-11-16 13:00:00,164.54166666666666,156.63996352901032
160-182d,room7,2025-11-16 14:00:00,164.58333333333334,158.252759374235
160-182d,room7,2025-11-16 15:00:00,164.625,156.57861233046617
160-182d,room7,2025-11-16 16:00:00,164.66666666666666,157.16674904583272
160-182d,room7,2025-11-16 17:00:00,164.70833333333334,156.57278639234198
160-182d,room7,2025-11-16 18:00:00,164.75,155.6907721798727
160-182d,room7,2025-11-16 19:00:00,164.79166666666666,156.5032437789896
160-182d,room7,2025-11-16 20:00:00,164.83333333333334,156.47506982237886
160-182d,room7,2025-11-16 21:00:00,164.875,157.97211449990922
160-182d,room7,2025-11-16 22:00:00,164.91666666666666,157.23561507999733
160-182d,room7,2025-11-17 08:00:00,165.33333333333334,153.02615958435848
160-182d,room7,2025-11-17 09:00:00,165.375,141.249202240497
160-182d,room7,2025-11-17 10:00:00,165.41666666666666,154.57372698309933
160-182d,room7,2025-11-17 11:00:00,165.45833333333334,155.29442223698243
160-182d,room7,2025-11-17 12:00:00,165.5,156.30159145122946
160-182d,room7,2025-11-17 13:00:00,165.54166666666666,156.8963254441403
160-182d,room7,2025-11-17 14:00:00,165.58333333333334,157.03119670092929
160-182d,room7,2025-11-17 15:00:00,165.625,157.93328341372649
160-182d,room7,2025-11-17 16:00:00,165.66666666666666,158.34314472132152
160-182d,room7,2025-11-17 17:00:00,165.70833333333334,157.00893864888505
160-182d,room7,2025-11-17 18:00:00,165.75,157.0628288579779
160-182d,room7,2025-11-17 19:00:00,165.79166666666666,157.48268208971223
160-182d,room7,2025-11-17 20:00:00,165.83333333333334,158.17665254669555
160-182d,room7,2025-11-17 21:00:00,165.875,158.98091588564992
160-182d,room7,2025-11-17 22:00:00,165.91666666666666,154.6704486793421
160-182d,room7,2025-11-18 08:00:00,166.33333333333334,146.81226554549065
160-182d,room7,2025-11-18 09:00:00,166.375,137.73201101480342
160-182d,room7,2025-11-18 10:00:00,166.41666666666666,157.09754701251046
160-182d,room7,2025-11-18 11:00:00,166.45833333333334,155.81545557327675
160-182d,room7,2025-11-18 12:00:00,166.5,156.7040808069092
160-182d,room7,2025-11-18 13:00:00,166.54166666666666,157.31671158161518
160-182d,room7,2025-11-18 14:00:00,166.58333333333334,156.2406617416891
160-182d,room7,2025-11-18 15:00:00,166.625,158.55692810332445
160-182d,room7,2025-11-18 16:00:00,166.66666666666666,159.7877331833081
160-182d,room7,2025-11-18 17:00:00,166.70833333333334,157.8944572641685
160-182d,room7,2025-11-18 18:00:00,166.75,157.86960010964663
160-182d,room7,2025-11-18 19:00:00,166.79166666666666,158.83969813519164
160-182d,room7,2025-11-18 20:00:00,166.83333333333334,159.0842151863605
160-182d,room7,2025-11-18 21:00:00,166.875,159.24735903833377
160-182d,room7,2025-11-18 22:00:00,166.91666666666666,158.74201781416227
160-182d,room7,2025-11-19 08:00:00,167.33333333333334,149.63437309828728
160-182d,room7,2025-11-19 09:00:00,167.375,141.5843546839674
160-182d,room7,2025-11-19 10:00:00,167.41666666666666,157.95784596917548
160-182d,room7,2025-11-19 11:00:00,167.45833333333334,158.233378979791
160-182d,room7,2025-11-19 12:00:00,167.5,157.88125109008783
160-182d,room7,2025-11-19 13:00:00,167.54166666666666,157.9773116603925
160-182d,room7,2025-11-19 14:00:00,167.58333333333334,160.0837202641188
160-182d,room7,2025-11-19 15:00:00,167.625,159.2252151422106
160-182d,room7,2025-11-19 17:00:00,167.70833333333334,158.06858510454308
160-182d,room7,2025-11-19 18:00:00,167.75,157.13915662303438
160-182d,room7,2025-11-19 19:00:00,167.79166666666666,158.557071106642
160-182d,room7,2025-11-19 21:00:00,167.875,157.34061009950085
160-182d,room7,2025-11-19 22:00:00,167.91666666666666,158.60244827137873
160-182d,room7,2025-11-20 08:00:00,168.33333333333334,146.56352831651367
160-182d,room7,2025-11-20 09:00:00,168.375,155.81743676173014
160-182d,room7,2025-11-20 10:00:00,168.41666666666666,158.02043164614625
160-182d,room7,2025-11-20 11:00:00,168.45833333333334,158.43061746584098
160-182d,room7,2025-11-20 12:00:00,168.5,159.18046231681106
160-182d,room7,2025-11-20 13:00:00,168.54166666666666,160.45233968956575
160-182d,room7,2025-11-20 14:00:00,168.58333333333334,157.92741409529668
160-182d,room7,2025-11-20 15:00:00,168.625,158.79199814383136
160-182d,room7,2025-11-20 16:00:00,168.66666666666666,157.84453885684584
160-182d,room7,2025-11-20 17:00:00,168.70833333333334,159.00387808287297
160-182d,room7,2025-11-20 18:00:00,168.75,156.66723478857998
160-182d,room7,2025-11-20 19:00:00,168.79166666666666,153.2846383013164
160-182d,room7,2025-11-20 20:00:00,168.83333333333334,153.40166304873793
160-182d,room7,2025-11-20 21:00:00,168.875,155.99912166180823
160-182d,room7,2025-11-20 22:00:00,168.91666666666666,155.7491574370913
160-182d,room7,2025-11-21 08:00:00,169.33333333333334,152.3239317876001
160-182d,room7,2025-11-21 09:00:00,169.375,137.72120415372316
160-182d,room7,2025-11-21 10:00:00,169.41666666666666,156.51856157157852
160-182d,room7,2025-11-21 11:00:00,169.45833333333334,159.25022912422878
160-182d,room7,2025-11-21 12:00:00,169.5,159.4692869863492
160-182d,room7,2025-11-21 13:00:00,169.54166666666666,159.63348364610607
160-182d,room7,2025-11-21 14:00:00,169.58333333333334,159.27055811348816
160-182d,room7,2025-11-21 15:00:00,169.625,158.65774159394203
160-182d,room7,2025-11-21 16:00:00,169.66666666666666,156.40063180676893
160-182d,room7,2025-11-21 17:00:00,169.70833333333334,158.62308902243345
160-182d,room7,2025-11-21 18:00:00,169.75,158.677903042692
160-182d,room7,2025-11-21 19:00:00,169.79166666666666,156.8421602924329
160-182d,room7,2025-11-21 20:00:00,169.83333333333334,154.71959185314358
160-182d,room7,2025-11-21 21:00:00,169.875,159.18173966977528
160-182d,room7,2025-11-21 22:00:00,169.91666666666666,159.14229801450807
160-182d,room7,2025-11-22 08:00:00,170.33333333333334,163.35946589887928
160-182d,room7,2025-11-22 09:00:00,170.375,138.73621278147394
160-182d,room7,2025-11-22 10:00:00,170.41666666666666,157.58364109738045
160-182d,room7,2025-11-22 11:00:00,170.45833333333334,157.74766391683244
160-182d,room7,2025-11-22 12:00:00,170.5,156.46514290050945
160-182d,room7,2025-11-22 13:00:00,170.54166666666666,158.43296206665457
160-182d,room7,2025-11-22 14:00:00,170.58333333333334,156.326701056833
160-182d,room7,2025-11-22 15:00:00,170.625,158.64067903857602
160-182d,room7,2025-11-22 16:00:00,170.66666666666666,159.39450311508043
160-182d,room7,2025-11-22 17:00:00,170.70833333333334,157.19458819223945
160-182d,room7,2025-11-22 18:00:00,170.75,156.58466462890271
160-182d,room7,2025-11-22 19:00:00,170.79166666666666,157.90247043887615
160-182d,room7,2025-11-22 20:00:00,170.83333333333334,158.74749888567536
160-182d,room7,2025-11-22 21:00:00,170.875,157.5287677460433
160-182d,room7,2025-11-22 22:00:00,170.91666666666666,153.7124703900149
160-182d,room7,2025-11-23 08:00:00,171.33333333333334,155.84019951226125
160-182d,room7,2025-11-23 09:00:00,171.375,148.088315239522
160-182d,room7,2025-11-23 10:00:00,171.41666666666666,158.027794159747
160-182d,room7,2025-11-23 11:00:00,171.45833333333334,158.64378008903475
160-182d,room7,2025-11-23 12:00:00,171.5,159.93388900402022
160-182d,room7,2025-11-23 13:00:00,171.54166666666666,157.95188633259676
160-182d,room7,2025-11-23 14:00:00,171.58333333333334,155.30404969958857
160-182d,room7,2025-11-23 15:00:00,171.625,156.09599073627038
160-182d,room7,2025-11-23 16:00:00,171.66666666666666,157.23939846648128
160-182d,room7,2025-11-23 17:00:00,171.70833333333334,156.93018715604964
160-182d,room7,2025-11-23 18:00:00,171.75,154.7656814380841
160-182d,room7,2025-11-23 19:00:00,171.79166666666666,156.87749698907572
160-182d,room7,2025-11-23 20:00:00,171.83333333333334,157.3183058257921
160-182d,room7,2025-11-23 21:00:00,171.875,155.66962015277878
160-182d,room7,2025-11-23 22:00:00,171.91666666666666,157.00528470997264
160-182d,room7,2025-11-24 08:00:00,172.33333333333334,152.81941092121596
160-182d,room7,2025-11-24 09:00:00,172.375,126.15336980030303
160-182d,room7,2025-11-24 10:00:00,172.41666666666666,161.75811194132217
160-182d,room7,2025-11-24 11:00:00,172.45833333333334,161.26161801313654
160-182d,room7,2025-11-24 12:00:00,172.5,160.61071731119856
160-182d,room7,2025-11-24 13:00:00,172.54166666666666,158.74563721757917
160-182d,room7,2025-11-24 14:00:00,172.58333333333334,157.95058840238076
160-182d,room7,2025-11-24 15:00:00,172.625,159.13391411218518
160-182d,room7,2025-11-24 16:00:00,172.66666666666666,159.99397492046648
160-182d,room7,2025-11-24 17:00:00,172.70833333333334,157.59254608087448
160-182d,room7,2025-11-24 18:00:00,172.75,158.2442920540211
160-182d,room7,2025-11-24 19:00:00,172.79166666666666,157.70001333165575
160-182d,room7,2025-11-24 20:00:00,172.83333333333334,159.0090882797086
160-182d,room7,2025-11-24 21:00:00,172.875,161.18544989009095
160-182d,room7,2025-11-24 22:00:00,172.91666666666666,158.8277832740093
160-182d,room7,2025-11-25 08:00:00,173.33333333333334,149.07232826548307
160-182d,room7,2025-11-25 09:00:00,173.375,151.81555332253365
160-182d,room7,2025-11-25 10:00:00,173.41666666666666,160.61776681670273
160-182d,room7,2025-11-25 11:00:00,173.45833333333334,159.9232206756327
160-182d,room7,2025-11-25 12:00:00,173.5,160.91717330951076
160-182d,room7,2025-11-25 13:00:00,173.54166666666666,159.5094407995013
160-182d,room7,2025-11-25 14:00:00,173.58333333333334,160.73803916293613
160-182d,room7,2025-11-25 15:00:00,173.625,160.65388326590252
160-182d,room7,2025-11-25 16:00:00,173.66666666666666,158.87286030469642
160-182d,room7,2025-11-25 17:00:00,173.70833333333334,159.89268683786602
160-182d,room7,2025-11-25 18:00:00,173.75,158.4555690343316
160-182d,room7,2025-11-25 19:00:00,173.79166666666666,158.3836768921575
160-182d,room7,2025-11-25 20:00:00,173.83333333333334,159.8964856901561
160-182d,room7,2025-11-25 21:00:00,173.875,159.44687489520604
160-182d,room7,2025-11-25 22:00:00,173.91666666666666,159.22248289524967
160-182d,room7,2025-11-26 08:00:00,174.33333333333334,158.69771436991152
160-182d,room7,2025-11-26 09:00:00,174.375,148.1670582024374
160-182d,room7,2025-11-26 10:00:00,174.41666666666666,160.22371682292453
160-182d,room7,2025-11-26 11:00:00,174.45833333333334,159.93629425038253
160-182d,room7,2025-11-26 12:00:00,174.5,159.81104313207888
160-182d,room7,2025-11-26 13:00:00,174.54166666666666,159.55895778836143
160-182d,room7,2025-11-26 14:00:00,174.58333333333334,159.93770699734145
160-182d,room7,2025-11-26 15:00:00,174.625,159.25557174969512
160-182d,room7,2025-11-26 16:00:00,174.66666666666666,159.7521244701913
160-182d,room7,2025-11-26 17:00:00,174.70833333333334,159.678176985449
160-182d,room7,2025-11-26 18:00:00,174.75,161.4628165029963
160-182d,room7,2025-11-26 19:00:00,174.79166666666666,156.56648266178496
160-182d,room7,2025-11-26 20:00:00,174.83333333333334,155.413919889705
160-182d,room7,2025-11-26 21:00:00,174.875,154.1940243840321
160-182d,room7,2025-11-26 22:00:00,174.91666666666666,157.02601265206576
160-182d,room7,2025-11-27 08:00:00,175.33333333333334,153.80173643251572
160-182d,room7,2025-11-27 09:00:00,175.375,139.65706841314517
160-182d,room7,2025-11-27 10:00:00,175.41666666666666,158.0528104350942
160-182d,room7,2025-11-27 11:00:00,175.45833333333334,158.18738122196694
160-182d,room7,2025-11-27 12:00:00,175.5,158.81020867462593
160-182d,room7,2025-11-27 13:00:00,175.54166666666666,159.97484811794135
160-182d,room7,2025-11-27 14:00:00,175.58333333333334,160.40899617894752
160-182d,room7,2025-11-27 15:00:00,175.625,159.14206186506618
160-182d,room7,2025-11-27 16:00:00,175.66666666666666,157.41934016862245
160-182d,room7,2025-11-27 17:00:00,175.70833333333334,159.3509085801883
160-182d,room7,2025-11-27 18:00:00,175.75,157.79640496979349
160-182d,room7,2025-11-27 19:00:00,175.79166666666666,158.22040335162305
160-182d,room7,2025-11-27 20:00:00,175.83333333333334,156.29076250880559
160-182d,room7,2025-11-27 21:00:00,175.875,157.21647145810806
160-182d,room7,2025-11-27 22:00:00,175.91666666666666,156.82552066786153
160-182d,room7,2025-11-28 08:00:00,176.33333333333334,154.41529952982816
160-182d,room7,2025-11-28 09:00:00,176.375,142.07699176213436
160-182d,room7,2025-11-28 10:00:00,176.41666666666666,157.56970014783153
160-182d,room7,2025-11-28 11:00:00,176.45833333333334,154.58468068934832
160-182d,room7,2025-11-28 12:00:00,176.5,156.6404718125432
160-182d,room7,2025-11-28 13:00:00,176.54166666666666,159.77126793842675
160-182d,room7,2025-11-28 14:00:00,176.58333333333334,158.23092424818614
160-182d,room7,2025-11-28 15:00:00,176.625,156.76967484439243
160-182d,room7,2025-11-28 16:00:00,176.66666666666666,156.04422871518318
160-182d,room7,2025-11-28 17:00:00,176.70833333333334,160.6114724761972
160-182d,room7,2025-11-28 18:00:00,176.75,158.64670593057852
160-182d,room7,2025-11-28 19:00:00,176.79166666666666,158.89368711396426
160-182d,room7,2025-11-28 20:00:00,176.83333333333334,158.8614628120641
160-182d,room7,2025-11-28 21:00:00,176.875,158.72395850142766
160-182d,room7,2025-11-28 22:00:00,176.91666666666666,155.70696506353326
160-182d,room7,2025-11-29 08:00:00,177.33333333333334,158.07936347887485
160-182d,room7,2025-11-29 09:00:00,177.375,152.88600921378182
160-182d,room7,2025-11-29 10:00:00,177.41666666666666,159.75679612829606
160-182d,room7,2025-11-29 11:00:00,177.45833333333334,159.53434952685683
160-182d,room7,2025-11-29 12:00:00,177.5,159.84528352116166
160-182d,room7,2025-11-29 13:00:00,177.54166666666666,159.80124499563084
160-182d,room7,2025-11-29 14:00:00,177.58333333333334,160.29645778881738
160-182d,room7,2025-11-29 15:00:00,177.625,158.40503339133352
160-182d,room7,2025-11-29 16:00:00,177.66666666666666,158.0400010420962
160-182d,room7,2025-11-29 17:00:00,177.70833333333334,159.1481944937253
160-182d,room7,2025-11-29 18:00:00,177.75,158.5874776456169
160-182d,room7,2025-11-29 19:00:00,177.79166666666666,159.24096165004715
160-182d,room7,2025-11-29 20:00:00,177.83333333333334,160.1759986315629
160-182d,room7,2025-11-29 21:00:00,177.875,160.45303759652325
160-182d,room7,2025-11-29 22:00:00,177.91666666666666,159.1203900418984
160-182d,room7,2025-11-30 08:00:00,178.33333333333334,156.27168326017954
160-182d,room7,2025-11-30 09:00:00,178.375,135.24933132337506
160-182d,room7,2025-11-30 10:00:00,178.41666666666666,160.4508262954495
160-182d,room7,2025-11-30 11:00:00,178.45833333333334,160.16963858808074
160-182d,room7,2025-11-30 12:00:00,178.5,160.87438880943984
160-182d,room7,2025-11-30 13:00:00,178.54166666666666,160.58104239233606
160-182d,room7,2025-11-30 14:00:00,178.58333333333334,160.87430786441155
160-182d,room7,2025-11-30 15:00:00,178.625,160.42781097767084
160-182d,room7,2025-11-30 16:00:00,178.66666666666666,159.8721728523633
160-182d,room7,2025-11-30 17:00:00,178.70833333333334,158.57900074223053
160-182d,room7,2025-11-30 18:00:00,178.75,159.16421087940725
160-182d,room7,2025-11-30 19:00:00,178.79166666666666,158.9409753348534
160-182d,room7,2025-11-30 20:00:00,178.83333333333334,158.51381142846944
160-182d,room7,2025-11-30 21:00:00,178.875,159.64865327959828
160-182d,room7,2025-11-30 22:00:00,178.91666666666666,154.8146236180026
160-182d,room7,2025-12-01 08:00:00,179.33333333333334,158.9580616245026
160-182d,room7,2025-12-01 09:00:00,179.375,144.3894044928292
160-182d,room7,2025-12-01 10:00:00,179.41666666666666,160.4065503915563
160-182d,room7,2025-12-01 11:00:00,179.45833333333334,160.51976586565104
160-182d,room7,2025-12-01 12:00:00,179.5,160.99225706846693
160-182d,room7,2025-12-01 13:00:00,179.54166666666666,159.9272942598471
160-182d,room7,2025-12-01 14:00:00,179.58333333333334,160.2464879881231
160-182d,room7,2025-12-01 15:00:00,179.625,158.56601604885492
160-182d,room7,2025-12-01 16:00:00,179.66666666666666,160.4226787563764
160-182d,room7,2025-12-01 17:00:00,179.70833333333334,158.76249056052237
160-182d,room7,2025-12-01 18:00:00,179.75,157.58533449760878
160-182d,room7,2025-12-01 19:00:00,179.79166666666666,158.48107165296113
160-182d,room7,2025-12-01 20:00:00,179.83333333333334,154.29386304278506
160-182d,room7,2025-12-01 21:00:00,179.875,154.08758823962873
160-182d,room7,2025-12-01 22:00:00,179.91666666666666,151.34985275388658
160-182d,room7,2025-12-02 08:00:00,180.33333333333334,157.89836005185762
160-182d,room7,2025-12-02 09:00:00,180.375,142.93680467455727
160-182d,room7,2025-12-02 10:00:00,180.41666666666666,159.62671471741413
160-182d,room7,2025-12-02 11:00:00,180.45833333333334,159.44088339782886
160-182d,room7,2025-12-02 12:00:00,180.5,159.29636082129804
160-182d,room7,2025-12-02 13:00:00,180.54166666666666,158.46385728248535
160-182d,room7,2025-12-02 14:00:00,180.58333333333334,160.29043109805383
160-182d,room7,2025-12-02 15:00:00,180.625,158.5977022998897
160-182d,room7,2025-12-02 16:00:00,180.66666666666666,159.20409729705142
160-182d,room7,2025-12-02 17:00:00,180.70833333333334,158.56461461720022
160-182d,room7,2025-12-02 18:00:00,180.75,157.85591526999875
160-182d,room7,2025-12-02 19:00:00,180.79166666666666,159.04287250593774
160-182d,room7,2025-12-02 20:00:00,180.83333333333334,159.45894444210282
160-182d,room7,2025-12-02 21:00:00,180.875,159.0968538759187
160-182d,room7,2025-12-02 22:00:00,180.91666666666666,157.04287530349035
160-182d,room7,2025-12-03 08:00:00,181.33333333333334,158.079761850052
160-182d,room7,2025-12-03 09:00:00,181.375,149.47898106592243
160-182d,room7,2025-12-03 10:00:00,181.41666666666666,159.37104123697708
160-182d,room7,2025-12-03 11:00:00,181.45833333333334,158.87030901864406
160-182d,room7,2025-12-03 12:00:00,181.5,158.80936160261496
160-182d,room7,2025-12-03 13:00:00,181.54166666666666,160.13314662249294
160-182d,room7,2025-12-03 14:00:00,181.58333333333334,160.05015591710398
160-182d,room7,2025-12-03 15:00:00,181.625,160.086491858098
160-182d,room7,2025-12-03 16:00:00,181.66666666666666,156.88712173387412
160-182d,room7,2025-12-03 17:00:00,181.70833333333334,157.28071021788176
