room,mode,k,day,phase,gap_corrected
room2,all_sensor,3,2025-07-09,growth (<=70 d),-9.18445198082929
room2,all_sensor,3,2025-07-11,growth (<=70 d),21.728219618834967
room2,all_sensor,3,2025-07-12,growth (<=70 d),-12.381638415405629
room2,all_sensor,3,2025-07-13,growth (<=70 d),12.186072720090253
room2,all_sensor,3,2025-07-15,growth (<=70 d),-7.934970279677303
room2,all_sensor,3,2025-07-16,growth (<=70 d),-5.188582119172146
room2,all_sensor,3,2025-07-19,growth (<=70 d),-5.788919882169729
room2,all_sensor,3,2025-07-20,growth (<=70 d),-4.6920571406839535
room2,all_sensor,3,2025-07-22,growth (<=70 d),-4.840837909154937
room2,all_sensor,3,2025-08-03,growth (<=70 d),1.6258420767801252
room2,all_sensor,3,2025-08-04,growth (<=70 d),2.6298794885869916
room2,all_sensor,3,2025-08-05,growth (<=70 d),5.2224977664888375
room2,all_sensor,3,2025-08-06,growth (<=70 d),5.518133882691471
room2,all_sensor,3,2025-08-07,growth (<=70 d),3.6413586251863257
room2,all_sensor,3,2025-08-08,growth (<=70 d),4.751116342093641
room2,all_sensor,3,2025-08-09,growth (<=70 d),4.268024756889239
room2,all_sensor,3,2025-08-10,growth (<=70 d),2.515832863929475
room2,all_sensor,3,2025-08-11,growth (<=70 d),1.5655807168789777
room2,all_sensor,3,2025-08-12,growth (<=70 d),1.4120647161391098
room2,all_sensor,3,2025-08-13,growth (<=70 d),0.8405484752726653
room2,all_sensor,3,2025-08-14,plateau (>70 d),-0.243692118220447
room2,all_sensor,3,2025-08-16,plateau (>70 d),9.767496030100354
room2,all_sensor,3,2025-08-17,plateau (>70 d),4.386287947545705
room2,all_sensor,3,2025-08-26,plateau (>70 d),12.58830025766944
room2,all_sensor,3,2025-08-27,plateau (>70 d),12.306344792418585
room2,all_sensor,3,2025-08-28,plateau (>70 d),8.07380434269854
room2,all_sensor,3,2025-08-29,plateau (>70 d),10.724326382775196
room2,all_sensor,3,2025-08-30,plateau (>70 d),8.974439818609449
room2,all_sensor,3,2025-08-31,plateau (>70 d),5.9744208000346415
room2,all_sensor,3,2025-09-01,plateau (>70 d),5.297288883940862
room2,all_sensor,3,2025-09-20,plateau (>70 d),-17.12036798237905
room2,all_sensor,3,2025-09-21,plateau (>70 d),23.18283693785593
room2,all_sensor,3,2025-09-22,plateau (>70 d),25.623176490881015
room2,all_sensor,3,2025-09-23,plateau (>70 d),25.52993116173529
room2,all_sensor,3,2025-09-24,plateau (>70 d),24.64558983945828
room2,all_sensor,3,2025-09-25,plateau (>70 d),24.928138822167377
room2,all_sensor,3,2025-09-26,plateau (>70 d),25.202412538265385
room2,all_sensor,3,2025-09-27,plateau (>70 d),25.91755545645435
room2,all_sensor,3,2025-09-29,plateau (>70 d),24.91664260580351
room2,all_sensor,3,2025-09-30,plateau (>70 d),23.903208625933512
room2,all_sensor,3,2025-10-02,plateau (>70 d),14.053431812177715
room2,all_sensor,3,2025-10-03,plateau (>70 d),17.112256792301068
room2,all_sensor,3,2025-10-04,plateau (>70 d),12.650132291766575
room2,all_sensor,3,2025-10-05,plateau (>70 d),11.415160178192615
room2,all_sensor,3,2025-10-06,plateau (>70 d),17.05320410916466
room2,all_sensor,3,2025-10-07,plateau (>70 d),21.04040434971213
room2,all_sensor,3,2025-10-08,plateau (>70 d),22.46803178492097
room2,all_sensor,3,2025-10-09,plateau (>70 d),19.37619319067479
room2,all_sensor,3,2025-10-10,plateau (>70 d),18.241207251088706
room2,all_sensor,3,2025-10-11,plateau (>70 d),14.27746371920811
room2,all_sensor,3,2025-10-12,plateau (>70 d),16.617956704046293
room2,all_sensor,3,2025-10-13,plateau (>70 d),13.548658053713748
room2,all_sensor,3,2025-10-14,plateau (>70 d),10.500859971122402
room2,all_sensor,3,2025-10-15,plateau (>70 d),10.577704511811561
room2,all_sensor,3,2025-10-16,plateau (>70 d),7.766534089890111
room2,all_sensor,3,2025-10-17,plateau (>70 d),9.353386489042787
room2,all_sensor,3,2025-10-18,plateau (>70 d),7.2366318646345125
room2,all_sensor,3,2025-10-19,plateau (>70 d),8.518731139386851
room2,all_sensor,3,2025-10-20,plateau (>70 d),7.045710933092824
room2,all_sensor,3,2025-10-21,plateau (>70 d),8.115061413142962
room2,all_sensor,3,2025-10-22,plateau (>70 d),7.375286140667686
room2,all_sensor,3,2025-10-23,plateau (>70 d),10.316564129356676
room2,all_sensor,3,2025-10-24,plateau (>70 d),4.672859540913363
room2,all_sensor,3,2025-10-25,plateau (>70 d),8.441129957705742
room2,all_sensor,3,2025-10-26,plateau (>70 d),8.812029643939496
room2,all_sensor,3,2025-10-27,plateau (>70 d),10.77195654810246
room2,all_sensor,3,2025-10-29,plateau (>70 d),8.732259871124747
room2,all_sensor,3,2025-10-30,plateau (>70 d),10.711689423993775
room2,all_sensor,3,2025-11-01,plateau (>70 d),10.547847988072853
room2,all_sensor,3,2025-11-02,plateau (>70 d),6.910654690775445
room2,all_sensor,3,2025-11-03,plateau (>70 d),7.925487052970368
room2,all_sensor,3,2025-11-04,plateau (>70 d),11.487507068701227
room2,all_sensor,3,2025-11-05,plateau (>70 d),8.844656943550994
room2,all_sensor,3,2025-11-06,plateau (>70 d),4.65392856659988
room2,all_sensor,3,2025-11-07,plateau (>70 d),8.231305734246568
room2,all_sensor,3,2025-11-08,plateau (>70 d),8.472992709076989
room2,all_sensor,3,2025-11-09,plateau (>70 d),3.9443838464432375
room2,all_sensor,3,2025-11-10,plateau (>70 d),-1.1807164453757206
room2,all_sensor,3,2025-11-11,plateau (>70 d),-1.8999400154413912
room2,all_sensor,3,2025-11-12,plateau (>70 d),-1.0794360302550619
room2,all_sensor,3,2025-11-13,plateau (>70 d),-4.118415163378728
room2,all_sensor,3,2025-11-14,plateau (>70 d),-6.795765347781161
room2,all_sensor,3,2025-11-15,plateau (>70 d),-9.367846513939012
room2,all_sensor,3,2025-11-16,plateau (>70 d),-14.607452763035928
room2,all_sensor,3,2025-11-17,plateau (>70 d),-15.075348499980201
room2,all_sensor,3,2025-11-18,plateau (>70 d),-12.874930776390144
room2,all_sensor,3,2025-11-19,plateau (>70 d),-12.66434707193226
room2,all_sensor,3,2025-11-20,plateau (>70 d),-7.215821319805699
room2,all_sensor,3,2025-11-21,plateau (>70 d),-14.453406896540667
room2,all_sensor,3,2025-11-22,plateau (>70 d),-19.716767004480026
room2,all_sensor,3,2025-11-23,plateau (>70 d),-54.50262205366671
room2,all_sensor,3,2025-11-24,plateau (>70 d),-15.152023949795057
room2,all_sensor,3,2025-11-25,plateau (>70 d),-13.101225014289342
room2,all_sensor,3,2025-11-26,plateau (>70 d),-16.28885805168423
room2,all_sensor,3,2025-11-27,plateau (>70 d),-13.780376906058942
room2,all_sensor,3,2025-11-28,plateau (>70 d),-17.53425386756411
room2,all_sensor,3,2025-11-29,plateau (>70 d),-17.452917347697337
room2,all_sensor,3,2025-11-30,plateau (>70 d),-17.883308352083816
room2,all_sensor,3,2025-12-01,plateau (>70 d),-23.547229276454104
room2,all_sensor,3,2025-12-02,plateau (>70 d),-22.390066729220155
room2,all_sensor,3,2025-12-03,plateau (>70 d),-20.71376469424977
room2,all_sensor,5,2025-07-11,growth (<=70 d),-10.20418636724083
room2,all_sensor,5,2025-07-13,growth (<=70 d),20.27651204278716
room2,all_sensor,5,2025-07-15,growth (<=70 d),-13.591582271731662
room2,all_sensor,5,2025-07-16,growth (<=70 d),-11.704231506545446
room2,all_sensor,5,2025-07-17,growth (<=70 d),-9.388387157384031
room2,all_sensor,5,2025-07-20,growth (<=70 d),17.41223338739928
room2,all_sensor,5,2025-07-21,growth (<=70 d),-7.390236984840524
room2,all_sensor,5,2025-07-22,growth (<=70 d),-6.343244085562409
room2,all_sensor,5,2025-08-05,growth (<=70 d),-0.35556442299766033
room2,all_sensor,5,2025-08-06,growth (<=70 d),0.6484729888092062
room2,all_sensor,5,2025-08-07,growth (<=70 d),3.2410912667110523
room2,all_sensor,5,2025-08-08,growth (<=70 d),3.5367273829136847
room2,all_sensor,5,2025-08-09,growth (<=70 d),1.532221673136494
room2,all_sensor,5,2025-08-10,growth (<=70 d),2.4344174051017546
room2,all_sensor,5,2025-08-11,growth (<=70 d),1.9034269002953375
room2,all_sensor,5,2025-08-12,growth (<=70 d),0.15123500733557416
room2,all_sensor,5,2025-08-13,growth (<=70 d),-0.7454612098388478
room2,all_sensor,5,2025-08-14,plateau (>70 d),-0.9525331404547912
room2,all_sensor,5,2025-08-16,plateau (>70 d),-2.608289974814348
room2,all_sensor,5,2025-08-17,plateau (>70 d),-1.619820979611728
room2,all_sensor,5,2025-08-18,plateau (>70 d),7.402898173506452
room2,all_sensor,5,2025-08-23,plateau (>70 d),11.839118380637697
room2,all_sensor,5,2025-08-28,plateau (>70 d),8.661437860065483
room2,all_sensor,5,2025-08-29,plateau (>70 d),8.820973831725723
room2,all_sensor,5,2025-08-30,plateau (>70 d),5.407491354703888
room2,all_sensor,5,2025-08-31,plateau (>70 d),8.427586213766038
room2,all_sensor,5,2025-09-01,plateau (>70 d),6.677699649600292
room2,all_sensor,5,2025-09-22,plateau (>70 d),-17.016085455004678
room2,all_sensor,5,2025-09-23,plateau (>70 d),23.28604438762851
room2,all_sensor,5,2025-09-24,plateau (>70 d),25.865465621978203
room2,all_sensor,5,2025-09-25,plateau (>70 d),25.633138611507867
room2,all_sensor,5,2025-09-26,plateau (>70 d),24.74879728923086
room2,all_sensor,5,2025-09-27,plateau (>70 d),25.031346271939956
room2,all_sensor,5,2025-09-29,plateau (>70 d),25.20901677650256
room2,all_sensor,5,2025-09-30,plateau (>70 d),23.030571789186414
room2,all_sensor,5,2025-10-01,plateau (>70 d),23.937521882610255
room2,all_sensor,5,2025-10-02,plateau (>70 d),22.680279616869917
room2,all_sensor,5,2025-10-04,plateau (>70 d),13.074311088984462
room2,all_sensor,5,2025-10-05,plateau (>70 d),16.133136069107813
room2,all_sensor,5,2025-10-06,plateau (>70 d),11.671011568573322
room2,all_sensor,5,2025-10-07,plateau (>70 d),10.436039454999362
room2,all_sensor,5,2025-10-08,plateau (>70 d),15.494351953657041
room2,all_sensor,5,2025-10-09,plateau (>70 d),18.672185054240423
room2,all_sensor,5,2025-10-10,plateau (>70 d),19.816650425470186
room2,all_sensor,5,2025-10-11,plateau (>70 d),16.481495749989357
room2,all_sensor,5,2025-10-12,plateau (>70 d),15.346509810403262
room2,all_sensor,5,2025-10-13,plateau (>70 d),11.382766278522688
room2,all_sensor,5,2025-10-14,plateau (>70 d),13.723259263360868
room2,all_sensor,5,2025-10-15,plateau (>70 d),10.751305948462512
room2,all_sensor,5,2025-10-16,plateau (>70 d),7.860062156465258
room2,all_sensor,5,2025-10-17,plateau (>70 d),7.683007071126138
room2,all_sensor,5,2025-10-18,plateau (>70 d),5.414331565745529
room2,all_sensor,5,2025-10-19,plateau (>70 d),7.677850454715175
room2,all_sensor,5,2025-10-20,plateau (>70 d),5.9694191735716355
room2,all_sensor,5,2025-10-21,plateau (>70 d),7.251518448323974
room2,all_sensor,5,2025-10-22,plateau (>70 d),5.778498242029946
room2,all_sensor,5,2025-10-23,plateau (>70 d),6.972766897763151
room2,all_sensor,5,2025-10-24,plateau (>70 d),6.496916195878283
room2,all_sensor,5,2025-10-25,plateau (>70 d),9.049351438293797
room2,all_sensor,5,2025-10-26,plateau (>70 d),3.4056468498504855
room2,all_sensor,5,2025-10-27,plateau (>70 d),6.634692478418586
room2,all_sensor,5,2025-10-29,plateau (>70 d),7.59649344150742
room2,all_sensor,5,2025-10-30,plateau (>70 d),8.02155457362526
room2,all_sensor,5,2025-10-31,plateau (>70 d),5.0680487543994275
room2,all_sensor,5,2025-11-01,plateau (>70 d),11.156519564731852
room2,all_sensor,5,2025-11-03,plateau (>70 d),10.99267812881093
room2,all_sensor,5,2025-11-04,plateau (>70 d),7.355484831513522
room2,all_sensor,5,2025-11-05,plateau (>70 d),8.370317193708445
room2,all_sensor,5,2025-11-06,plateau (>70 d),11.932337209439304
room2,all_sensor,5,2025-11-07,plateau (>70 d),7.810386296294812
room2,all_sensor,5,2025-11-08,plateau (>70 d),0.849904326231707
room2,all_sensor,5,2025-11-09,plateau (>70 d),3.2148406577749817
room2,all_sensor,5,2025-11-10,plateau (>70 d),3.4565276326054004
room2,all_sensor,5,2025-11-11,plateau (>70 d),-1.072081230028349
room2,all_sensor,5,2025-11-12,plateau (>70 d),-6.197181521847307
room2,all_sensor,5,2025-11-13,plateau (>70 d),-6.916405091912979
room2,all_sensor,5,2025-11-14,plateau (>70 d),-6.09590110672665
room2,all_sensor,5,2025-11-15,plateau (>70 d),-9.134880239850315
room2,all_sensor,5,2025-11-16,plateau (>70 d),-11.812230424252748
room2,all_sensor,5,2025-11-17,plateau (>70 d),-12.92941255735297
room2,all_sensor,5,2025-11-18,plateau (>70 d),-16.350395015127802
room2,all_sensor,5,2025-11-19,plateau (>70 d),-15.808907873405833
room2,all_sensor,5,2025-11-20,plateau (>70 d),-5.923154183625329
room2,all_sensor,5,2025-11-21,plateau (>70 d),-13.527749037287276
room2,all_sensor,5,2025-11-22,plateau (>70 d),-12.852935493201537
room2,all_sensor,5,2025-11-23,plateau (>70 d),-15.055601337622114
room2,all_sensor,5,2025-11-24,plateau (>70 d),-20.368534981778662
room2,all_sensor,5,2025-11-25,plateau (>70 d),-55.15439003096535
room2,all_sensor,5,2025-11-26,plateau (>70 d),-15.429957443644112
room2,all_sensor,5,2025-11-27,plateau (>70 d),-14.55045619118935
room2,all_sensor,5,2025-11-28,plateau (>70 d),-17.807510191932188
room2,all_sensor,5,2025-11-29,plateau (>70 d),-16.5587134156279
room2,all_sensor,5,2025-11-30,plateau (>70 d),-20.312590377133063
room2,all_sensor,5,2025-12-01,plateau (>70 d),-20.231253857266292
room2,all_sensor,5,2025-12-02,plateau (>70 d),-20.66164486165277
room2,all_sensor,5,2025-12-03,plateau (>70 d),-22.098427345712796
room2,all_sensor,7,2025-07-13,growth (<=70 d),-11.655893943288635
room2,all_sensor,7,2025-07-15,growth (<=70 d),-10.491822028011903
room2,all_sensor,7,2025-07-16,growth (<=70 d),-15.398329398364254
room2,all_sensor,7,2025-07-17,growth (<=70 d),9.28265756799464
room2,all_sensor,7,2025-07-19,growth (<=70 d),-10.840094733431837
room2,all_sensor,7,2025-07-20,growth (<=70 d),-8.170957854763225
room2,all_sensor,7,2025-07-22,growth (<=70 d),15.761046442520824
room2,all_sensor,7,2025-08-07,growth (<=70 d),-2.336970922775446
room2,all_sensor,7,2025-08-08,growth (<=70 d),-1.3329335109685865
room2,all_sensor,7,2025-08-09,growth (<=70 d),1.1638869277292376
room2,all_sensor,7,2025-08-10,growth (<=70 d),1.2200284459217983
room2,all_sensor,7,2025-08-11,growth (<=70 d),-0.8323761834574075
room2,all_sensor,7,2025-08-12,growth (<=70 d),0.06981954850785366
room2,all_sensor,7,2025-08-13,growth (<=70 d),-0.9152665099620232
room2,all_sensor,7,2025-08-14,plateau (>70 d),-2.213362849258327
room2,all_sensor,7,2025-08-16,plateau (>70 d),-3.317130997048692
room2,all_sensor,7,2025-08-17,plateau (>70 d),-3.279153642453536
room2,all_sensor,7,2025-08-18,plateau (>70 d),-4.972887831408249
room2,all_sensor,7,2025-08-23,plateau (>70 d),10.587863022680686
room2,all_sensor,7,2025-08-24,plateau (>70 d),13.126487805839698
room2,all_sensor,7,2025-08-25,plateau (>70 d),7.912255983033738
room2,all_sensor,7,2025-08-30,plateau (>70 d),5.99112801367002
room2,all_sensor,7,2025-08-31,plateau (>70 d),6.524233662716567
room2,all_sensor,7,2025-09-01,plateau (>70 d),3.110751185694731
room2,all_sensor,7,2025-09-18,plateau (>70 d),31.233732178948316
room2,all_sensor,7,2025-09-24,plateau (>70 d),-16.9139530828339
room2,all_sensor,7,2025-09-25,plateau (>70 d),23.389251837401087
room2,all_sensor,7,2025-09-26,plateau (>70 d),25.96867307175078
room2,all_sensor,7,2025-09-27,plateau (>70 d),25.736346061280443
room2,all_sensor,7,2025-09-29,plateau (>70 d),24.300259088384703
room2,all_sensor,7,2025-09-30,plateau (>70 d),24.010820214396343
room2,all_sensor,7,2025-10-01,plateau (>70 d),24.229896053309304
room2,all_sensor,7,2025-10-02,plateau (>70 d),21.483225192098125
room2,all_sensor,7,2025-10-03,plateau (>70 d),22.765140663966775
room2,all_sensor,7,2025-10-04,plateau (>70 d),21.701158893676666
room2,all_sensor,7,2025-10-06,plateau (>70 d),12.095190365791208
room2,all_sensor,7,2025-10-07,plateau (>70 d),15.154015345914559
room2,all_sensor,7,2025-10-08,plateau (>70 d),9.973549576320504
room2,all_sensor,7,2025-10-09,plateau (>70 d),7.240409695772188
room2,all_sensor,7,2025-10-10,plateau (>70 d),12.284274477390802
room2,all_sensor,7,2025-10-11,plateau (>70 d),15.777487613554978
room2,all_sensor,7,2025-10-12,plateau (>70 d),16.921952984784763
room2,all_sensor,7,2025-10-13,plateau (>70 d),13.586798309303934
room2,all_sensor,7,2025-10-14,plateau (>70 d),12.451812369717839
room2,all_sensor,7,2025-10-15,plateau (>70 d),8.466339412526313
room2,all_sensor,7,2025-10-16,plateau (>70 d),10.9047052703262
room2,all_sensor,7,2025-10-17,plateau (>70 d),7.85660850777709
room2,all_sensor,7,2025-10-18,plateau (>70 d),5.670543062582031
room2,all_sensor,7,2025-10-19,plateau (>70 d),6.008923192657624
room2,all_sensor,7,2025-10-20,plateau (>70 d),4.147118874682652
room2,all_sensor,7,2025-10-21,plateau (>70 d),6.410637763652297
room2,all_sensor,7,2025-10-22,plateau (>70 d),4.702206482508758
room2,all_sensor,7,2025-10-23,plateau (>70 d),6.295100384256875
room2,all_sensor,7,2025-10-24,plateau (>70 d),4.573285163773173
room2,all_sensor,7,2025-10-25,plateau (>70 d),5.705554206700274
room2,all_sensor,7,2025-10-26,plateau (>70 d),5.229703504815404
room2,all_sensor,7,2025-10-27,plateau (>70 d),5.052473920497923
room2,all_sensor,7,2025-10-29,plateau (>70 d),8.480238513914728
room2,all_sensor,7,2025-10-30,plateau (>70 d),8.644275917383837
room2,all_sensor,7,2025-10-31,plateau (>70 d),8.086932444434929
room2,all_sensor,7,2025-11-01,plateau (>70 d),8.466384714363336
room2,all_sensor,7,2025-11-02,plateau (>70 d),5.512878895137504
room2,all_sensor,7,2025-11-03,plateau (>70 d),11.601349705469929
room2,all_sensor,7,2025-11-05,plateau (>70 d),11.437508269549006
room2,all_sensor,7,2025-11-06,plateau (>70 d),7.8003149722515985
room2,all_sensor,7,2025-11-07,plateau (>70 d),7.176085021268339
room2,all_sensor,7,2025-11-08,plateau (>70 d),7.370980067735163
room2,all_sensor,7,2025-11-09,plateau (>70 d),2.7939212198232255
room2,all_sensor,7,2025-11-10,plateau (>70 d),-4.16656075023988
room2,all_sensor,7,2025-11-11,plateau (>70 d),-1.8016244186966066
room2,all_sensor,7,2025-11-12,plateau (>70 d),-1.5599374438661862
room2,all_sensor,7,2025-11-13,plateau (>70 d),-6.088546306499937
room2,all_sensor,7,2025-11-14,plateau (>70 d),-11.213646598318896
room2,all_sensor,7,2025-11-15,plateau (>70 d),-11.932870168384566
room2,all_sensor,7,2025-11-16,plateau (>70 d),-11.112366183198237
room2,all_sensor,7,2025-11-17,plateau (>70 d),-12.514583904132046
room2,all_sensor,7,2025-11-18,plateau (>70 d),-12.980024135403788
room2,all_sensor,7,2025-11-19,plateau (>70 d),-13.581180534651608
room2,all_sensor,7,2025-11-20,plateau (>70 d),-24.43193743766642
room2,all_sensor,7,2025-11-21,plateau (>70 d),-16.419780152640975
room2,all_sensor,7,2025-11-22,plateau (>70 d),-14.17846673098742
room2,all_sensor,7,2025-11-23,plateau (>70 d),-13.967883026529538
room2,all_sensor,7,2025-11-24,plateau (>70 d),-13.504703470500175
room2,all_sensor,7,2025-11-25,plateau (>70 d),-15.707369314920754
room2,all_sensor,7,2025-11-26,plateau (>70 d),-20.18008769126385
room2,all_sensor,7,2025-11-27,plateau (>70 d),-56.249193119153645
room2,all_sensor,7,2025-11-28,plateau (>70 d),-18.4049143923068
room2,all_sensor,7,2025-11-29,plateau (>70 d),-17.328792700758306
room2,all_sensor,7,2025-11-30,plateau (>70 d),-20.58584670150114
room2,all_sensor,7,2025-12-01,plateau (>70 d),-19.337049925196855
room2,all_sensor,7,2025-12-02,plateau (>70 d),-23.09092688670202
room2,all_sensor,7,2025-12-03,plateau (>70 d),-20.88919586754208
room2,all_sensor,10,2025-07-16,growth (<=70 d),-13.833455307360346
room2,all_sensor,10,2025-07-19,growth (<=70 d),-17.575890762435964
room2,all_sensor,10,2025-07-20,growth (<=70 d),7.032369350703423
room2,all_sensor,10,2025-07-21,growth (<=70 d),-15.50804489439178
room2,all_sensor,10,2025-07-22,growth (<=70 d),-13.300251870013634
room2,all_sensor,10,2025-07-31,growth (<=70 d),-8.891884425094094
room2,all_sensor,10,2025-08-01,growth (<=70 d),-8.952282302986019
room2,all_sensor,10,2025-08-10,growth (<=70 d),-5.644373109656225
room2,all_sensor,10,2025-08-11,growth (<=70 d),-4.839914529524426
room2,all_sensor,10,2025-08-12,growth (<=70 d),-2.383009857161614
room2,all_sensor,10,2025-08-13,growth (<=70 d),-2.8375472249081324
room2,all_sensor,10,2025-08-14,plateau (>70 d),-4.379272968348259
room2,all_sensor,10,2025-08-16,plateau (>70 d),-4.008067741189415
room2,all_sensor,10,2025-08-17,plateau (>70 d),-5.760259634149179
room2,all_sensor,10,2025-08-18,plateau (>70 d),-6.710511781199676
room2,all_sensor,10,2025-08-23,plateau (>70 d),-2.2189747528771857
room2,all_sensor,10,2025-08-24,plateau (>70 d),-8.218579216248317
room2,all_sensor,10,2025-08-26,plateau (>70 d),4.6975694262747485
room2,all_sensor,10,2025-08-27,plateau (>70 d),7.23619420943376
room2,all_sensor,10,2025-08-28,plateau (>70 d),2.021962386627802
room2,all_sensor,10,2025-09-11,plateau (>70 d),4.118987559468336
room2,all_sensor,10,2025-09-21,plateau (>70 d),31.388543353607183
room2,all_sensor,10,2025-09-27,plateau (>70 d),-16.75914190817503
room2,all_sensor,10,2025-09-29,plateau (>70 d),25.244092605874908
room2,all_sensor,10,2025-09-30,plateau (>70 d),24.538247019732022
room2,all_sensor,10,2025-10-01,plateau (>70 d),22.999999092954827
room2,all_sensor,10,2025-10-02,plateau (>70 d),22.08364206461055
room2,all_sensor,10,2025-10-03,plateau (>70 d),21.62133313390705
room2,all_sensor,10,2025-10-04,plateau (>70 d),22.172473759404895
room2,all_sensor,10,2025-10-05,plateau (>70 d),20.014544107308247
room2,all_sensor,10,2025-10-06,plateau (>70 d),21.296459579176894
room2,all_sensor,10,2025-10-07,plateau (>70 d),20.232477808886784
room2,all_sensor,10,2025-10-09,plateau (>70 d),8.457155975782499
room2,all_sensor,10,2025-10-10,plateau (>70 d),12.176051753715754
room2,all_sensor,10,2025-10-11,plateau (>70 d),4.256802169314138
room2,all_sensor,10,2025-10-12,plateau (>70 d),2.898363534744044
room2,all_sensor,10,2025-10-13,plateau (>70 d),7.942228316362657
room2,all_sensor,10,2025-10-14,plateau (>70 d),11.435441452526844
room2,all_sensor,10,2025-10-15,plateau (>70 d),12.823222904991244
room2,all_sensor,10,2025-10-16,plateau (>70 d),10.580150692338638
room2,all_sensor,10,2025-10-17,plateau (>70 d),8.330300786481889
room2,all_sensor,10,2025-10-18,plateau (>70 d),4.578631996468107
room2,all_sensor,10,2025-10-19,plateau (>70 d),7.834421369916282
room2,all_sensor,10,2025-10-20,plateau (>70 d),5.650636080628548
room2,all_sensor,10,2025-10-21,plateau (>70 d),3.7697240259877143
room2,all_sensor,10,2025-10-22,plateau (>70 d),4.108104156063309
room2,all_sensor,10,2025-10-23,plateau (>70 d),1.7303005378144218
room2,all_sensor,10,2025-10-24,plateau (>70 d),4.595309635697042
room2,all_sensor,10,2025-10-25,plateau (>70 d),3.141124751347967
room2,all_sensor,10,2025-10-26,plateau (>70 d),4.394281347662559
room2,all_sensor,10,2025-10-27,plateau (>70 d),21.270484977781557
room2,all_sensor,10,2025-10-29,plateau (>70 d),4.22407384579833
room2,all_sensor,10,2025-10-30,plateau (>70 d),8.127713526043472
room2,all_sensor,10,2025-10-31,plateau (>70 d),3.7990871437611347
room2,all_sensor,10,2025-11-01,plateau (>70 d),7.959934898458592
room2,all_sensor,10,2025-11-02,plateau (>70 d),9.311521128490952
room2,all_sensor,10,2025-11-03,plateau (>70 d),8.754177655542044
room2,all_sensor,10,2025-11-04,plateau (>70 d),9.133629925470451
room2,all_sensor,10,2025-11-05,plateau (>70 d),6.1801241062446195
room2,all_sensor,10,2025-11-06,plateau (>70 d),12.268594916577044
room2,all_sensor,10,2025-11-08,plateau (>70 d),7.553674132981428
room2,all_sensor,10,2025-11-09,plateau (>70 d),0.616948308619822
room2,all_sensor,10,2025-11-10,plateau (>70 d),-0.34861259343904294
room2,all_sensor,10,2025-11-11,plateau (>70 d),-0.15371754697221895
room2,all_sensor,10,2025-11-12,plateau (>70 d),-4.730776394884156
room2,all_sensor,10,2025-11-13,plateau (>70 d),-11.691258364947261
room2,all_sensor,10,2025-11-14,plateau (>70 d),-9.326322033403986
room2,all_sensor,10,2025-11-15,plateau (>70 d),-9.084635058573568
room2,all_sensor,10,2025-11-16,plateau (>70 d),-13.613243921207317
room2,all_sensor,10,2025-11-17,plateau (>70 d),-17.283445179968645
room2,all_sensor,10,2025-11-18,plateau (>70 d),-15.820320200447842
room2,all_sensor,10,2025-11-19,plateau (>70 d),-13.93708803631193
room2,all_sensor,10,2025-11-20,plateau (>70 d),-7.064332807895242
room2,all_sensor,10,2025-11-21,plateau (>70 d),-13.98869040590168
room2,all_sensor,10,2025-11-22,plateau (>70 d),-14.558832500599566
room2,all_sensor,10,2025-11-23,plateau (>70 d),-17.979814958374398
room2,all_sensor,10,2025-11-24,plateau (>70 d),-17.356536420525437
room2,all_sensor,10,2025-11-25,plateau (>70 d),-15.156118696935378
room2,all_sensor,10,2025-11-26,plateau (>70 d),-15.157168980533871
room2,all_sensor,10,2025-11-27,plateau (>70 d),-15.412729169316396
room2,all_sensor,10,2025-11-28,plateau (>70 d),-18.27994768007145
room2,all_sensor,10,2025-11-29,plateau (>70 d),-24.877683145807993
room2,all_sensor,10,2025-11-30,plateau (>70 d),-60.41669788350708
room2,all_sensor,10,2025-12-01,plateau (>70 d),-22.572419156660235
room2,all_sensor,10,2025-12-02,plateau (>70 d),-21.49629746511174
room2,all_sensor,10,2025-12-03,plateau (>70 d),-26.076525405094518
room2,all_sensor,15,2025-07-21,growth (<=70 d),-17.616489594286826
room2,all_sensor,15,2025-07-31,growth (<=70 d),-16.59127160030991
room2,all_sensor,15,2025-08-01,growth (<=70 d),-15.053230697941267
room2,all_sensor,15,2025-08-03,growth (<=70 d),-15.525989974303243
room2,all_sensor,15,2025-08-04,growth (<=70 d),-15.19972366193487
room2,all_sensor,15,2025-08-05,growth (<=70 d),-13.645095213566837
room2,all_sensor,15,2025-08-06,growth (<=70 d),-13.905798552430483
room2,all_sensor,15,2025-08-16,plateau (>70 d),-10.751409171009179
room2,all_sensor,15,2025-08-17,plateau (>70 d),-8.294504498646367
room2,all_sensor,15,2025-08-18,plateau (>70 d),-8.238362980453806
room2,all_sensor,15,2025-08-23,plateau (>70 d),-16.332384707583316
room2,all_sensor,15,2025-08-24,plateau (>70 d),-17.104297089139664
room2,all_sensor,15,2025-08-25,plateau (>70 d),-18.042735072675796
room2,all_sensor,15,2025-08-26,plateau (>70 d),-20.46180183936639
room2,all_sensor,15,2025-08-27,plateau (>70 d),-20.342811985375647
room2,all_sensor,15,2025-08-28,plateau (>70 d),-12.03613074688708
room2,all_sensor,15,2025-08-29,plateau (>70 d),-17.594243773347117
room2,all_sensor,15,2025-08-31,plateau (>70 d),-3.047972902229249
room2,all_sensor,15,2025-09-01,plateau (>70 d),0.5094782738015127
room2,all_sensor,15,2025-09-11,plateau (>70 d),-1.5032410767998146
room2,all_sensor,15,2025-09-26,plateau (>70 d),31.646561978038626
room2,all_sensor,15,2025-10-02,plateau (>70 d),-19.070577616935637
room2,all_sensor,15,2025-10-03,plateau (>70 d),20.735485146421542
room2,all_sensor,15,2025-10-04,plateau (>70 d),22.495578931639095
room2,all_sensor,15,2025-10-05,plateau (>70 d),22.09044521174889
room2,all_sensor,15,2025-10-06,plateau (>70 d),20.552197284971694
room2,all_sensor,15,2025-10-07,plateau (>70 d),19.635840256627418
room2,all_sensor,15,2025-10-08,plateau (>70 d),18.69463714655088
room2,all_sensor,15,2025-10-09,plateau (>70 d),18.542452169578816
room2,all_sensor,15,2025-10-10,plateau (>70 d),15.316706870423614
room2,all_sensor,15,2025-10-11,plateau (>70 d),15.533166990885949
room2,all_sensor,15,2025-10-12,plateau (>70 d),13.576578605340906
room2,all_sensor,15,2025-10-14,plateau (>70 d),1.2204123740689217
room2,all_sensor,15,2025-10-15,plateau (>70 d),5.864404389739596
room2,all_sensor,15,2025-10-16,plateau (>70 d),-4.354642678377653
room2,all_sensor,15,2025-10-17,plateau (>70 d),-4.918667323478866
room2,all_sensor,15,2025-10-18,plateau (>70 d),1.0682233247443413
room2,all_sensor,15,2025-10-19,plateau (>70 d),5.51280514314924
room2,all_sensor,15,2025-10-20,plateau (>70 d),7.688647104873483
room2,all_sensor,15,2025-10-21,plateau (>70 d),6.2932231993159435
room2,all_sensor,15,2025-10-22,plateau (>70 d),4.721491939135263
room2,all_sensor,15,2025-10-23,plateau (>70 d),1.3916429491978226
room2,all_sensor,15,2025-10-24,plateau (>70 d),4.623862326916537
room2,all_sensor,15,2025-10-25,plateau (>70 d),2.4530708821047664
room2,all_sensor,15,2025-10-26,plateau (>70 d),0.1851092420408995
room2,all_sensor,15,2025-10-27,plateau (>70 d),3.859295889663294
room2,all_sensor,15,2025-10-29,plateau (>70 d),2.434341652141157
room2,all_sensor,15,2025-10-30,plateau (>70 d),1.7377416990125951
room2,all_sensor,15,2025-10-31,plateau (>70 d),4.533119202652813
room2,all_sensor,15,2025-11-01,plateau (>70 d),3.47286895324698
room2,all_sensor,15,2025-11-02,plateau (>70 d),5.594642428913296
room2,all_sensor,15,2025-11-03,plateau (>70 d),6.0781671311946255
room2,all_sensor,15,2025-11-04,plateau (>70 d),9.239788877888664
room2,all_sensor,15,2025-11-05,plateau (>70 d),4.911162495606327
room2,all_sensor,15,2025-11-06,plateau (>70 d),9.072010250303784
room2,all_sensor,15,2025-11-07,plateau (>70 d),8.435654276168439
room2,all_sensor,15,2025-11-08,plateau (>70 d),5.300409836910331
room2,all_sensor,15,2025-11-09,plateau (>70 d),2.9639783210361177
room2,all_sensor,15,2025-11-10,plateau (>70 d),-2.2650671720271003
room2,all_sensor,15,2025-11-11,plateau (>70 d),1.0927560297004915
room2,all_sensor,15,2025-11-13,plateau (>70 d),-4.987488558197541
room2,all_sensor,15,2025-11-14,plateau (>70 d),-11.924214382559146
room2,all_sensor,15,2025-11-15,plateau (>70 d),-12.889775284618011
room2,all_sensor,15,2025-11-16,plateau (>70 d),-12.694880238151187
room2,all_sensor,15,2025-11-17,plateau (>70 d),-16.089833621703804
room2,all_sensor,15,2025-11-18,plateau (>70 d),-20.85170685179905
room2,all_sensor,15,2025-11-19,plateau (>70 d),-12.594143446332666
room2,all_sensor,15,2025-11-20,plateau (>70 d),-9.669546948353627
room2,all_sensor,15,2025-11-21,plateau (>70 d),-15.747855693853369
room2,all_sensor,15,2025-11-22,plateau (>70 d),-18.91286512321524
room2,all_sensor,15,2025-11-23,plateau (>70 d),-17.449740143694438
room2,all_sensor,15,2025-11-24,plateau (>70 d),-14.537818798487718
room2,all_sensor,15,2025-11-25,plateau (>70 d),-15.1216558133266
room2,all_sensor,15,2025-11-26,plateau (>70 d),-15.486936880585407
room2,all_sensor,15,2025-11-27,plateau (>70 d),-16.897108621269588
room2,all_sensor,15,2025-11-28,plateau (>70 d),-21.204161300823735
room2,all_sensor,15,2025-11-29,plateau (>70 d),-21.90998809564372
room2,all_sensor,15,2025-11-30,plateau (>70 d),-20.586760234393047
room2,all_sensor,15,2025-12-01,plateau (>70 d),-21.57878347589999
room2,all_sensor,15,2025-12-02,plateau (>70 d),-22.358570443238786
room2,all_sensor,15,2025-12-03,plateau (>70 d),-24.636085017723996
room2,all_sensor,20,2025-07-31,growth (<=70 d),-23.71372217471242
room2,all_sensor,20,2025-08-01,growth (<=70 d),-22.023997630513296
room2,all_sensor,20,2025-08-02,growth (<=70 d),-19.529714235969834
room2,all_sensor,20,2025-08-04,growth (<=70 d),4.078950080475288
room2,all_sensor,20,2025-08-05,growth (<=70 d),-20.847352624851762
room2,all_sensor,20,2025-08-06,growth (<=70 d),-20.006746947385732
room2,all_sensor,20,2025-08-08,growth (<=70 d),-20.4795062237477
room2,all_sensor,20,2025-08-09,growth (<=70 d),-20.304919823452387
room2,all_sensor,20,2025-08-10,growth (<=70 d),-18.933903900225403
room2,all_sensor,20,2025-08-11,growth (<=70 d),-19.354270304429086
room2,all_sensor,20,2025-08-23,plateau (>70 d),-17.860235906837445
room2,all_sensor,20,2025-08-24,plateau (>70 d),-20.628678450846262
room2,all_sensor,20,2025-08-25,plateau (>70 d),-20.572709345261444
room2,all_sensor,20,2025-08-26,plateau (>70 d),-21.85228494263518
room2,all_sensor,20,2025-08-27,plateau (>70 d),-24.418156284037682
room2,all_sensor,20,2025-08-28,plateau (>70 d),-26.14954070159321
room2,all_sensor,20,2025-08-29,plateau (>70 d),-26.479961646238465
room2,all_sensor,20,2025-08-30,plateau (>70 d),-26.399573236902846
room2,all_sensor,20,2025-08-31,plateau (>70 d),-28.059378582065186
room2,all_sensor,20,2025-09-01,plateau (>70 d),-27.035567041245514
room2,all_sensor,20,2025-09-17,plateau (>70 d),-9.789747520687294
room2,all_sensor,20,2025-09-18,plateau (>70 d),-6.47384434383569
room2,all_sensor,20,2025-09-19,plateau (>70 d),7.8472080388801375
room2,all_sensor,20,2025-09-20,plateau (>70 d),-4.72315871406811
room2,all_sensor,20,2025-09-21,plateau (>70 d),4.150973763190915
room2,all_sensor,20,2025-10-01,plateau (>70 d),29.92246244056964
room2,all_sensor,20,2025-10-07,plateau (>70 d),-21.51837942491877
room2,all_sensor,20,2025-10-08,plateau (>70 d),17.649157765941013
room2,all_sensor,20,2025-10-09,plateau (>70 d),18.62177304967937
room2,all_sensor,20,2025-10-10,plateau (>70 d),16.570986793993892
room2,all_sensor,20,2025-10-11,plateau (>70 d),14.36497259916117
room2,all_sensor,20,2025-10-12,plateau (>70 d),13.172143107216876
room2,all_sensor,20,2025-10-13,plateau (>70 d),11.771778487859622
room2,all_sensor,20,2025-10-14,plateau (>70 d),11.30570856786525
room2,all_sensor,20,2025-10-15,plateau (>70 d),8.34412228151705
room2,all_sensor,20,2025-10-16,plateau (>70 d),8.452915409319138
room2,all_sensor,20,2025-10-17,plateau (>70 d),6.481693070703056
room2,all_sensor,20,2025-10-19,plateau (>70 d),-4.9721811768004756
room2,all_sensor,20,2025-10-20,plateau (>70 d),0.7976404541894251
room2,all_sensor,20,2025-10-21,plateau (>70 d),-8.573758306832731
room2,all_sensor,20,2025-10-22,plateau (>70 d),-8.290134644838878
room2,all_sensor,20,2025-10-23,plateau (>70 d),-2.1130085351114216
room2,all_sensor,20,2025-10-24,plateau (>70 d),2.268232651514912
room2,all_sensor,20,2025-10-25,plateau (>70 d),4.260346329839765
room2,all_sensor,20,2025-10-26,plateau (>70 d),1.7265393043353998
room2,all_sensor,20,2025-10-27,plateau (>70 d),-3.885989167771066
room2,all_sensor,20,2025-10-29,plateau (>70 d),3.3046651208755193
room2,all_sensor,20,2025-10-30,plateau (>70 d),1.645232136303143
room2,all_sensor,20,2025-10-31,plateau (>70 d),0.7150759982918302
room2,all_sensor,20,2025-11-01,plateau (>70 d),2.252998851443472
room2,all_sensor,20,2025-11-02,plateau (>70 d),0.7610244062099767
room2,all_sensor,20,2025-11-03,plateau (>70 d),3.6665593571049797
room2,all_sensor,20,2025-11-04,plateau (>70 d),2.849817050857787
room2,all_sensor,20,2025-11-05,plateau (>70 d),5.645194554498005
room2,all_sensor,20,2025-11-06,plateau (>70 d),4.584944305092172
room2,all_sensor,20,2025-11-07,plateau (>70 d),4.966654601761096
room2,all_sensor,20,2025-11-08,plateau (>70 d),2.916596437203907
room2,all_sensor,20,2025-11-09,plateau (>70 d),2.4919850603962566
room2,all_sensor,20,2025-11-10,plateau (>70 d),-4.446041678724564
room2,all_sensor,20,2025-11-11,plateau (>70 d),-2.0869549517349153
room2,all_sensor,20,2025-11-12,plateau (>70 d),-4.105508415010529
room2,all_sensor,20,2025-11-13,plateau (>70 d),-7.240752854268638
room2,all_sensor,20,2025-11-14,plateau (>70 d),-9.577184370142852
room2,all_sensor,20,2025-11-15,plateau (>70 d),-14.80622986320607
room2,all_sensor,20,2025-11-16,plateau (>70 d),-11.448406661478478
room2,all_sensor,20,2025-11-18,plateau (>70 d),-13.891403666732405
room2,all_sensor,20,2025-11-19,plateau (>70 d),-19.120015239227243
room2,all_sensor,20,2025-11-20,plateau (>70 d),-13.480423301544036
room2,all_sensor,20,2025-11-21,plateau (>70 d),-15.013910163462471
room2,all_sensor,20,2025-11-22,plateau (>70 d),-17.7192535649504
room2,all_sensor,20,2025-11-23,plateau (>70 d),-22.481126795045647
room2,all_sensor,20,2025-11-24,plateau (>70 d),-17.131721398202355
room2,all_sensor,20,2025-11-25,plateau (>70 d),-15.707928959012554
room2,all_sensor,20,2025-11-26,plateau (>70 d),-17.12434720039682
room2,all_sensor,20,2025-11-27,plateau (>70 d),-21.251141243885264
room2,all_sensor,20,2025-11-28,plateau (>70 d),-20.85130053049962
room2,all_sensor,20,2025-11-29,plateau (>70 d),-18.958359940339108
room2,all_sensor,20,2025-11-30,plateau (>70 d),-20.738391754580043
room2,all_sensor,20,2025-12-01,plateau (>70 d),-22.156794620099745
room2,all_sensor,20,2025-12-02,plateau (>70 d),-23.842949895191982
room2,all_sensor,20,2025-12-03,plateau (>70 d),-28.15000257474612
room2,both,0,2025-07-06,growth (<=70 d),-5.6085524744819555
room2,both,0,2025-07-08,growth (<=70 d),-4.639150378628514
room2,both,0,2025-07-09,growth (<=70 d),14.442757898803798
room2,both,0,2025-07-10,growth (<=70 d),-5.787580384317918
room2,both,0,2025-07-11,growth (<=70 d),-7.777695829303164
room2,both,0,2025-07-12,growth (<=70 d),-5.758263566435052
room2,both,0,2025-07-13,growth (<=70 d),-2.667627919835945
room2,both,0,2025-07-15,growth (<=70 d),21.11630709083029
room2,both,0,2025-07-16,growth (<=70 d),-3.6113585180980188
room2,both,0,2025-07-17,growth (<=70 d),-2.4396910133007497
room2,both,0,2025-07-19,growth (<=70 d),-2.3973040533090284
room2,both,0,2025-07-20,growth (<=70 d),-1.8595607809504764
room2,both,0,2025-07-21,growth (<=70 d),-0.14670212919318093
room2,both,0,2025-07-22,growth (<=70 d),-0.26981398684877167
room2,both,0,2025-07-31,growth (<=70 d),3.9719936301584315
room2,both,0,2025-08-01,growth (<=70 d),5.60198923825367
room2,both,0,2025-08-02,growth (<=70 d),8.194607516155516
room2,both,0,2025-08-03,growth (<=70 d),8.49024363235815
room2,both,0,2025-08-04,growth (<=70 d),6.613468374853004
room2,both,0,2025-08-05,growth (<=70 d),7.72322609176032
room2,both,0,2025-08-06,growth (<=70 d),7.37584811209495
room2,both,0,2025-08-07,growth (<=70 d),5.823235050810254
room2,both,0,2025-08-08,growth (<=70 d),5.064578582167814
room2,both,0,2025-08-09,growth (<=70 d),4.958961501029961
room2,both,0,2025-08-10,growth (<=70 d),4.9969388556251175
room2,both,0,2025-08-11,growth (<=70 d),3.3032046666704047
room2,both,0,2025-08-12,growth (<=70 d),4.291673661873025
room2,both,0,2025-08-13,growth (<=70 d),11.119717883856453
room2,both,0,2025-08-14,plateau (>70 d),7.9331847324365565
room2,both,0,2025-08-16,plateau (>70 d),22.41159791596968
room2,both,0,2025-08-17,plateau (>70 d),25.926638037259977
room2,both,0,2025-08-18,plateau (>70 d),21.363349773208206
room2,both,0,2025-08-23,plateau (>70 d),18.478593854075378
room2,both,0,2025-08-24,plateau (>70 d),18.196638388824525
room2,both,0,2025-08-25,plateau (>70 d),13.964097939104478
room2,both,0,2025-08-26,plateau (>70 d),15.935402383933303
room2,both,0,2025-08-27,plateau (>70 d),13.574219984044506
room2,both,0,2025-08-28,plateau (>70 d),9.657257211885124
room2,both,0,2025-08-29,plateau (>70 d),8.742399137454598
room2,both,0,2025-08-30,plateau (>70 d),22.00287309062569
room2,both,0,2025-08-31,plateau (>70 d),8.182533619561953
room2,both,0,2025-09-01,plateau (>70 d),15.706695561256252
room2,both,0,2025-09-11,plateau (>70 d),33.085523407620656
room2,both,0,2025-09-17,plateau (>70 d),-27.87215683012356
room2,both,0,2025-09-18,plateau (>70 d),23.028025763197068
room2,both,0,2025-09-19,plateau (>70 d),25.60744699754676
room2,both,0,2025-09-20,plateau (>70 d),25.375119987076424
room2,both,0,2025-09-21,plateau (>70 d),24.490778664799414
room2,both,0,2025-09-22,plateau (>70 d),24.42190818161983
room2,both,0,2025-09-23,plateau (>70 d),25.047601363606518
room2,both,0,2025-09-24,plateau (>70 d),25.762744281795488
room2,both,0,2025-09-25,plateau (>70 d),24.21565739537608
room2,both,0,2025-09-26,plateau (>70 d),25.573577560869015
room2,both,0,2025-09-27,plateau (>70 d),25.101307667481933
room2,both,0,2025-09-29,plateau (>70 d),15.522112896967595
room2,both,0,2025-09-30,plateau (>70 d),20.55085389740896
room2,both,0,2025-10-01,plateau (>70 d),14.118813376556455
room2,both,0,2025-10-02,plateau (>70 d),12.883841262982495
room2,both,0,2025-10-03,plateau (>70 d),18.52188519395454
room2,both,0,2025-10-04,plateau (>70 d),22.509085434502012
room2,both,0,2025-10-05,plateau (>70 d),24.455514897364985
room2,both,0,2025-10-06,plateau (>70 d),20.92136881985133
room2,both,0,2025-10-07,plateau (>70 d),22.083363896357042
room2,both,0,2025-10-08,plateau (>70 d),18.641239305547217
room2,both,0,2025-10-09,plateau (>70 d),20.960002865074436
room2,both,0,2025-10-10,plateau (>70 d),17.89070421474187
room2,both,0,2025-10-11,plateau (>70 d),14.842906132150535
room2,both,0,2025-10-12,plateau (>70 d),14.444240036526622
room2,both,0,2025-10-13,plateau (>70 d),11.660392815211933
room2,both,0,2025-10-14,plateau (>70 d),13.728612504425179
room2,both,0,2025-10-15,plateau (>70 d),11.205712770540806
room2,both,0,2025-10-16,plateau (>70 d),11.606257805914282
room2,both,0,2025-10-17,plateau (>70 d),9.183871495673753
room2,both,0,2025-10-18,plateau (>70 d),10.015880449737278
room2,both,0,2025-10-19,plateau (>70 d),9.276105177262002
room2,both,0,2025-10-20,plateau (>70 d),12.441318215856704
room2,both,0,2025-10-21,plateau (>70 d),6.25795442456247
room2,both,0,2025-10-22,plateau (>70 d),10.382666242362689
room2,both,0,2025-10-23,plateau (>70 d),10.712848680533813
room2,both,0,2025-10-24,plateau (>70 d),9.396127412947795
room2,both,0,2025-10-25,plateau (>70 d),8.521503300703106
room2,both,0,2025-10-26,plateau (>70 d),5.13661160713436
room2,both,0,2025-10-27,plateau (>70 d),5.830569651106053
room2,both,0,2025-10-29,plateau (>70 d),11.499634926259077
room2,both,0,2025-10-30,plateau (>70 d),6.24340947966833
room2,both,0,2025-10-31,plateau (>70 d),7.258241841863253
room2,both,0,2025-11-01,plateau (>70 d),10.820261857594112
room2,both,0,2025-11-02,plateau (>70 d),8.177411732443879
room2,both,0,2025-11-03,plateau (>70 d),3.986683355492765
room2,both,0,2025-11-04,plateau (>70 d),10.067154164360524
room2,both,0,2025-11-05,plateau (>70 d),11.78794192718528
room2,both,0,2025-11-06,plateau (>70 d),11.077960328247926
room2,both,0,2025-11-07,plateau (>70 d),6.343981169331663
room2,both,0,2025-11-08,plateau (>70 d),5.62475759926599
room2,both,0,2025-11-09,plateau (>70 d),6.445261584452318
room2,both,0,2025-11-10,plateau (>70 d),3.4062824513286536
room2,both,0,2025-11-11,plateau (>70 d),0.7289322669262202
room2,both,0,2025-11-12,plateau (>70 d),-1.8431488992316307
room2,both,0,2025-11-13,plateau (>70 d),-7.0827551483285465
room2,both,0,2025-11-14,plateau (>70 d),-9.178272504023589
room2,both,0,2025-11-15,plateau (>70 d),-8.805618365194704
room2,both,0,2025-11-16,plateau (>70 d),-11.280846958530121
room2,both,0,2025-11-17,plateau (>70 d),-11.223515549954941
room2,both,0,2025-11-18,plateau (>70 d),-13.426181394375519
room2,both,0,2025-11-19,plateau (>70 d),-17.05868450290516
room2,both,0,2025-11-20,plateau (>70 d),-30.914882403900556
room2,both,0,2025-11-21,plateau (>70 d),-14.223320538166194
room2,both,0,2025-11-22,plateau (>70 d),-12.123573048341385
room2,both,0,2025-11-23,plateau (>70 d),-14.671770871660792
room2,both,0,2025-11-24,plateau (>70 d),-12.005261740509617
room2,both,0,2025-11-25,plateau (>70 d),-14.961675502413414
room2,both,0,2025-11-26,plateau (>70 d),-13.644296758499394
room2,both,0,2025-11-27,plateau (>70 d),-13.715803587730381
room2,both,0,2025-11-28,plateau (>70 d),-19.379724512100672
room2,both,0,2025-11-29,plateau (>70 d),-18.22256196486672
room2,both,0,2025-11-30,plateau (>70 d),-17.053574748549817
room2,both,0,2025-12-01,plateau (>70 d),-19.71221276057922
room2,both,0,2025-12-02,plateau (>70 d),-14.882158625105678
room2,both,0,2025-12-03,plateau (>70 d),-17.051139952467967
room2,morph_only,3,2025-07-09,growth (<=70 d),-9.210008068997883
room2,morph_only,3,2025-07-11,growth (<=70 d),41.172396890662334
room2,morph_only,3,2025-07-12,growth (<=70 d),-10.134272389417545
room2,morph_only,3,2025-07-13,growth (<=70 d),20.88288332206754
room2,morph_only,3,2025-07-15,growth (<=70 d),-7.498872618702309
room2,morph_only,3,2025-07-16,growth (<=70 d),-5.989656132144154
room2,morph_only,3,2025-07-19,growth (<=70 d),-5.697196263066836
room2,morph_only,3,2025-07-20,growth (<=70 d),-4.035433064547586
room2,morph_only,3,2025-07-22,growth (<=70 d),-3.07817085718955
room2,morph_only,3,2025-08-03,growth (<=70 d),8.698248821446683
room2,morph_only,3,2025-08-04,growth (<=70 d),2.4328183981564493
room2,morph_only,3,2025-08-05,growth (<=70 d),5.492386012967662
room2,morph_only,3,2025-08-06,growth (<=70 d),4.545052182806006
room2,morph_only,3,2025-08-07,growth (<=70 d),2.910935804510828
room2,morph_only,3,2025-08-08,growth (<=70 d),4.907844317515614
room2,morph_only,3,2025-08-09,growth (<=70 d),3.3608318323134574
room2,morph_only,3,2025-08-10,growth (<=70 d),1.383354605665275
room2,morph_only,3,2025-08-11,growth (<=70 d),2.5345008392128134
room2,morph_only,3,2025-08-12,growth (<=70 d),1.892429413978757
room2,morph_only,3,2025-08-13,growth (<=70 d),4.716832524823691
room2,morph_only,3,2025-08-14,plateau (>70 d),2.1448400824017213
room2,morph_only,3,2025-08-16,plateau (>70 d),7.793123781818315
room2,morph_only,3,2025-08-17,plateau (>70 d),9.446467956420646
room2,morph_only,3,2025-08-26,plateau (>70 d),15.189802576007786
room2,morph_only,3,2025-08-27,plateau (>70 d),14.710680687573978
room2,morph_only,3,2025-08-28,plateau (>70 d),7.336373416538931
room2,morph_only,3,2025-08-29,plateau (>70 d),9.164130134638262
room2,morph_only,3,2025-08-30,plateau (>70 d),6.836985721585178
room2,morph_only,3,2025-08-31,plateau (>70 d),6.141340121033181
room2,morph_only,3,2025-09-01,plateau (>70 d),5.687032660531475
room2,morph_only,3,2025-09-20,plateau (>70 d),-27.294766372924883
room2,morph_only,3,2025-09-21,plateau (>70 d),24.788381702550502
room2,morph_only,3,2025-09-22,plateau (>70 d),23.334692933532324
room2,morph_only,3,2025-09-23,plateau (>70 d),24.414939190768358
room2,morph_only,3,2025-09-24,plateau (>70 d),25.216853295065036
room2,morph_only,3,2025-09-25,plateau (>70 d),24.160384898248402
room2,morph_only,3,2025-09-26,plateau (>70 d),26.217820333914922
room2,morph_only,3,2025-09-27,plateau (>70 d),25.569060000869715
room2,morph_only,3,2025-09-29,plateau (>70 d),25.051719335411043
room2,morph_only,3,2025-09-30,plateau (>70 d),25.315567685629503
room2,morph_only,3,2025-10-02,plateau (>70 d),15.524419438609252
room2,morph_only,3,2025-10-03,plateau (>70 d),11.782563948458426
room2,morph_only,3,2025-10-04,plateau (>70 d),13.329206331651406
room2,morph_only,3,2025-10-05,plateau (>70 d),15.289217115121087
room2,morph_only,3,2025-10-06,plateau (>70 d),16.603992902982515
room2,morph_only,3,2025-10-07,plateau (>70 d),22.30916770361923
room2,morph_only,3,2025-10-08,plateau (>70 d),20.488524431247626
room2,morph_only,3,2025-10-09,plateau (>70 d),21.76423021413749
room2,morph_only,3,2025-10-10,plateau (>70 d),17.853000852122264
room2,morph_only,3,2025-10-11,plateau (>70 d),15.066899303231104
room2,morph_only,3,2025-10-12,plateau (>70 d),14.973372700528866
room2,morph_only,3,2025-10-13,plateau (>70 d),13.018716773654816
room2,morph_only,3,2025-10-14,plateau (>70 d),13.67379135631317
room2,morph_only,3,2025-10-15,plateau (>70 d),11.793712518901692
room2,morph_only,3,2025-10-16,plateau (>70 d),9.975680075805741
room2,morph_only,3,2025-10-17,plateau (>70 d),9.026853123022653
room2,morph_only,3,2025-10-18,plateau (>70 d),9.607505493335385
room2,morph_only,3,2025-10-19,plateau (>70 d),9.153864705852424
room2,morph_only,3,2025-10-20,plateau (>70 d),10.792055783408266
room2,morph_only,3,2025-10-21,plateau (>70 d),8.870279217420768
room2,morph_only,3,2025-10-22,plateau (>70 d),8.46463615557739
room2,morph_only,3,2025-10-23,plateau (>70 d),9.113569082415221
room2,morph_only,3,2025-10-24,plateau (>70 d),7.604086416269038
room2,morph_only,3,2025-10-25,plateau (>70 d),10.184797634613718
room2,morph_only,3,2025-10-26,plateau (>70 d),9.958057073409268
room2,morph_only,3,2025-10-27,plateau (>70 d),-1.0537775673072365
room2,morph_only,3,2025-10-29,plateau (>70 d),11.210684265207767
room2,morph_only,3,2025-10-30,plateau (>70 d),9.18017932349591
room2,morph_only,3,2025-11-01,plateau (>70 d),9.57803282097985
room2,morph_only,3,2025-11-02,plateau (>70 d),8.173906330015164
room2,morph_only,3,2025-11-03,plateau (>70 d),8.592233085930978
room2,morph_only,3,2025-11-04,plateau (>70 d),10.90958241005405
room2,morph_only,3,2025-11-05,plateau (>70 d),8.307645189162209
room2,morph_only,3,2025-11-06,plateau (>70 d),7.120270399095119
room2,morph_only,3,2025-11-07,plateau (>70 d),4.399142128422714
room2,morph_only,3,2025-11-08,plateau (>70 d),5.992931132340631
room2,morph_only,3,2025-11-09,plateau (>70 d),6.413360262996868
room2,morph_only,3,2025-11-10,plateau (>70 d),3.8695362798746125
room2,morph_only,3,2025-11-11,plateau (>70 d),1.4920839827578867
room2,morph_only,3,2025-11-12,plateau (>70 d),-2.2121588705004687
room2,morph_only,3,2025-11-13,plateau (>70 d),-5.100387756240581
room2,morph_only,3,2025-11-14,plateau (>70 d),-7.826297416300356
room2,morph_only,3,2025-11-15,plateau (>70 d),-8.382474248378497
room2,morph_only,3,2025-11-16,plateau (>70 d),-12.216762399470019
room2,morph_only,3,2025-11-17,plateau (>70 d),-12.046654148372754
room2,morph_only,3,2025-11-18,plateau (>70 d),-11.734251874391127
room2,morph_only,3,2025-11-19,plateau (>70 d),-16.108081895580472
room2,morph_only,3,2025-11-20,plateau (>70 d),-29.204061141396146
room2,morph_only,3,2025-11-21,plateau (>70 d),-15.741275387796337
room2,morph_only,3,2025-11-22,plateau (>70 d),-13.223608993709705
room2,morph_only,3,2025-11-23,plateau (>70 d),-43.839248709529656
room2,morph_only,3,2025-11-24,plateau (>70 d),-13.817648999448496
room2,morph_only,3,2025-11-25,plateau (>70 d),-14.21672645971106
room2,morph_only,3,2025-11-26,plateau (>70 d),-14.0051939616245
room2,morph_only,3,2025-11-27,plateau (>70 d),-14.427306207290298
room2,morph_only,3,2025-11-28,plateau (>70 d),-17.041906681951385
room2,morph_only,3,2025-11-29,plateau (>70 d),-19.317189583733047
room2,morph_only,3,2025-11-30,plateau (>70 d),-17.529908989915782
room2,morph_only,3,2025-12-01,plateau (>70 d),-19.92706718916496
room2,morph_only,3,2025-12-02,plateau (>70 d),-18.028039378101152
room2,morph_only,3,2025-12-03,plateau (>70 d),-19.662812051570373
room2,morph_only,5,2025-07-11,growth (<=70 d),-10.822510016477112
room2,morph_only,5,2025-07-13,growth (<=70 d),36.883315811591366
room2,morph_only,5,2025-07-15,growth (<=70 d),-9.734906061600478
room2,morph_only,5,2025-07-16,growth (<=70 d),-11.091094668964814
room2,morph_only,5,2025-07-17,growth (<=70 d),-10.492219358123299
room2,morph_only,5,2025-07-20,growth (<=70 d),29.29696715770896
room2,morph_only,5,2025-07-21,growth (<=70 d),-6.4227789565903315
room2,morph_only,5,2025-07-22,growth (<=70 d),-4.7800108178635945
room2,morph_only,5,2025-08-05,growth (<=70 d),5.169443174211349
room2,morph_only,5,2025-08-06,growth (<=70 d),-0.3166775367888299
room2,morph_only,5,2025-08-07,growth (<=70 d),2.0324272510835684
room2,morph_only,5,2025-08-08,growth (<=70 d),3.2411122906658942
room2,morph_only,5,2025-08-09,growth (<=70 d),2.2607144993812716
room2,morph_only,5,2025-08-10,growth (<=70 d),1.6347947241706464
room2,morph_only,5,2025-08-11,growth (<=70 d),0.5342828868392724
room2,morph_only,5,2025-08-12,growth (<=70 d),1.0219873191184767
room2,morph_only,5,2025-08-13,growth (<=70 d),2.4887850413965475
room2,morph_only,5,2025-08-14,plateau (>70 d),2.0995922584868096
room2,morph_only,5,2025-08-16,plateau (>70 d),0.6825613916121349
room2,morph_only,5,2025-08-17,plateau (>70 d),6.97814049562956
room2,morph_only,5,2025-08-18,plateau (>70 d),4.878609545825885
room2,morph_only,5,2025-08-23,plateau (>70 d),15.269042610294365
room2,morph_only,5,2025-08-28,plateau (>70 d),8.424662991065404
room2,morph_only,5,2025-08-29,plateau (>70 d),9.644289384096043
room2,morph_only,5,2025-08-30,plateau (>70 d),5.870676151191629
room2,morph_only,5,2025-08-31,plateau (>70 d),5.136498414914351
room2,morph_only,5,2025-09-01,plateau (>70 d),2.8021233479597427
room2,morph_only,5,2025-09-22,plateau (>70 d),-26.065959153801096
room2,morph_only,5,2025-09-23,plateau (>70 d),24.118249542611224
room2,morph_only,5,2025-09-24,plateau (>70 d),24.93940534518218
room2,morph_only,5,2025-09-25,plateau (>70 d),24.794024372986552
room2,morph_only,5,2025-09-26,plateau (>70 d),26.056987835215477
room2,morph_only,5,2025-09-27,plateau (>70 d),25.456989856297216
room2,morph_only,5,2025-09-29,plateau (>70 d),24.491932150648175
room2,morph_only,5,2025-09-30,plateau (>70 d),25.990336622363433
room2,morph_only,5,2025-10-01,plateau (>70 d),24.644541570850592
room2,morph_only,5,2025-10-02,plateau (>70 d),24.64289114031215
room2,morph_only,5,2025-10-04,plateau (>70 d),17.043903487821314
room2,morph_only,5,2025-10-05,plateau (>70 d),12.517122380147505
room2,morph_only,5,2025-10-06,plateau (>70 d),9.824625437608802
room2,morph_only,5,2025-10-07,plateau (>70 d),14.677235775747288
room2,morph_only,5,2025-10-08,plateau (>70 d),14.114517245467525
room2,morph_only,5,2025-10-09,plateau (>70 d),21.684675450105182
room2,morph_only,5,2025-10-10,plateau (>70 d),19.368829442964554
room2,morph_only,5,2025-10-11,plateau (>70 d),15.87314314308192
room2,morph_only,5,2025-10-12,plateau (>70 d),14.301446299489246
room2,morph_only,5,2025-10-13,plateau (>70 d),12.638785964410303
room2,morph_only,5,2025-10-14,plateau (>70 d),14.333338853006683
room2,morph_only,5,2025-10-15,plateau (>70 d),11.593042808658275
room2,morph_only,5,2025-10-16,plateau (>70 d),11.305466210710758
room2,morph_only,5,2025-10-17,plateau (>70 d),10.338477963176569
room2,morph_only,5,2025-10-18,plateau (>70 d),9.136071870683782
room2,morph_only,5,2025-10-19,plateau (>70 d),8.103921817586846
room2,morph_only,5,2025-10-20,plateau (>70 d),11.227221712733698
room2,morph_only,5,2025-10-21,plateau (>70 d),8.762996166213068
room2,morph_only,5,2025-10-22,plateau (>70 d),9.113825884344521
room2,morph_only,5,2025-10-23,plateau (>70 d),9.030238400056222
room2,morph_only,5,2025-10-24,plateau (>70 d),8.400131775133415
room2,morph_only,5,2025-10-25,plateau (>70 d),9.0694598601895
room2,morph_only,5,2025-10-26,plateau (>70 d),6.659370460622728
room2,morph_only,5,2025-10-27,plateau (>70 d),-1.6359586275346119
room2,morph_only,5,2025-10-29,plateau (>70 d),9.835042095613822
room2,morph_only,5,2025-10-30,plateau (>70 d),4.5729829723036985
room2,morph_only,5,2025-10-31,plateau (>70 d),7.073787742679315
room2,morph_only,5,2025-11-01,plateau (>70 d),12.94388683776829
room2,morph_only,5,2025-11-03,plateau (>70 d),8.698213636223905
room2,morph_only,5,2025-11-04,plateau (>70 d),10.735459792431847
room2,morph_only,5,2025-11-05,plateau (>70 d),9.226082616668855
room2,morph_only,5,2025-11-06,plateau (>70 d),12.016564507433607
room2,morph_only,5,2025-11-07,plateau (>70 d),2.824468540387034
room2,morph_only,5,2025-11-08,plateau (>70 d),-0.14269808417971142
room2,morph_only,5,2025-11-09,plateau (>70 d),4.352753978353501
room2,morph_only,5,2025-11-10,plateau (>70 d),1.864233255148454
room2,morph_only,5,2025-11-11,plateau (>70 d),0.5210245367335329
room2,morph_only,5,2025-11-12,plateau (>70 d),-0.35649353461271716
room2,morph_only,5,2025-11-13,plateau (>70 d),-5.421461031202354
room2,morph_only,5,2025-11-14,plateau (>70 d),-8.002993981960437
room2,morph_only,5,2025-11-15,plateau (>70 d),-8.153106578340239
room2,morph_only,5,2025-11-16,plateau (>70 d),-11.417871409766677
room2,morph_only,5,2025-11-17,plateau (>70 d),-11.426757981979943
room2,morph_only,5,2025-11-18,plateau (>70 d),-12.063933800779413
room2,morph_only,5,2025-11-19,plateau (>70 d),-15.73025940275302
room2,morph_only,5,2025-11-20,plateau (>70 d),-29.433793587097632
room2,morph_only,5,2025-11-21,plateau (>70 d),-14.443828340656017
room2,morph_only,5,2025-11-22,plateau (>70 d),-12.464412916534785
room2,morph_only,5,2025-11-23,plateau (>70 d),-15.599228604440636
room2,morph_only,5,2025-11-24,plateau (>70 d),-13.736541536048176
room2,morph_only,5,2025-11-25,plateau (>70 d),-18.75845829570409
room2,morph_only,5,2025-11-26,plateau (>70 d),-14.13458689547014
room2,morph_only,5,2025-11-27,plateau (>70 d),-13.85101335325222
room2,morph_only,5,2025-11-28,plateau (>70 d),-17.842347374269835
room2,morph_only,5,2025-11-29,plateau (>70 d),-19.308565351707706
room2,morph_only,5,2025-11-30,plateau (>70 d),-17.849836066812355
room2,morph_only,5,2025-12-01,plateau (>70 d),-20.439526164758966
room2,morph_only,5,2025-12-02,plateau (>70 d),-18.183875223083845
room2,morph_only,5,2025-12-03,plateau (>70 d),-23.671472640471148
room2,morph_only,7,2025-07-13,growth (<=70 d),-10.80950274095073
room2,morph_only,7,2025-07-15,growth (<=70 d),-11.251926682918667
room2,morph_only,7,2025-07-16,growth (<=70 d),-12.898391806643883
room2,morph_only,7,2025-07-17,growth (<=70 d),13.267465311197867
room2,morph_only,7,2025-07-19,growth (<=70 d),-11.227856244036651
room2,morph_only,7,2025-07-20,growth (<=70 d),-8.55546532811662
room2,morph_only,7,2025-07-22,growth (<=70 d),33.88830663873526
room2,morph_only,7,2025-08-07,growth (<=70 d),1.2416578994087588
room2,morph_only,7,2025-08-08,growth (<=70 d),-1.4094348147333278
room2,morph_only,7,2025-08-09,growth (<=70 d),0.3996277538382773
room2,morph_only,7,2025-08-10,growth (<=70 d),0.47661511159061565
room2,morph_only,7,2025-08-11,growth (<=70 d),-1.3484601855183969
room2,morph_only,7,2025-08-12,growth (<=70 d),0.02167361786995281
room2,morph_only,7,2025-08-13,growth (<=70 d),1.1403535989279523
room2,morph_only,7,2025-08-14,plateau (>70 d),1.4981435016612479
room2,morph_only,7,2025-08-16,plateau (>70 d),-1.0442715172574362
room2,morph_only,7,2025-08-17,plateau (>70 d),6.366044221212816
room2,morph_only,7,2025-08-18,plateau (>70 d),-0.7747214866396406
room2,morph_only,7,2025-08-23,plateau (>70 d),12.86489078847772
room2,morph_only,7,2025-08-24,plateau (>70 d),11.308761807855369
room2,morph_only,7,2025-08-25,plateau (>70 d),9.09892891941842
room2,morph_only,7,2025-08-30,plateau (>70 d),7.199170284171226
room2,morph_only,7,2025-08-31,plateau (>70 d),5.067519434034461
room2,morph_only,7,2025-09-01,plateau (>70 d),2.0857536360253377
room2,morph_only,7,2025-09-18,plateau (>70 d),28.507513666058216
room2,morph_only,7,2025-09-24,plateau (>70 d),-31.701671778564958
room2,morph_only,7,2025-09-25,plateau (>70 d),24.47830674448188
room2,morph_only,7,2025-09-26,plateau (>70 d),24.920360833964914
room2,morph_only,7,2025-09-27,plateau (>70 d),25.31794040896102
room2,morph_only,7,2025-09-29,plateau (>70 d),24.600529161986184
room2,morph_only,7,2025-09-30,plateau (>70 d),26.028427287219298
room2,morph_only,7,2025-10-01,plateau (>70 d),25.004486118959964
room2,morph_only,7,2025-10-02,plateau (>70 d),25.02329559477454
room2,morph_only,7,2025-10-03,plateau (>70 d),22.380291226889646
room2,morph_only,7,2025-10-04,plateau (>70 d),21.517806312586288
room2,morph_only,7,2025-10-06,plateau (>70 d),14.818219533683358
room2,morph_only,7,2025-10-07,plateau (>70 d),13.868641663833213
room2,morph_only,7,2025-10-08,plateau (>70 d),7.362851340047437
room2,morph_only,7,2025-10-09,plateau (>70 d),15.791437925814057
room2,morph_only,7,2025-10-10,plateau (>70 d),14.241713050478564
room2,morph_only,7,2025-10-11,plateau (>70 d),16.077362076579533
room2,morph_only,7,2025-10-12,plateau (>70 d),16.367326457173817
room2,morph_only,7,2025-10-13,plateau (>70 d),14.084908965364917
room2,morph_only,7,2025-10-14,plateau (>70 d),13.7323376480991
room2,morph_only,7,2025-10-15,plateau (>70 d),11.752879658216862
room2,morph_only,7,2025-10-16,plateau (>70 d),11.877466501389446
room2,morph_only,7,2025-10-17,plateau (>70 d),8.967844504191234
room2,morph_only,7,2025-10-18,plateau (>70 d),9.525286708769684
room2,morph_only,7,2025-10-19,plateau (>70 d),9.005737001865308
room2,morph_only,7,2025-10-20,plateau (>70 d),11.345771459924302
room2,morph_only,7,2025-10-21,plateau (>70 d),7.416629967153754
room2,morph_only,7,2025-10-22,plateau (>70 d),8.585433750164864
room2,morph_only,7,2025-10-23,plateau (>70 d),7.84305883338228
room2,morph_only,7,2025-10-24,plateau (>70 d),8.305038898139145
room2,morph_only,7,2025-10-25,plateau (>70 d),8.947605151158093
room2,morph_only,7,2025-10-26,plateau (>70 d),6.823642318701513
room2,morph_only,7,2025-10-27,plateau (>70 d),-1.2398560891721702
room2,morph_only,7,2025-10-29,plateau (>70 d),10.59104743166018
room2,morph_only,7,2025-10-30,plateau (>70 d),8.335323326328137
room2,morph_only,7,2025-10-31,plateau (>70 d),7.1058957877390085
room2,morph_only,7,2025-11-01,plateau (>70 d),7.791434714229659
room2,morph_only,7,2025-11-02,plateau (>70 d),8.339154204256864
room2,morph_only,7,2025-11-03,plateau (>70 d),12.321322804009313
room2,morph_only,7,2025-11-05,plateau (>70 d),10.1819560688404
room2,morph_only,7,2025-11-06,plateau (>70 d),8.904217958840555
room2,morph_only,7,2025-11-07,plateau (>70 d),3.884117510861593
room2,morph_only,7,2025-11-08,plateau (>70 d),4.372297719386411
room2,morph_only,7,2025-11-09,plateau (>70 d),3.6337907116488957
room2,morph_only,7,2025-11-10,plateau (>70 d),-2.5892657665350765
room2,morph_only,7,2025-11-11,plateau (>70 d),-0.6973350484782532
room2,morph_only,7,2025-11-12,plateau (>70 d),-2.4423266729792026
room2,morph_only,7,2025-11-13,plateau (>70 d),-6.178598117368167
room2,morph_only,7,2025-11-14,plateau (>70 d),-7.802865831824638
room2,morph_only,7,2025-11-15,plateau (>70 d),-8.177329293739785
room2,morph_only,7,2025-11-16,plateau (>70 d),-11.342140383554128
room2,morph_only,7,2025-11-17,plateau (>70 d),-11.379513580155008
room2,morph_only,7,2025-11-18,plateau (>70 d),-12.265516826101587
room2,morph_only,7,2025-11-19,plateau (>70 d),-15.91468908014723
room2,morph_only,7,2025-11-20,plateau (>70 d),-37.508333601694844
room2,morph_only,7,2025-11-21,plateau (>70 d),-14.937361515412572
room2,morph_only,7,2025-11-22,plateau (>70 d),-12.012754727293672
room2,morph_only,7,2025-11-23,plateau (>70 d),-14.2868275501195
room2,morph_only,7,2025-11-24,plateau (>70 d),-12.376168149446855
room2,morph_only,7,2025-11-25,plateau (>70 d),-15.089328840546141
room2,morph_only,7,2025-11-26,plateau (>70 d),-16.504170794651223
room2,morph_only,7,2025-11-27,plateau (>70 d),-24.28893576972295
room2,morph_only,7,2025-11-28,plateau (>70 d),-17.836941256889737
room2,morph_only,7,2025-11-29,plateau (>70 d),-18.30986182348782
room2,morph_only,7,2025-11-30,plateau (>70 d),-17.32925599159025
room2,morph_only,7,2025-12-01,plateau (>70 d),-20.109572549801957
room2,morph_only,7,2025-12-02,plateau (>70 d),-17.45603159169519
room2,morph_only,7,2025-12-03,plateau (>70 d),-19.774446230617148
room2,morph_only,10,2025-07-16,growth (<=70 d),-14.031918137103798
room2,morph_only,10,2025-07-19,growth (<=70 d),-15.448274580757275
room2,morph_only,10,2025-07-20,growth (<=70 d),9.571910305847387
room2,morph_only,10,2025-07-21,growth (<=70 d),-13.643755302470128
room2,morph_only,10,2025-07-22,growth (<=70 d),-13.215118700016514
room2,morph_only,10,2025-07-31,growth (<=70 d),-8.300448333079116
room2,morph_only,10,2025-08-01,growth (<=70 d),-7.824120668725421
room2,morph_only,10,2025-08-10,growth (<=70 d),7.482674756122092
room2,morph_only,10,2025-08-11,growth (<=70 d),-5.84297163324398
room2,morph_only,10,2025-08-12,growth (<=70 d),-2.956407668958079
room2,morph_only,10,2025-08-13,growth (<=70 d),0.0297822166369488
room2,morph_only,10,2025-08-14,plateau (>70 d),-3.7595419768195555
room2,morph_only,10,2025-08-16,plateau (>70 d),-1.4211166754951527
room2,morph_only,10,2025-08-17,plateau (>70 d),2.6856107028991096
room2,morph_only,10,2025-08-18,plateau (>70 d),-2.6563415910515915
room2,morph_only,10,2025-08-23,plateau (>70 d),-1.935915018395976
room2,morph_only,10,2025-08-24,plateau (>70 d),-4.637192944749522
room2,morph_only,10,2025-08-26,plateau (>70 d),13.09168264513114
room2,morph_only,10,2025-08-27,plateau (>70 d),8.99117791730752
room2,morph_only,10,2025-08-28,plateau (>70 d),5.115937078432154
room2,morph_only,10,2025-09-11,plateau (>70 d),10.59437807145809
room2,morph_only,10,2025-09-21,plateau (>70 d),29.781457696472764
room2,morph_only,10,2025-09-27,plateau (>70 d),-23.656809755482293
room2,morph_only,10,2025-09-29,plateau (>70 d),22.61515079345808
room2,morph_only,10,2025-09-30,plateau (>70 d),25.583304606846
room2,morph_only,10,2025-10-01,plateau (>70 d),24.766505300963217
room2,morph_only,10,2025-10-02,plateau (>70 d),24.92808794872585
room2,morph_only,10,2025-10-03,plateau (>70 d),23.00126101898129
room2,morph_only,10,2025-10-04,plateau (>70 d),22.172327830757652
room2,morph_only,10,2025-10-05,plateau (>70 d),22.81362026191929
room2,morph_only,10,2025-10-06,plateau (>70 d),20.13968425344194
room2,morph_only,10,2025-10-07,plateau (>70 d),21.554872335684234
room2,morph_only,10,2025-10-09,plateau (>70 d),14.181601341537515
room2,morph_only,10,2025-10-10,plateau (>70 d),14.517270400084128
room2,morph_only,10,2025-10-11,plateau (>70 d),3.504185181659457
room2,morph_only,10,2025-10-12,plateau (>70 d),9.104653777130732
room2,morph_only,10,2025-10-13,plateau (>70 d),8.607858788129231
room2,morph_only,10,2025-10-14,plateau (>70 d),14.62771478632156
room2,morph_only,10,2025-10-15,plateau (>70 d),13.150574939438293
room2,morph_only,10,2025-10-16,plateau (>70 d),12.694317166309506
room2,morph_only,10,2025-10-17,plateau (>70 d),9.671813351490172
room2,morph_only,10,2025-10-18,plateau (>70 d),9.936448175341889
room2,morph_only,10,2025-10-19,plateau (>70 d),9.578179139037463
room2,morph_only,10,2025-10-20,plateau (>70 d),11.490846618554627
room2,morph_only,10,2025-10-21,plateau (>70 d),7.200433010068324
room2,morph_only,10,2025-10-22,plateau (>70 d),9.068850492289693
room2,morph_only,10,2025-10-23,plateau (>70 d),7.544058849684806
room2,morph_only,10,2025-10-24,plateau (>70 d),8.594000115010314
room2,morph_only,10,2025-10-25,plateau (>70 d),6.9792028980574745
room2,morph_only,10,2025-10-26,plateau (>70 d),6.833152121540348
room2,morph_only,10,2025-10-27,plateau (>70 d),-1.008310264500159
room2,morph_only,10,2025-10-29,plateau (>70 d),7.6003858704201335
room2,morph_only,10,2025-10-30,plateau (>70 d),6.336831624867948
room2,morph_only,10,2025-10-31,plateau (>70 d),6.322473163441067
room2,morph_only,10,2025-11-01,plateau (>70 d),9.795566768905708
room2,morph_only,10,2025-11-02,plateau (>70 d),11.040760509246724
room2,morph_only,10,2025-11-03,plateau (>70 d),7.967217565682155
room2,morph_only,10,2025-11-04,plateau (>70 d),8.57052872701724
room2,morph_only,10,2025-11-05,plateau (>70 d),8.710052174720566
room2,morph_only,10,2025-11-06,plateau (>70 d),13.02467838017946
room2,morph_only,10,2025-11-08,plateau (>70 d),4.6909489285987735
room2,morph_only,10,2025-11-09,plateau (>70 d),2.729189934090819
room2,morph_only,10,2025-11-10,plateau (>70 d),0.11731438786356208
room2,morph_only,10,2025-11-11,plateau (>70 d),1.6890931811714118
room2,morph_only,10,2025-11-12,plateau (>70 d),-5.448639909418555
room2,morph_only,10,2025-11-13,plateau (>70 d),-11.754743533383591
room2,morph_only,10,2025-11-14,plateau (>70 d),-10.061397648871583
room2,morph_only,10,2025-11-15,plateau (>70 d),-8.598573918989175
room2,morph_only,10,2025-11-16,plateau (>70 d),-11.974930944868577
room2,morph_only,10,2025-11-17,plateau (>70 d),-10.94689894768834
room2,morph_only,10,2025-11-18,plateau (>70 d),-11.182381060588543
room2,morph_only,10,2025-11-19,plateau (>70 d),-15.499355505887578
room2,morph_only,10,2025-11-20,plateau (>70 d),-33.68885012855747
room2,morph_only,10,2025-11-21,plateau (>70 d),-14.23995995364707
room2,morph_only,10,2025-11-22,plateau (>70 d),-11.875692035727608
room2,morph_only,10,2025-11-23,plateau (>70 d),-15.188094839133365
room2,morph_only,10,2025-11-24,plateau (>70 d),-12.55173463677968
room2,morph_only,10,2025-11-25,plateau (>70 d),-14.130259762052253
room2,morph_only,10,2025-11-26,plateau (>70 d),-13.29463513447168
room2,morph_only,10,2025-11-27,plateau (>70 d),-14.475223428530894
room2,morph_only,10,2025-11-28,plateau (>70 d),-17.14241776804767
room2,morph_only,10,2025-11-29,plateau (>70 d),-23.167700128793484
room2,morph_only,10,2025-11-30,plateau (>70 d),-26.484715334805237
room2,morph_only,10,2025-12-01,plateau (>70 d),-20.313329740405877
room2,morph_only,10,2025-12-02,plateau (>70 d),-17.579300645890022
room2,morph_only,10,2025-12-03,plateau (>70 d),-18.352094511454236
room2,morph_only,15,2025-07-21,growth (<=70 d),-15.605017004851653
room2,morph_only,15,2025-07-31,growth (<=70 d),-15.316614157035378
room2,morph_only,15,2025-08-01,growth (<=70 d),-11.76404687581223
room2,morph_only,15,2025-08-03,growth (<=70 d),-13.49319253295659
room2,morph_only,15,2025-08-04,growth (<=70 d),-13.399218753678834
room2,morph_only,15,2025-08-05,growth (<=70 d),-10.965316289015275
room2,morph_only,15,2025-08-06,growth (<=70 d),-13.94974608176761
room2,morph_only,15,2025-08-16,plateau (>70 d),-9.534594236775723
room2,morph_only,15,2025-08-17,plateau (>70 d),-2.945141290821584
room2,morph_only,15,2025-08-18,plateau (>70 d),-3.947725904973527
room2,morph_only,15,2025-08-23,plateau (>70 d),-10.504883894914995
room2,morph_only,15,2025-08-24,plateau (>70 d),-12.740547050387537
room2,morph_only,15,2025-08-25,plateau (>70 d),-12.354765846943817
room2,morph_only,15,2025-08-26,plateau (>70 d),-10.98208020113004
room2,morph_only,15,2025-08-27,plateau (>70 d),-12.537315253451258
room2,morph_only,15,2025-08-28,plateau (>70 d),-9.207112375076798
room2,morph_only,15,2025-08-29,plateau (>70 d),-8.933863054115646
room2,morph_only,15,2025-08-31,plateau (>70 d),-1.5978849471342436
room2,morph_only,15,2025-09-01,plateau (>70 d),-0.818220392684756
room2,morph_only,15,2025-09-11,plateau (>70 d),-2.3118172152122085
room2,morph_only,15,2025-09-26,plateau (>70 d),29.926385747375186
room2,morph_only,15,2025-10-02,plateau (>70 d),-34.307819961481016
room2,morph_only,15,2025-10-03,plateau (>70 d),22.218389126030722
room2,morph_only,15,2025-10-04,plateau (>70 d),18.567233435074257
room2,morph_only,15,2025-10-05,plateau (>70 d),23.041059191471195
room2,morph_only,15,2025-10-06,plateau (>70 d),19.466082052246914
room2,morph_only,15,2025-10-07,plateau (>70 d),21.947712938497183
room2,morph_only,15,2025-10-08,plateau (>70 d),19.930722046820154
room2,morph_only,15,2025-10-09,plateau (>70 d),21.26033787154008
room2,morph_only,15,2025-10-10,plateau (>70 d),18.187842742335704
room2,morph_only,15,2025-10-11,plateau (>70 d),15.682240038792703
room2,morph_only,15,2025-10-12,plateau (>70 d),14.960574684771192
room2,morph_only,15,2025-10-14,plateau (>70 d),10.479250558715872
room2,morph_only,15,2025-10-15,plateau (>70 d),15.414700672091637
room2,morph_only,15,2025-10-16,plateau (>70 d),4.937206888539305
room2,morph_only,15,2025-10-17,plateau (>70 d),9.081798089894995
room2,morph_only,15,2025-10-18,plateau (>70 d),7.5867162641500725
room2,morph_only,15,2025-10-19,plateau (>70 d),9.706105970490663
room2,morph_only,15,2025-10-20,plateau (>70 d),11.025360774989167
room2,morph_only,15,2025-10-21,plateau (>70 d),11.113799042651216
room2,morph_only,15,2025-10-22,plateau (>70 d),9.008203843982695
room2,morph_only,15,2025-10-23,plateau (>70 d),8.00857350258303
room2,morph_only,15,2025-10-24,plateau (>70 d),9.123322196270287
room2,morph_only,15,2025-10-25,plateau (>70 d),7.628468923710054
room2,morph_only,15,2025-10-26,plateau (>70 d),6.617100700863315
room2,morph_only,15,2025-10-27,plateau (>70 d),-13.587000015855713
room2,morph_only,15,2025-10-29,plateau (>70 d),6.4164621173316405
room2,morph_only,15,2025-10-30,plateau (>70 d),5.1970490922853685
room2,morph_only,15,2025-10-31,plateau (>70 d),6.713165591082145
room2,morph_only,15,2025-11-01,plateau (>70 d),7.691580789124778
room2,morph_only,15,2025-11-02,plateau (>70 d),8.475396834933292
room2,morph_only,15,2025-11-03,plateau (>70 d),7.182412308846494
room2,morph_only,15,2025-11-04,plateau (>70 d),8.577138141523612
room2,morph_only,15,2025-11-05,plateau (>70 d),7.9214621223523665
room2,morph_only,15,2025-11-06,plateau (>70 d),9.61998005370554
room2,morph_only,15,2025-11-07,plateau (>70 d),6.123528147425464
room2,morph_only,15,2025-11-08,plateau (>70 d),2.348150893721794
room2,morph_only,15,2025-11-09,plateau (>70 d),2.900318010722396
room2,morph_only,15,2025-11-10,plateau (>70 d),0.7634347975102287
room2,morph_only,15,2025-11-11,plateau (>70 d),2.7235333005835347
room2,morph_only,15,2025-11-13,plateau (>70 d),-6.735510555470723
room2,morph_only,15,2025-11-14,plateau (>70 d),-12.975267468903473
room2,morph_only,15,2025-11-15,plateau (>70 d),-12.5145906234643
room2,morph_only,15,2025-11-16,plateau (>70 d),-10.710643301948766
room2,morph_only,15,2025-11-17,plateau (>70 d),-14.002763891826287
room2,morph_only,15,2025-11-18,plateau (>70 d),-16.570159408584093
room2,morph_only,15,2025-11-19,plateau (>70 d),-17.478696717747233
room2,morph_only,15,2025-11-20,plateau (>70 d),-26.339506953660475
room2,morph_only,15,2025-11-21,plateau (>70 d),-16.108403831980603
room2,morph_only,15,2025-11-22,plateau (>70 d),-11.797566626011655
room2,morph_only,15,2025-11-23,plateau (>70 d),-13.750807887855743
room2,morph_only,15,2025-11-24,plateau (>70 d),-11.615717579063404
room2,morph_only,15,2025-11-25,plateau (>70 d),-13.273082820504094
room2,morph_only,15,2025-11-26,plateau (>70 d),-12.065504538159843
room2,morph_only,15,2025-11-27,plateau (>70 d),-13.459379442348016
room2,morph_only,15,2025-11-28,plateau (>70 d),-17.059444008184705
room2,morph_only,15,2025-11-29,plateau (>70 d),-18.53499704652686
room2,morph_only,15,2025-11-30,plateau (>70 d),-17.40025327459489
room2,morph_only,15,2025-12-01,plateau (>70 d),-19.48474590335134
room2,morph_only,15,2025-12-02,plateau (>70 d),-17.78825419665267
room2,morph_only,15,2025-12-03,plateau (>70 d),-20.412028103562623
room2,morph_only,20,2025-07-31,growth (<=70 d),-22.905226244443604
room2,morph_only,20,2025-08-01,growth (<=70 d),-19.871830000613638
room2,morph_only,20,2025-08-02,growth (<=70 d),-18.570009680336536
room2,morph_only,20,2025-08-04,growth (<=70 d),10.812382601283927
room2,morph_only,20,2025-08-05,growth (<=70 d),-18.026241239929455
room2,morph_only,20,2025-08-06,growth (<=70 d),-18.04704489775757
room2,morph_only,20,2025-08-08,growth (<=70 d),-17.841629315724713
room2,morph_only,20,2025-08-09,growth (<=70 d),-18.826444734488344
room2,morph_only,20,2025-08-10,growth (<=70 d),-17.227365044477278
room2,morph_only,20,2025-08-11,growth (<=70 d),-18.739808263085227
room2,morph_only,20,2025-08-23,plateau (>70 d),-13.95484944972441
room2,morph_only,20,2025-08-24,plateau (>70 d),-15.598763971924372
room2,morph_only,20,2025-08-25,plateau (>70 d),-16.06941632085524
room2,morph_only,20,2025-08-26,plateau (>70 d),-13.816406715821849
room2,morph_only,20,2025-08-27,plateau (>70 d),-15.569142440385239
room2,morph_only,20,2025-08-28,plateau (>70 d),-18.608812099686936
room2,morph_only,20,2025-08-29,plateau (>70 d),-18.031711655909398
room2,morph_only,20,2025-08-30,plateau (>70 d),-21.092752028878504
room2,morph_only,20,2025-08-31,plateau (>70 d),-23.373182271622312
room2,morph_only,20,2025-09-01,plateau (>70 d),-19.80622046322015
room2,morph_only,20,2025-09-17,plateau (>70 d),8.954432629536234
room2,morph_only,20,2025-09-18,plateau (>70 d),-9.760043253971979
room2,morph_only,20,2025-09-19,plateau (>70 d),10.70047483850016
room2,morph_only,20,2025-09-20,plateau (>70 d),-1.1696337148822114
room2,morph_only,20,2025-09-21,plateau (>70 d),4.3219540700008965
room2,morph_only,20,2025-10-01,plateau (>70 d),29.307273640959238
room2,morph_only,20,2025-10-07,plateau (>70 d),-32.11052083024254
room2,morph_only,20,2025-10-08,plateau (>70 d),19.252392940880824
room2,morph_only,20,2025-10-09,plateau (>70 d),19.147401665514984
room2,morph_only,20,2025-10-10,plateau (>70 d),17.701377257156835
room2,morph_only,20,2025-10-11,plateau (>70 d),14.575703624117704
room2,morph_only,20,2025-10-12,plateau (>70 d),14.985227364442359
room2,morph_only,20,2025-10-13,plateau (>70 d),12.682544932451115
room2,morph_only,20,2025-10-14,plateau (>70 d),14.558144358077177
room2,morph_only,20,2025-10-15,plateau (>70 d),12.424504233981303
room2,morph_only,20,2025-10-16,plateau (>70 d),11.09383515159096
room2,morph_only,20,2025-10-17,plateau (>70 d),9.443339989413383
room2,morph_only,20,2025-10-19,plateau (>70 d),2.645210168258013
room2,morph_only,20,2025-10-20,plateau (>70 d),11.834877107618286
room2,morph_only,20,2025-10-21,plateau (>70 d),6.126659204340862
room2,morph_only,20,2025-10-22,plateau (>70 d),8.458765106470954
room2,morph_only,20,2025-10-23,plateau (>70 d),8.64214991889791
room2,morph_only,20,2025-10-24,plateau (>70 d),9.127128938488722
room2,morph_only,20,2025-10-25,plateau (>70 d),7.930262940838919
room2,morph_only,20,2025-10-26,plateau (>70 d),6.933460483492592
room2,morph_only,20,2025-10-27,plateau (>70 d),-9.92289091367
room2,morph_only,20,2025-10-29,plateau (>70 d),11.01279079789753
room2,morph_only,20,2025-10-30,plateau (>70 d),4.938209669465351
room2,morph_only,20,2025-10-31,plateau (>70 d),4.85909667833689
room2,morph_only,20,2025-11-01,plateau (>70 d),8.338776009160107
room2,morph_only,20,2025-11-02,plateau (>70 d),7.3827873749560595
room2,morph_only,20,2025-11-03,plateau (>70 d),6.468808836101111
room2,morph_only,20,2025-11-04,plateau (>70 d),7.92339716558417
room2,morph_only,20,2025-11-05,plateau (>70 d),7.833241841408899
room2,morph_only,20,2025-11-06,plateau (>70 d),7.542731853586567
room2,morph_only,20,2025-11-07,plateau (>70 d),3.912794324015742
room2,morph_only,20,2025-11-08,plateau (>70 d),1.7662197608211319
room2,morph_only,20,2025-11-09,plateau (>70 d),3.2653693717944705
room2,morph_only,20,2025-11-10,plateau (>70 d),-1.489800688048872
room2,morph_only,20,2025-11-11,plateau (>70 d),-0.5550913183379311
room2,morph_only,20,2025-11-12,plateau (>70 d),-3.233768036999116
room2,morph_only,20,2025-11-13,plateau (>70 d),-9.259192034540435
room2,morph_only,20,2025-11-14,plateau (>70 d),-13.159499832914227
room2,morph_only,20,2025-11-15,plateau (>70 d),-11.99754487074867
room2,morph_only,20,2025-11-16,plateau (>70 d),-10.76719105670434
room2,morph_only,20,2025-11-18,plateau (>70 d),-12.846977703330484
room2,morph_only,20,2025-11-19,plateau (>70 d),-19.57306679221709
room2,morph_only,20,2025-11-20,plateau (>70 d),-40.312569635468535
room2,morph_only,20,2025-11-21,plateau (>70 d),-14.304606827574915
room2,morph_only,20,2025-11-22,plateau (>70 d),-14.934880868688712
room2,morph_only,20,2025-11-23,plateau (>70 d),-19.038628513649083
room2,morph_only,20,2025-11-24,plateau (>70 d),-14.45296275781551
room2,morph_only,20,2025-11-25,plateau (>70 d),-14.520502708108289
room2,morph_only,20,2025-11-26,plateau (>70 d),-12.800631671068732
room2,morph_only,20,2025-11-27,plateau (>70 d),-14.18698885450116
room2,morph_only,20,2025-11-28,plateau (>70 d),-16.772260956492467
room2,morph_only,20,2025-11-29,plateau (>70 d),-18.46058381565463
room2,morph_only,20,2025-11-30,plateau (>70 d),-16.443504111753356
room2,morph_only,20,2025-12-01,plateau (>70 d),-19.861067697879022
room2,morph_only,20,2025-12-02,plateau (>70 d),-16.981684864415172
room2,morph_only,20,2025-12-03,plateau (>70 d),-20.416817851557145
room6,all_sensor,3,2025-07-22,growth (<=70 d),-7.565185915813375
room6,all_sensor,3,2025-07-23,growth (<=70 d),-8.008442412909876
room6,all_sensor,3,2025-07-24,growth (<=70 d),-8.61702389538779
room6,all_sensor,3,2025-07-25,growth (<=70 d),-8.427585739792626
room6,all_sensor,3,2025-07-27,growth (<=70 d),-9.034369406983211
room6,all_sensor,3,2025-07-28,growth (<=70 d),-7.317101125614542
room6,all_sensor,3,2025-07-30,growth (<=70 d),-7.9849380082790455
room6,all_sensor,3,2025-07-31,growth (<=70 d),-7.822755286875613
room6,all_sensor,3,2025-08-01,growth (<=70 d),-10.460353567056751
room6,all_sensor,3,2025-08-02,growth (<=70 d),-8.233244275458741
room6,all_sensor,3,2025-08-03,growth (<=70 d),-9.232346151580476
room6,all_sensor,3,2025-08-04,growth (<=70 d),-6.57454128867337
room6,all_sensor,3,2025-08-05,growth (<=70 d),-8.383633775908269
room6,all_sensor,3,2025-08-06,growth (<=70 d),-8.205775696205299
room6,all_sensor,3,2025-08-07,growth (<=70 d),-8.156539471380995
room6,all_sensor,3,2025-08-08,growth (<=70 d),-8.378776551051303
room6,all_sensor,3,2025-08-09,growth (<=70 d),-8.411596546877297
room6,all_sensor,3,2025-08-10,growth (<=70 d),-9.067061469376549
room6,all_sensor,3,2025-08-11,growth (<=70 d),-9.421959025712386
room6,all_sensor,3,2025-08-12,growth (<=70 d),-11.076655586157532
room6,all_sensor,3,2025-08-13,growth (<=70 d),-11.872152503349605
room6,all_sensor,3,2025-08-14,plateau (>70 d),-13.128692114316197
room6,all_sensor,3,2025-08-16,plateau (>70 d),-19.363724691522943
room6,all_sensor,3,2025-08-17,plateau (>70 d),-18.575405737475386
room6,all_sensor,3,2025-08-26,plateau (>70 d),-24.202528596378194
room6,all_sensor,3,2025-08-27,plateau (>70 d),-19.73544865197756
room6,all_sensor,3,2025-08-28,plateau (>70 d),-19.49015542505441
room6,all_sensor,3,2025-08-29,plateau (>70 d),-18.660849414714626
room6,all_sensor,3,2025-08-30,plateau (>70 d),-20.41536911607886
room6,all_sensor,3,2025-08-31,plateau (>70 d),-20.738822055462908
room6,all_sensor,3,2025-09-01,plateau (>70 d),-19.252607557666373
room6,all_sensor,3,2025-09-08,plateau (>70 d),-48.57218355684087
room6,all_sensor,3,2025-09-09,plateau (>70 d),-20.703250990156235
room6,all_sensor,3,2025-09-10,plateau (>70 d),-18.785280442667567
room6,all_sensor,3,2025-09-11,plateau (>70 d),-19.740887885162696
room6,all_sensor,3,2025-10-04,plateau (>70 d),-17.41655699384431
room6,all_sensor,3,2025-10-05,plateau (>70 d),-26.0500238234513
room6,all_sensor,3,2025-10-06,plateau (>70 d),-29.693159159082
room6,all_sensor,3,2025-10-07,plateau (>70 d),-26.909517408127222
room6,all_sensor,3,2025-10-08,plateau (>70 d),-23.87243461594808
room6,all_sensor,3,2025-10-09,plateau (>70 d),-20.925662317017313
room6,all_sensor,3,2025-10-12,plateau (>70 d),-20.078423981414588
room6,all_sensor,3,2025-10-15,plateau (>70 d),-26.284741662543023
room6,all_sensor,3,2025-10-16,plateau (>70 d),-34.53065157323928
room6,all_sensor,3,2025-10-17,plateau (>70 d),-18.4320649434501
room6,all_sensor,3,2025-10-18,plateau (>70 d),-29.47307929703338
room6,all_sensor,3,2025-10-19,plateau (>70 d),-29.664565088303323
room6,all_sensor,3,2025-10-20,plateau (>70 d),-29.80173306089171
room6,all_sensor,3,2025-10-21,plateau (>70 d),-29.501940163812215
room6,all_sensor,3,2025-10-22,plateau (>70 d),-33.85256394917883
room6,all_sensor,3,2025-10-23,plateau (>70 d),-33.62763354352286
room6,all_sensor,3,2025-10-30,plateau (>70 d),-30.96341443086804
room6,all_sensor,3,2025-10-31,plateau (>70 d),-28.728306429880313
room6,all_sensor,3,2025-11-03,plateau (>70 d),-29.39336592631406
room6,all_sensor,3,2025-11-06,plateau (>70 d),-18.11003850156691
room6,all_sensor,3,2025-11-08,plateau (>70 d),-16.60204663864704
room6,all_sensor,3,2025-11-09,plateau (>70 d),-27.27111054398083
room6,all_sensor,3,2025-11-10,plateau (>70 d),-26.342411494158455
room6,all_sensor,3,2025-11-11,plateau (>70 d),-21.09727173377373
room6,all_sensor,3,2025-11-12,plateau (>70 d),-24.717330074202962
room6,all_sensor,3,2025-11-13,plateau (>70 d),-29.202712877402597
room6,all_sensor,3,2025-11-14,plateau (>70 d),-27.372487626905183
room6,all_sensor,3,2025-11-17,plateau (>70 d),-33.07733480567377
room6,all_sensor,3,2025-11-20,plateau (>70 d),-24.73368651305468
room6,all_sensor,3,2025-11-21,plateau (>70 d),-31.31329584654526
room6,all_sensor,3,2025-11-22,plateau (>70 d),-30.769309684461845
room6,all_sensor,3,2025-11-23,plateau (>70 d),-45.182329397761066
room6,all_sensor,3,2025-11-24,plateau (>70 d),-37.828116794482995
room6,all_sensor,3,2025-11-25,plateau (>70 d),-32.34437622593029
room6,all_sensor,3,2025-11-26,plateau (>70 d),-32.82025872944122
room6,all_sensor,3,2025-11-27,plateau (>70 d),-39.02714882420812
room6,all_sensor,3,2025-11-28,plateau (>70 d),-34.35358373785016
room6,all_sensor,3,2025-11-29,plateau (>70 d),-28.834525718111752
room6,all_sensor,3,2025-11-30,plateau (>70 d),-23.059931124356936
room6,all_sensor,5,2025-07-24,growth (<=70 d),-9.976282021793146
room6,all_sensor,5,2025-07-25,growth (<=70 d),-10.625096894883825
room6,all_sensor,5,2025-07-27,growth (<=70 d),-10.900107743734083
room6,all_sensor,5,2025-07-28,growth (<=70 d),-9.674498442559656
room6,all_sensor,5,2025-07-29,growth (<=70 d),-11.455777521948521
room6,all_sensor,5,2025-07-30,growth (<=70 d),-9.551851411363039
room6,all_sensor,5,2025-08-01,growth (<=70 d),-9.886807888557401
room6,all_sensor,5,2025-08-02,growth (<=70 d),-9.72462516715397
room6,all_sensor,5,2025-08-03,growth (<=70 d),-12.362223447335108
room6,all_sensor,5,2025-08-04,growth (<=70 d),-10.135114155737096
room6,all_sensor,5,2025-08-05,growth (<=70 d),-11.13421603185883
room6,all_sensor,5,2025-08-06,growth (<=70 d),-8.476411168951726
room6,all_sensor,5,2025-08-07,growth (<=70 d),-10.285503656186627
room6,all_sensor,5,2025-08-08,growth (<=70 d),-10.107645576483662
room6,all_sensor,5,2025-08-09,growth (<=70 d),-10.690308170430912
room6,all_sensor,5,2025-08-10,growth (<=70 d),-11.665383487179895
room6,all_sensor,5,2025-08-11,growth (<=70 d),-12.062607971387536
room6,all_sensor,5,2025-08-12,growth (<=70 d),-12.718072893886788
room6,all_sensor,5,2025-08-13,growth (<=70 d),-13.072970450222623
room6,all_sensor,5,2025-08-14,plateau (>70 d),-14.727667010667771
room6,all_sensor,5,2025-08-16,plateau (>70 d),-16.779703538826436
room6,all_sensor,5,2025-08-17,plateau (>70 d),-18.310217332594945
room6,all_sensor,5,2025-08-18,plateau (>70 d),-23.014736116033184
room6,all_sensor,5,2025-08-23,plateau (>70 d),-21.754868635264003
room6,all_sensor,5,2025-08-28,plateau (>70 d),-27.66638516896333
room6,all_sensor,5,2025-08-29,plateau (>70 d),-22.364354469575808
room6,all_sensor,5,2025-08-30,plateau (>70 d),-21.246931555975035
room6,all_sensor,5,2025-08-31,plateau (>70 d),-19.89817064066806
room6,all_sensor,5,2025-09-01,plateau (>70 d),-21.626765261371695
room6,all_sensor,5,2025-09-05,plateau (>70 d),-14.590217549811946
room6,all_sensor,5,2025-09-06,plateau (>70 d),-20.101133810584145
room6,all_sensor,5,2025-09-10,plateau (>70 d),1.8142257170873677
room6,all_sensor,5,2025-09-11,plateau (>70 d),-23.673362660831113
room6,all_sensor,5,2025-09-22,plateau (>70 d),-17.19378993277916
room6,all_sensor,5,2025-09-23,plateau (>70 d),-21.89022569901141
room6,all_sensor,5,2025-09-24,plateau (>70 d),-16.443819204856958
room6,all_sensor,5,2025-10-06,plateau (>70 d),-20.385975937210652
room6,all_sensor,5,2025-10-07,plateau (>70 d),-29.019442766817647
room6,all_sensor,5,2025-10-08,plateau (>70 d),-32.076660526449174
room6,all_sensor,5,2025-10-09,plateau (>70 d),-23.3974451508008
room6,all_sensor,5,2025-10-12,plateau (>70 d),-31.39116637267722
room6,all_sensor,5,2025-10-13,plateau (>70 d),-33.860873891676896
room6,all_sensor,5,2025-10-14,plateau (>70 d),-21.416367597888215
room6,all_sensor,5,2025-10-17,plateau (>70 d),-21.69855368269413
room6,all_sensor,5,2025-10-18,plateau (>70 d),-35.925264472982846
room6,all_sensor,5,2025-10-19,plateau (>70 d),-19.473712765076357
room6,all_sensor,5,2025-10-20,plateau (>70 d),-24.936326922054867
room6,all_sensor,5,2025-10-21,plateau (>70 d),-30.68798520239381
room6,all_sensor,5,2025-10-22,plateau (>70 d),-30.825153174982198
room6,all_sensor,5,2025-10-23,plateau (>70 d),-32.76374117378985
room6,all_sensor,5,2025-10-27,plateau (>70 d),-33.98901707322533
room6,all_sensor,5,2025-10-28,plateau (>70 d),-37.10515138234938
room6,all_sensor,5,2025-11-03,plateau (>70 d),-30.92274687946625
room6,all_sensor,5,2025-11-05,plateau (>70 d),-28.936092413839667
room6,all_sensor,5,2025-11-08,plateau (>70 d),-20.17896530850344
room6,all_sensor,5,2025-11-10,plateau (>70 d),-19.564214606649898
room6,all_sensor,5,2025-11-11,plateau (>70 d),-29.611018827706683
room6,all_sensor,5,2025-11-12,plateau (>70 d),-25.705631521497715
room6,all_sensor,5,2025-11-13,plateau (>70 d),-23.43718001749959
room6,all_sensor,5,2025-11-14,plateau (>70 d),-25.966358127653404
room6,all_sensor,5,2025-11-17,plateau (>70 d),-28.550708400384814
room6,all_sensor,5,2025-11-18,plateau (>70 d),-27.1131151477582
room6,all_sensor,5,2025-11-19,plateau (>70 d),-30.30428233446392
room6,all_sensor,5,2025-11-22,plateau (>70 d),-24.316534314779375
room6,all_sensor,5,2025-11-23,plateau (>70 d),-30.896143648269955
room6,all_sensor,5,2025-11-24,plateau (>70 d),-31.580341609190214
room6,all_sensor,5,2025-11-25,plateau (>70 d),-44.76517719948576
room6,all_sensor,5,2025-11-26,plateau (>70 d),-31.889298830657726
room6,all_sensor,5,2025-11-27,plateau (>70 d),-33.338217267456564
room6,all_sensor,5,2025-11-28,plateau (>70 d),-37.02281104981417
room6,all_sensor,5,2025-11-29,plateau (>70 d),-41.99638040145656
room6,all_sensor,5,2025-11-30,plateau (>70 d),-29.18036687550586
room6,all_sensor,7,2025-07-27,growth (<=70 d),-13.097618898825283
room6,all_sensor,7,2025-07-28,growth (<=70 d),-13.775999322789382
room6,all_sensor,7,2025-07-29,growth (<=70 d),-13.303221710534377
room6,all_sensor,7,2025-07-30,growth (<=70 d),-11.921137314217802
room6,all_sensor,7,2025-07-31,growth (<=70 d),-13.500310433142651
room6,all_sensor,7,2025-08-01,growth (<=70 d),-11.453721291641395
room6,all_sensor,7,2025-08-03,growth (<=70 d),-11.788677768835758
room6,all_sensor,7,2025-08-04,growth (<=70 d),-11.626495047432325
room6,all_sensor,7,2025-08-05,growth (<=70 d),-14.264093327613462
room6,all_sensor,7,2025-08-06,growth (<=70 d),-12.036984036015452
room6,all_sensor,7,2025-08-07,growth (<=70 d),-13.036085912137189
room6,all_sensor,7,2025-08-08,growth (<=70 d),-10.37828104923009
room6,all_sensor,7,2025-08-09,growth (<=70 d),-12.843301615551939
room6,all_sensor,7,2025-08-10,growth (<=70 d),-13.357812063774098
room6,all_sensor,7,2025-08-11,growth (<=70 d),-14.341319594941151
room6,all_sensor,7,2025-08-12,growth (<=70 d),-15.316394911690134
room6,all_sensor,7,2025-08-13,growth (<=70 d),-15.713619395897775
room6,all_sensor,7,2025-08-14,plateau (>70 d),-16.369084318397025
room6,all_sensor,7,2025-08-16,plateau (>70 d),-18.37867843517801
room6,all_sensor,7,2025-08-17,plateau (>70 d),-19.17417535237008
room6,all_sensor,7,2025-08-18,plateau (>70 d),-20.430714963336676
room6,all_sensor,7,2025-08-23,plateau (>70 d),-23.821021648482755
room6,all_sensor,7,2025-08-24,plateau (>70 d),-26.299686329499202
room6,all_sensor,7,2025-08-25,plateau (>70 d),-25.21872520784914
room6,all_sensor,7,2025-08-30,plateau (>70 d),-29.46034023157469
room6,all_sensor,7,2025-08-31,plateau (>70 d),-23.60167569552924
room6,all_sensor,7,2025-09-01,plateau (>70 d),-22.521431713619204
room6,all_sensor,7,2025-09-05,plateau (>70 d),-20.634672247820724
room6,all_sensor,7,2025-09-06,plateau (>70 d),-19.42118255390003
room6,all_sensor,7,2025-09-07,plateau (>70 d),-22.25669185797798
room6,all_sensor,7,2025-09-08,plateau (>70 d),-21.340346516438736
room6,all_sensor,7,2025-09-17,plateau (>70 d),-26.26506528722708
room6,all_sensor,7,2025-09-18,plateau (>70 d),-28.016445645772155
room6,all_sensor,7,2025-09-24,plateau (>70 d),10.116793915360892
room6,all_sensor,7,2025-10-01,plateau (>70 d),-28.032530465894908
room6,all_sensor,7,2025-10-08,plateau (>70 d),-23.010737482930423
room6,all_sensor,7,2025-10-09,plateau (>70 d),-31.27282351754998
room6,all_sensor,7,2025-10-12,plateau (>70 d),-30.846347749250018
room6,all_sensor,7,2025-10-13,plateau (>70 d),-27.354604586788536
room6,all_sensor,7,2025-10-14,plateau (>70 d),-31.147228275181053
room6,all_sensor,7,2025-10-15,plateau (>70 d),-35.53247497476534
room6,all_sensor,7,2025-10-16,plateau (>70 d),-22.731431032551008
room6,all_sensor,7,2025-10-19,plateau (>70 d),-22.761467163112115
room6,all_sensor,7,2025-10-20,plateau (>70 d),-36.741541169242176
room6,all_sensor,7,2025-10-21,plateau (>70 d),-20.49713287916684
room6,all_sensor,7,2025-10-22,plateau (>70 d),-25.95974703614535
room6,all_sensor,7,2025-10-23,plateau (>70 d),-38.47249806843682
room6,all_sensor,7,2025-10-27,plateau (>70 d),-35.17042272964115
room6,all_sensor,7,2025-10-28,plateau (>70 d),-29.57367108216962
room6,all_sensor,7,2025-10-29,plateau (>70 d),-33.125464890833825
room6,all_sensor,7,2025-10-30,plateau (>70 d),-37.08013041409572
room6,all_sensor,7,2025-11-03,plateau (>70 d),-34.33039631800902
room6,all_sensor,7,2025-11-05,plateau (>70 d),-27.56048598433994
room6,all_sensor,7,2025-11-06,plateau (>70 d),-22.279513361227366
room6,all_sensor,7,2025-11-07,plateau (>70 d),-29.797919915078324
room6,all_sensor,7,2025-11-10,plateau (>70 d),-22.518873592229294
room6,all_sensor,7,2025-11-12,plateau (>70 d),-21.28186320609875
room6,all_sensor,7,2025-11-13,plateau (>70 d),-31.95092711143254
room6,all_sensor,7,2025-11-14,plateau (>70 d),-18.811146563354455
room6,all_sensor,7,2025-11-17,plateau (>70 d),-32.90607052414555
room6,all_sensor,7,2025-11-18,plateau (>70 d),-27.98638838145935
room6,all_sensor,7,2025-11-19,plateau (>70 d),-26.67968407716188
room6,all_sensor,7,2025-11-20,plateau (>70 d),-26.695962949482894
room6,all_sensor,7,2025-11-21,plateau (>70 d),-29.88713013618861
room6,all_sensor,7,2025-11-24,plateau (>70 d),-23.552054603738526
room6,all_sensor,7,2025-11-25,plateau (>70 d),-30.47899144999465
room6,all_sensor,7,2025-11-26,plateau (>70 d),-29.935005287911235
room6,all_sensor,7,2025-11-27,plateau (>70 d),-45.61791891703186
room6,all_sensor,7,2025-11-28,plateau (>70 d),-37.37243947371588
room6,all_sensor,7,2025-11-29,plateau (>70 d),-36.30744884470501
room6,all_sensor,7,2025-11-30,plateau (>70 d),-29.72977040708652
room6,all_sensor,10,2025-07-29,growth (<=70 d),-16.219012929608475
room6,all_sensor,10,2025-07-30,growth (<=70 d),-16.47205205215061
room6,all_sensor,10,2025-07-31,growth (<=70 d),-17.021127478225296
room6,all_sensor,10,2025-08-01,growth (<=70 d),-16.227358046409798
room6,all_sensor,10,2025-08-02,growth (<=70 d),-14.773942134635337
room6,all_sensor,10,2025-08-03,growth (<=70 d),-16.353115253560187
room6,all_sensor,10,2025-08-04,growth (<=70 d),-14.306526112058929
room6,all_sensor,10,2025-08-06,growth (<=70 d),-14.641482589253291
room6,all_sensor,10,2025-08-07,growth (<=70 d),-14.47929986784986
room6,all_sensor,10,2025-08-08,growth (<=70 d),-17.11689814803099
room6,all_sensor,10,2025-08-09,growth (<=70 d),-15.375460159421676
room6,all_sensor,10,2025-08-10,growth (<=70 d),-17.41938958375762
room6,all_sensor,10,2025-08-11,growth (<=70 d),-15.344631902261153
room6,all_sensor,10,2025-08-12,growth (<=70 d),-18.319818752317296
room6,all_sensor,10,2025-08-13,growth (<=70 d),-18.834329200539457
room6,all_sensor,10,2025-08-14,plateau (>70 d),-19.817836731706507
room6,all_sensor,10,2025-08-16,plateau (>70 d),-21.190136532663132
room6,all_sensor,10,2025-08-17,plateau (>70 d),-21.84560145516238
room6,all_sensor,10,2025-08-18,plateau (>70 d),-22.20049901149822
room6,all_sensor,10,2025-08-23,plateau (>70 d),-31.71336814164709
room6,all_sensor,10,2025-08-24,plateau (>70 d),-30.819774583391666
room6,all_sensor,10,2025-08-26,plateau (>70 d),-29.01680650736046
room6,all_sensor,10,2025-08-27,plateau (>70 d),-31.49547118837691
room6,all_sensor,10,2025-08-28,plateau (>70 d),-30.414510066726848
room6,all_sensor,10,2025-09-05,plateau (>70 d),-8.67168108567764
room6,all_sensor,10,2025-09-06,plateau (>70 d),-24.745993406915876
room6,all_sensor,10,2025-09-07,plateau (>70 d),-25.069446346299923
room6,all_sensor,10,2025-09-08,plateau (>70 d),-24.20516064320409
room6,all_sensor,10,2025-09-09,plateau (>70 d),-16.836389825717205
room6,all_sensor,10,2025-09-10,plateau (>70 d),-24.173833321755765
room6,all_sensor,10,2025-09-11,plateau (>70 d),-23.256321478875304
room6,all_sensor,10,2025-09-17,plateau (>70 d),-18.930093934565683
room6,all_sensor,10,2025-09-18,plateau (>70 d),-23.96071029936204
room6,all_sensor,10,2025-10-02,plateau (>70 d),26.06417148498246
room6,all_sensor,10,2025-10-03,plateau (>70 d),-31.32500177327806
room6,all_sensor,10,2025-10-04,plateau (>70 d),-31.66642303311629
room6,all_sensor,10,2025-10-12,plateau (>70 d),-32.54836153182724
room6,all_sensor,10,2025-10-13,plateau (>70 d),-34.978268962507215
room6,all_sensor,10,2025-10-14,plateau (>70 d),-31.645612988653482
room6,all_sensor,10,2025-10-15,plateau (>70 d),-28.506098069259274
room6,all_sensor,10,2025-10-16,plateau (>70 d),-32.923950098648625
room6,all_sensor,10,2025-10-17,plateau (>70 d),-32.12129431076893
room6,all_sensor,10,2025-10-18,plateau (>70 d),-27.37686801377382
room6,all_sensor,10,2025-10-19,plateau (>70 d),-24.479217791604043
room6,all_sensor,10,2025-10-22,plateau (>70 d),-24.296597334247846
room6,all_sensor,10,2025-10-23,plateau (>70 d),-36.52250831407323
room6,all_sensor,10,2025-10-27,plateau (>70 d),-36.72702111784056
room6,all_sensor,10,2025-10-28,plateau (>70 d),-31.770039370209282
room6,all_sensor,10,2025-10-29,plateau (>70 d),-35.1959637696376
room6,all_sensor,10,2025-10-30,plateau (>70 d),-35.253335305356444
room6,all_sensor,10,2025-10-31,plateau (>70 d),-30.98537636874017
room6,all_sensor,10,2025-11-06,plateau (>70 d),-29.93959028275922
room6,all_sensor,10,2025-11-07,plateau (>70 d),-29.418686261598566
room6,all_sensor,10,2025-11-08,plateau (>70 d),-23.819472510326406
room6,all_sensor,10,2025-11-09,plateau (>70 d),-25.44449027090248
room6,all_sensor,10,2025-11-10,plateau (>70 d),-33.30778234066711
room6,all_sensor,10,2025-11-13,plateau (>70 d),-26.02873601781808
room6,all_sensor,10,2025-11-17,plateau (>70 d),-35.40985452192578
room6,all_sensor,10,2025-11-18,plateau (>70 d),-26.88804501790131
room6,all_sensor,10,2025-11-19,plateau (>70 d),-29.116050904491864
room6,all_sensor,10,2025-11-20,plateau (>70 d),-32.28034222673259
room6,all_sensor,10,2025-11-21,plateau (>70 d),-27.360660084046394
room6,all_sensor,10,2025-11-22,plateau (>70 d),-26.053955779748918
room6,all_sensor,10,2025-11-23,plateau (>70 d),-26.070234652069935
room6,all_sensor,10,2025-11-24,plateau (>70 d),-31.6173021117102
room6,all_sensor,10,2025-11-27,plateau (>70 d),-24.825746382872808
room6,all_sensor,10,2025-11-28,plateau (>70 d),-33.50861982273958
room6,all_sensor,10,2025-11-29,plateau (>70 d),-34.036104343833486
room6,all_sensor,10,2025-11-30,plateau (>70 d),-29.53772375144616
room6,all_sensor,15,2025-08-03,growth (<=70 d),-21.092573489400845
room6,all_sensor,15,2025-08-04,growth (<=70 d),-21.2267267528465
room6,all_sensor,15,2025-08-05,growth (<=70 d),-21.775802178921186
room6,all_sensor,15,2025-08-06,growth (<=70 d),-20.98203274710569
room6,all_sensor,15,2025-08-07,growth (<=70 d),-19.528616835331228
room6,all_sensor,15,2025-08-08,growth (<=70 d),-21.107789954256077
room6,all_sensor,15,2025-08-09,growth (<=70 d),-19.790009789518095
room6,all_sensor,15,2025-08-11,growth (<=70 d),-21.837667362106195
room6,all_sensor,15,2025-08-12,growth (<=70 d),-22.47717451514235
room6,all_sensor,15,2025-08-13,growth (<=70 d),-25.971167105446575
room6,all_sensor,15,2025-08-14,plateau (>70 d),-24.502988720697275
room6,all_sensor,15,2025-08-16,plateau (>70 d),-24.472160463536746
room6,all_sensor,15,2025-08-17,plateau (>70 d),-27.447347313592893
room6,all_sensor,15,2025-08-18,plateau (>70 d),-27.961857761815054
room6,all_sensor,15,2025-08-23,plateau (>70 d),-30.883534799451702
room6,all_sensor,15,2025-08-24,plateau (>70 d),-32.44075487451919
room6,all_sensor,15,2025-08-25,plateau (>70 d),-33.13877530633361
room6,all_sensor,15,2025-08-26,plateau (>70 d),-34.32513184782829
room6,all_sensor,15,2025-08-27,plateau (>70 d),-35.746471977973826
room6,all_sensor,15,2025-08-28,plateau (>70 d),-40.37300957310994
room6,all_sensor,15,2025-08-29,plateau (>70 d),-38.690851412922456
room6,all_sensor,15,2025-08-31,plateau (>70 d),-34.70773414331436
room6,all_sensor,15,2025-09-01,plateau (>70 d),-33.42000545018531
room6,all_sensor,15,2025-09-07,plateau (>70 d),-34.409625135388424
room6,all_sensor,15,2025-09-08,plateau (>70 d),-28.95490523614895
room6,all_sensor,15,2025-09-09,plateau (>70 d),-21.1862021700708
room6,all_sensor,15,2025-09-10,plateau (>70 d),-26.15205235776762
room6,all_sensor,15,2025-09-11,plateau (>70 d),-27.90001419300634
room6,all_sensor,15,2025-09-22,plateau (>70 d),-19.91997050677721
room6,all_sensor,15,2025-09-23,plateau (>70 d),-25.233206227944066
room6,all_sensor,15,2025-09-24,plateau (>70 d),4.560307708925455
room6,all_sensor,15,2025-10-02,plateau (>70 d),-11.088683591372845
room6,all_sensor,15,2025-10-03,plateau (>70 d),-31.406409176653824
room6,all_sensor,15,2025-10-04,plateau (>70 d),-26.838680408024313
room6,all_sensor,15,2025-10-07,plateau (>70 d),18.640624126566593
room6,all_sensor,15,2025-10-08,plateau (>70 d),-38.266028774988726
room6,all_sensor,15,2025-10-09,plateau (>70 d),-30.019529345697876
room6,all_sensor,15,2025-10-16,plateau (>70 d),-32.909636168015716
room6,all_sensor,15,2025-10-17,plateau (>70 d),-35.7133723156531
room6,all_sensor,15,2025-10-18,plateau (>70 d),-28.444558782286894
room6,all_sensor,15,2025-10-19,plateau (>70 d),-34.48911376611042
room6,all_sensor,15,2025-10-20,plateau (>70 d),-31.37451938259357
room6,all_sensor,15,2025-10-21,plateau (>70 d),-35.658701556720615
room6,all_sensor,15,2025-10-22,plateau (>70 d),-34.70259697282898
room6,all_sensor,15,2025-10-23,plateau (>70 d),-39.60075446960144
room6,all_sensor,15,2025-10-27,plateau (>70 d),-32.756501317322396
room6,all_sensor,15,2025-10-28,plateau (>70 d),-40.37626801699258
room6,all_sensor,15,2025-10-29,plateau (>70 d),-23.66487403574291
room6,all_sensor,15,2025-10-30,plateau (>70 d),-28.119686730853026
room6,all_sensor,15,2025-10-31,plateau (>70 d),-31.348298030927268
room6,all_sensor,15,2025-11-03,plateau (>70 d),-43.97953831735816
room6,all_sensor,15,2025-11-05,plateau (>70 d),-30.92282394810602
room6,all_sensor,15,2025-11-06,plateau (>70 d),-32.146380437630995
room6,all_sensor,15,2025-11-07,plateau (>70 d),-37.86663437548743
room6,all_sensor,15,2025-11-11,plateau (>70 d),-35.44447547616019
room6,all_sensor,15,2025-11-12,plateau (>70 d),-35.18027478213452
room6,all_sensor,15,2025-11-13,plateau (>70 d),-29.669243219641046
room6,all_sensor,15,2025-11-14,plateau (>70 d),-24.4693300626705
room6,all_sensor,15,2025-11-18,plateau (>70 d),-29.437359425360864
room6,all_sensor,15,2025-11-20,plateau (>70 d),-25.472007937249995
room6,all_sensor,15,2025-11-21,plateau (>70 d),-34.819980361624886
room6,all_sensor,15,2025-11-22,plateau (>70 d),-29.363746534290257
room6,all_sensor,15,2025-11-23,plateau (>70 d),-25.845164522213047
room6,all_sensor,15,2025-11-24,plateau (>70 d),-33.75772435217202
room6,all_sensor,15,2025-11-25,plateau (>70 d),-31.237461731044327
room6,all_sensor,15,2025-11-26,plateau (>70 d),-26.317779588358125
room6,all_sensor,15,2025-11-27,plateau (>70 d),-26.35151886187212
room6,all_sensor,15,2025-11-28,plateau (>70 d),-30.44244391325375
room6,all_sensor,15,2025-11-29,plateau (>70 d),-32.9453486964226
room6,all_sensor,20,2025-08-08,growth (<=70 d),-25.847248190096728
room6,all_sensor,20,2025-08-09,growth (<=70 d),-26.564448634953028
room6,all_sensor,20,2025-08-10,growth (<=70 d),-27.95165438430548
room6,all_sensor,20,2025-08-11,growth (<=70 d),-28.14177707112042
room6,all_sensor,20,2025-08-12,growth (<=70 d),-27.59937238030007
room6,all_sensor,20,2025-08-13,growth (<=70 d),-29.7980331294737
room6,all_sensor,20,2025-08-14,plateau (>70 d),-28.91753835079369
room6,all_sensor,20,2025-08-16,plateau (>70 d),-30.965195923381792
room6,all_sensor,20,2025-08-17,plateau (>70 d),-31.604703076417948
room6,all_sensor,20,2025-08-18,plateau (>70 d),-35.09869566672217
room6,all_sensor,20,2025-08-23,plateau (>70 d),-36.66438884684406
room6,all_sensor,20,2025-08-24,plateau (>70 d),-37.53482365497304
room6,all_sensor,20,2025-08-25,plateau (>70 d),-38.43191778341989
room6,all_sensor,20,2025-08-26,plateau (>70 d),-38.7433629604952
room6,all_sensor,20,2025-08-27,plateau (>70 d),-39.28965421937147
room6,all_sensor,20,2025-08-28,plateau (>70 d),-39.54317623091455
room6,all_sensor,20,2025-08-29,plateau (>70 d),-40.21905939794031
room6,all_sensor,20,2025-08-30,plateau (>70 d),-39.75742600338406
room6,all_sensor,20,2025-08-31,plateau (>70 d),-39.91160106372244
room6,all_sensor,20,2025-09-01,plateau (>70 d),-38.68550316083642
room6,all_sensor,20,2025-09-05,plateau (>70 d),-36.954575107432014
room6,all_sensor,20,2025-09-06,plateau (>70 d),-39.21282036895337
room6,all_sensor,20,2025-09-07,plateau (>70 d),-36.972205420932625
room6,all_sensor,20,2025-09-17,plateau (>70 d),-33.24952628436449
room6,all_sensor,20,2025-09-18,plateau (>70 d),-32.6720610680529
room6,all_sensor,20,2025-09-19,plateau (>70 d),-17.66394892267912
room6,all_sensor,20,2025-10-01,plateau (>70 d),-35.83570610863025
room6,all_sensor,20,2025-10-07,plateau (>70 d),-18.512230949788712
room6,all_sensor,20,2025-10-08,plateau (>70 d),-38.278504698835164
room6,all_sensor,20,2025-10-09,plateau (>70 d),-33.167958647693204
room6,all_sensor,20,2025-10-12,plateau (>70 d),-5.017441309861814
room6,all_sensor,20,2025-10-13,plateau (>70 d),-42.366907051693815
room6,all_sensor,20,2025-10-14,plateau (>70 d),-41.443583051281564
room6,all_sensor,20,2025-10-21,plateau (>70 d),-35.668691236135395
room6,all_sensor,20,2025-10-22,plateau (>70 d),-38.29622621092701
room6,all_sensor,20,2025-10-23,plateau (>70 d),-39.0555979747815
room6,all_sensor,20,2025-10-27,plateau (>70 d),-39.574186012380515
room6,all_sensor,20,2025-10-28,plateau (>70 d),-41.43448217432774
room6,all_sensor,20,2025-10-29,plateau (>70 d),-28.783106784499605
room6,all_sensor,20,2025-11-03,plateau (>70 d),-28.250092558253513
room6,all_sensor,20,2025-11-05,plateau (>70 d),-33.8203913679145
room6,all_sensor,20,2025-11-06,plateau (>70 d),-33.36781123168431
room6,all_sensor,20,2025-11-07,plateau (>70 d),-32.580791722763564
room6,all_sensor,20,2025-11-08,plateau (>70 d),-35.950015991891064
room6,all_sensor,20,2025-11-09,plateau (>70 d),-37.503673088664314
room6,all_sensor,20,2025-11-10,plateau (>70 d),-35.39305259376596
room6,all_sensor,20,2025-11-11,plateau (>70 d),-37.799073709280684
room6,all_sensor,20,2025-11-12,plateau (>70 d),-43.71640508480207
room6,all_sensor,20,2025-11-17,plateau (>70 d),-41.45967189258445
room6,all_sensor,20,2025-11-18,plateau (>70 d),-33.27890228732974
room6,all_sensor,20,2025-11-19,plateau (>70 d),-33.41051228682184
room6,all_sensor,20,2025-11-20,plateau (>70 d),-39.31168053193195
room6,all_sensor,20,2025-11-23,plateau (>70 d),-28.394478929672598
room6,all_sensor,20,2025-11-25,plateau (>70 d),-24.42912744156173
room6,all_sensor,20,2025-11-26,plateau (>70 d),-33.77709986593662
room6,all_sensor,20,2025-11-27,plateau (>70 d),-29.73185927840357
room6,all_sensor,20,2025-11-28,plateau (>70 d),-27.912818949617545
room6,all_sensor,20,2025-11-29,plateau (>70 d),-31.68656760446048
room6,all_sensor,20,2025-11-30,plateau (>70 d),-41.54877851471467
room6,both,0,2025-07-19,growth (<=70 d),-3.9383529158558206
room6,both,0,2025-07-20,growth (<=70 d),-4.299659406997689
room6,both,0,2025-07-21,growth (<=70 d),-5.12217230899428
room6,both,0,2025-07-22,growth (<=70 d),-4.649394696739277
room6,both,0,2025-07-23,growth (<=70 d),-3.493193432706012
room6,both,0,2025-07-24,growth (<=70 d),-5.154390716446104
room6,both,0,2025-07-25,growth (<=70 d),-4.064932980549287
room6,both,0,2025-07-27,growth (<=70 d),-4.699824180249313
room6,both,0,2025-07-28,growth (<=70 d),-4.6014043032589935
room6,both,0,2025-07-29,growth (<=70 d),-7.559994403000626
room6,both,0,2025-07-30,growth (<=70 d),-5.380439455041206
room6,both,0,2025-07-31,growth (<=70 d),-6.379541331162941
room6,both,0,2025-08-01,growth (<=70 d),-3.721736468255836
room6,both,0,2025-08-02,growth (<=70 d),-5.530828955490736
room6,both,0,2025-08-03,growth (<=70 d),-5.352970875787765
room6,both,0,2025-08-04,growth (<=70 d),-5.30373465096346
room6,both,0,2025-08-05,growth (<=70 d),-5.525971730633775
room6,both,0,2025-08-06,growth (<=70 d),-5.121506340401792
room6,both,0,2025-08-07,growth (<=70 d),-4.756638695432435
room6,both,0,2025-08-08,growth (<=70 d),-4.164084581976013
room6,both,0,2025-08-09,growth (<=70 d),-5.600138449392174
room6,both,0,2025-08-10,growth (<=70 d),-6.395635366584247
room6,both,0,2025-08-11,growth (<=70 d),-7.652174977550839
room6,both,0,2025-08-12,growth (<=70 d),-9.182688771319349
room6,both,0,2025-08-13,growth (<=70 d),-13.887207554757586
room6,both,0,2025-08-14,plateau (>70 d),-13.09888860071003
room6,both,0,2025-08-16,plateau (>70 d),-11.479176317188822
room6,both,0,2025-08-17,plateau (>70 d),-14.047519364752715
room6,both,0,2025-08-18,plateau (>70 d),-13.064034728480308
room6,both,0,2025-08-23,plateau (>70 d),-19.006743737500486
room6,both,0,2025-08-24,plateau (>70 d),-14.539663793099852
room6,both,0,2025-08-25,plateau (>70 d),-14.294370566176706
room6,both,0,2025-08-26,plateau (>70 d),-14.30001531082381
room6,both,0,2025-08-27,plateau (>70 d),-16.98225807328458
room6,both,0,2025-08-28,plateau (>70 d),-18.604523298203794
room6,both,0,2025-08-29,plateau (>70 d),-20.23629102275819
room6,both,0,2025-08-30,plateau (>70 d),-15.090558263063016
room6,both,0,2025-08-31,plateau (>70 d),-17.92606756714097
room6,both,0,2025-09-01,plateau (>70 d),-16.982053220159862
room6,both,0,2025-09-05,plateau (>70 d),-14.469805201967311
room6,both,0,2025-09-06,plateau (>70 d),-19.260919966315
room6,both,0,2025-09-07,plateau (>70 d),-16.8650809976474
room6,both,0,2025-09-08,plateau (>70 d),-17.440183033562434
room6,both,0,2025-09-09,plateau (>70 d),-8.950527791389147
room6,both,0,2025-09-10,plateau (>70 d),-18.383614071837783
room6,both,0,2025-09-11,plateau (>70 d),-19.929896381872066
room6,both,0,2025-09-17,plateau (>70 d),-14.7239772724437
room6,both,0,2025-09-18,plateau (>70 d),-20.61772977042938
room6,both,0,2025-09-19,plateau (>70 d),-14.9808457745441
room6,both,0,2025-09-22,plateau (>70 d),-13.388128977831224
room6,both,0,2025-09-23,plateau (>70 d),-23.437017066658665
room6,both,0,2025-09-24,plateau (>70 d),-21.022546793337682
room6,both,0,2025-10-01,plateau (>70 d),-17.77340222405219
room6,both,0,2025-10-02,plateau (>70 d),-21.59589540840178
room6,both,0,2025-10-03,plateau (>70 d),-25.239030744032483
room6,both,0,2025-10-04,plateau (>70 d),-22.455388993077705
room6,both,0,2025-10-05,plateau (>70 d),-19.95727631205874
room6,both,0,2025-10-06,plateau (>70 d),-17.983297053604495
room6,both,0,2025-10-07,plateau (>70 d),-27.23439494559954
room6,both,0,2025-10-08,plateau (>70 d),-30.929752953445572
room6,both,0,2025-10-09,plateau (>70 d),-18.105828829420396
room6,both,0,2025-10-12,plateau (>70 d),-24.312146510548835
room6,both,0,2025-10-13,plateau (>70 d),-30.293100438587974
room6,both,0,2025-10-14,plateau (>70 d),-16.395122551506663
room6,both,0,2025-10-15,plateau (>70 d),-22.007146583601347
room6,both,0,2025-10-16,plateau (>70 d),-27.935006036786056
room6,both,0,2025-10-17,plateau (>70 d),-28.23622337719636
room6,both,0,2025-10-18,plateau (>70 d),-28.224338653323017
room6,both,0,2025-10-19,plateau (>70 d),-32.317433778043096
room6,both,0,2025-10-20,plateau (>70 d),-30.78378663683375
room6,both,0,2025-10-21,plateau (>70 d),-24.76088916939024
room6,both,0,2025-10-22,plateau (>70 d),-31.20882588346343
room6,both,0,2025-10-23,plateau (>70 d),-33.27352175830994
room6,both,0,2025-10-27,plateau (>70 d),-31.806141507176527
room6,both,0,2025-10-28,plateau (>70 d),-28.711390257817673
room6,both,0,2025-10-29,plateau (>70 d),-27.583638656972298
room6,both,0,2025-10-30,plateau (>70 d),-22.55035502429649
room6,both,0,2025-10-31,plateau (>70 d),-28.4643206102361
room6,both,0,2025-11-03,plateau (>70 d),-23.099702517388447
room6,both,0,2025-11-05,plateau (>70 d),-15.143255320406226
room6,both,0,2025-11-06,plateau (>70 d),-24.106133634305714
room6,both,0,2025-11-07,plateau (>70 d),-22.83254906856967
room6,both,0,2025-11-08,plateau (>70 d),-17.58740930818495
room6,both,0,2025-11-09,plateau (>70 d),-21.20746764861418
room6,both,0,2025-11-10,plateau (>70 d),-23.84311711768671
room6,both,0,2025-11-11,plateau (>70 d),-21.864504749919725
room6,both,0,2025-11-12,plateau (>70 d),-22.338402006914656
room6,both,0,2025-11-13,plateau (>70 d),-23.79064988027797
room6,both,0,2025-11-14,plateau (>70 d),-26.157432697588185
room6,both,0,2025-11-17,plateau (>70 d),-25.012087297702095
room6,both,0,2025-11-18,plateau (>70 d),-31.93902414395822
room6,both,0,2025-11-19,plateau (>70 d),-31.395037981874808
room6,both,0,2025-11-20,plateau (>70 d),-45.80805769517403
room6,both,0,2025-11-21,plateau (>70 d),-32.93217932634599
room6,both,0,2025-11-22,plateau (>70 d),-32.97010452334325
room6,both,0,2025-11-23,plateau (>70 d),-33.445987026854176
room6,both,0,2025-11-24,plateau (>70 d),-35.82256037904957
room6,both,0,2025-11-25,plateau (>70 d),-31.63365081662216
room6,both,0,2025-11-26,plateau (>70 d),-24.521777676219266
room6,both,0,2025-11-27,plateau (>70 d),-14.681465437140123
room6,both,0,2025-11-28,plateau (>70 d),-21.68798429876277
room6,both,0,2025-11-29,plateau (>70 d),-27.675134637684916
room6,both,0,2025-11-30,plateau (>70 d),-27.580390992324944
room6,morph_only,3,2025-07-22,growth (<=70 d),-6.7955142914663345
room6,morph_only,3,2025-07-23,growth (<=70 d),-5.873240848574229
room6,morph_only,3,2025-07-24,growth (<=70 d),-8.901338133847066
room6,morph_only,3,2025-07-25,growth (<=70 d),-6.84001297540145
room6,morph_only,3,2025-07-27,growth (<=70 d),-8.29097682676927
room6,morph_only,3,2025-07-28,growth (<=70 d),-7.423015253618516
room6,morph_only,3,2025-07-30,growth (<=70 d),-7.332213361773236
room6,morph_only,3,2025-07-31,growth (<=70 d),-7.6930649925326415
room6,morph_only,3,2025-08-01,growth (<=70 d),-9.341035731626656
room6,morph_only,3,2025-08-02,growth (<=70 d),-9.016403933797736
room6,morph_only,3,2025-08-03,growth (<=70 d),-9.992647115819192
room6,morph_only,3,2025-08-04,growth (<=70 d),-6.4827271940835915
room6,morph_only,3,2025-08-05,growth (<=70 d),-7.734398905345292
room6,morph_only,3,2025-08-06,growth (<=70 d),-7.771355047929857
room6,morph_only,3,2025-08-07,growth (<=70 d),-7.824282189379367
room6,morph_only,3,2025-08-08,growth (<=70 d),-7.329822022964095
room6,morph_only,3,2025-08-09,growth (<=70 d),-7.609571701509931
room6,morph_only,3,2025-08-10,growth (<=70 d),-7.980504171884955
room6,morph_only,3,2025-08-11,growth (<=70 d),-9.495271663690342
room6,morph_only,3,2025-08-12,growth (<=70 d),-10.968643959279149
room6,morph_only,3,2025-08-13,growth (<=70 d),-14.433590490231492
room6,morph_only,3,2025-08-14,plateau (>70 d),-14.803694364706567
room6,morph_only,3,2025-08-16,plateau (>70 d),-16.982928230069376
room6,morph_only,3,2025-08-17,plateau (>70 d),-17.82525495506251
room6,morph_only,3,2025-08-26,plateau (>70 d),-22.862620732006278
room6,morph_only,3,2025-08-27,plateau (>70 d),-18.68669653089786
room6,morph_only,3,2025-08-28,plateau (>70 d),-18.11169079324954
room6,morph_only,3,2025-08-29,plateau (>70 d),-20.188707631196916
room6,morph_only,3,2025-08-30,plateau (>70 d),-19.52703619885999
room6,morph_only,3,2025-08-31,plateau (>70 d),-18.54511984829916
room6,morph_only,3,2025-09-01,plateau (>70 d),-21.27578011333635
room6,morph_only,3,2025-09-08,plateau (>70 d),-20.742254715074512
room6,morph_only,3,2025-09-09,plateau (>70 d),-10.223051571291803
room6,morph_only,3,2025-09-10,plateau (>70 d),-23.266347662085575
room6,morph_only,3,2025-09-11,plateau (>70 d),-20.777080089768905
room6,morph_only,3,2025-10-04,plateau (>70 d),-24.8498716957237
room6,morph_only,3,2025-10-05,plateau (>70 d),-26.675135103856814
room6,morph_only,3,2025-10-06,plateau (>70 d),-28.873289038602792
room6,morph_only,3,2025-10-07,plateau (>70 d),-24.18559964696143
room6,morph_only,3,2025-10-08,plateau (>70 d),-26.854801096955242
room6,morph_only,3,2025-10-09,plateau (>70 d),-16.312882825007627
room6,morph_only,3,2025-10-12,plateau (>70 d),-16.793856831786215
room6,morph_only,3,2025-10-15,plateau (>70 d),-20.349538166661922
room6,morph_only,3,2025-10-16,plateau (>70 d),-22.59522905053814
room6,morph_only,3,2025-10-17,plateau (>70 d),-22.498210051086296
room6,morph_only,3,2025-10-18,plateau (>70 d),-23.41260850009269
room6,morph_only,3,2025-10-19,plateau (>70 d),-32.02538653049282
room6,morph_only,3,2025-10-20,plateau (>70 d),-26.81247450991025
room6,morph_only,3,2025-10-21,plateau (>70 d),-33.57130417332479
room6,morph_only,3,2025-10-22,plateau (>70 d),-35.22880867983753
room6,morph_only,3,2025-10-23,plateau (>70 d),-25.06454137555393
room6,morph_only,3,2025-10-30,plateau (>70 d),-32.36615135267941
room6,morph_only,3,2025-10-31,plateau (>70 d),-28.718971760935965
room6,morph_only,3,2025-11-03,plateau (>70 d),-23.057813503700206
room6,morph_only,3,2025-11-06,plateau (>70 d),-34.43027198628759
room6,morph_only,3,2025-11-08,plateau (>70 d),-24.797203375243733
room6,morph_only,3,2025-11-09,plateau (>70 d),-25.107910842525257
room6,morph_only,3,2025-11-10,plateau (>70 d),-26.29933543283404
room6,morph_only,3,2025-11-11,plateau (>70 d),-24.968659039979013
room6,morph_only,3,2025-11-12,plateau (>70 d),-34.64833435834144
room6,morph_only,3,2025-11-13,plateau (>70 d),-26.995242828512964
room6,morph_only,3,2025-11-14,plateau (>70 d),-28.442640041545097
room6,morph_only,3,2025-11-17,plateau (>70 d),-17.65808985457923
room6,morph_only,3,2025-11-20,plateau (>70 d),-45.488389019536015
room6,morph_only,3,2025-11-21,plateau (>70 d),-32.29553103972116
room6,morph_only,3,2025-11-22,plateau (>70 d),-32.265942278268916
room6,morph_only,3,2025-11-23,plateau (>70 d),-37.969821739790355
room6,morph_only,3,2025-11-24,plateau (>70 d),-32.28630955083053
room6,morph_only,3,2025-11-25,plateau (>70 d),-31.499697080694173
room6,morph_only,3,2025-11-26,plateau (>70 d),-31.48886920251707
room6,morph_only,3,2025-11-27,plateau (>70 d),-17.86705126770363
room6,morph_only,3,2025-11-28,plateau (>70 d),-22.85306536559787
room6,morph_only,3,2025-11-29,plateau (>70 d),-23.961933126246006
room6,morph_only,3,2025-11-30,plateau (>70 d),-25.309115560557203
room6,morph_only,5,2025-07-24,growth (<=70 d),-9.667082293424846
room6,morph_only,5,2025-07-25,growth (<=70 d),-8.52327354858934
room6,morph_only,5,2025-07-27,growth (<=70 d),-11.005397865417095
room6,morph_only,5,2025-07-28,growth (<=70 d),-9.717296848438451
room6,morph_only,5,2025-07-29,growth (<=70 d),-10.794711334807548
room6,morph_only,5,2025-07-30,growth (<=70 d),-9.679510171269257
room6,morph_only,5,2025-08-01,growth (<=70 d),-9.949886518834562
room6,morph_only,5,2025-08-02,growth (<=70 d),-9.687301169378241
room6,morph_only,5,2025-08-03,growth (<=70 d),-11.5698980562311
room6,morph_only,5,2025-08-04,growth (<=70 d),-10.736298411842167
room6,morph_only,5,2025-08-05,growth (<=70 d),-11.706518984756844
room6,morph_only,5,2025-08-06,growth (<=70 d),-8.544522785814122
room6,morph_only,5,2025-08-07,growth (<=70 d),-10.14755216457305
room6,morph_only,5,2025-08-08,growth (<=70 d),-9.348313631714909
room6,morph_only,5,2025-08-09,growth (<=70 d),-9.291979872237894
room6,morph_only,5,2025-08-10,growth (<=70 d),-10.730207230264531
room6,morph_only,5,2025-08-11,growth (<=70 d),-10.929944744034746
room6,morph_only,5,2025-08-12,growth (<=70 d),-11.740606885586159
room6,morph_only,5,2025-08-13,growth (<=70 d),-14.92343384709481
room6,morph_only,5,2025-08-14,plateau (>70 d),-15.915476192091194
room6,morph_only,5,2025-08-16,plateau (>70 d),-18.49079152165647
room6,morph_only,5,2025-08-17,plateau (>70 d),-19.26940655794356
room6,morph_only,5,2025-08-18,plateau (>70 d),-19.59464019474307
room6,morph_only,5,2025-08-23,plateau (>70 d),-21.669525230363327
room6,morph_only,5,2025-08-28,plateau (>70 d),-28.61804479389969
room6,morph_only,5,2025-08-29,plateau (>70 d),-23.44417504031041
room6,morph_only,5,2025-08-30,plateau (>70 d),-20.275533324200705
room6,morph_only,5,2025-08-31,plateau (>70 d),-20.630469717983743
room6,morph_only,5,2025-09-01,plateau (>70 d),-21.139139001480466
room6,morph_only,5,2025-09-05,plateau (>70 d),-26.342999473463315
room6,morph_only,5,2025-09-06,plateau (>70 d),-20.1551309110477
room6,morph_only,5,2025-09-10,plateau (>70 d),-18.084645909614245
room6,morph_only,5,2025-09-11,plateau (>70 d),-22.393954239003754
room6,morph_only,5,2025-09-22,plateau (>70 d),-9.14896478522887
room6,morph_only,5,2025-09-23,plateau (>70 d),-23.824867225210546
room6,morph_only,5,2025-09-24,plateau (>70 d),-9.543379098854333
room6,morph_only,5,2025-10-06,plateau (>70 d),-27.97027092737637
room6,morph_only,5,2025-10-07,plateau (>70 d),-27.90492904320559
room6,morph_only,5,2025-10-08,plateau (>70 d),-32.992555436965915
room6,morph_only,5,2025-10-09,plateau (>70 d),-22.15770383863004
room6,morph_only,5,2025-10-12,plateau (>70 d),-27.768290800248952
room6,morph_only,5,2025-10-13,plateau (>70 d),-29.91458862127167
room6,morph_only,5,2025-10-14,plateau (>70 d),-18.295091891074954
room6,morph_only,5,2025-10-17,plateau (>70 d),-26.653080001657074
room6,morph_only,5,2025-10-18,plateau (>70 d),-27.38230233671024
room6,morph_only,5,2025-10-19,plateau (>70 d),-26.396095854243946
room6,morph_only,5,2025-10-20,plateau (>70 d),-21.28506945051057
room6,morph_only,5,2025-10-21,plateau (>70 d),-32.118295407193145
room6,morph_only,5,2025-10-22,plateau (>70 d),-32.00021522184513
room6,morph_only,5,2025-10-23,plateau (>70 d),-35.92550373637288
room6,morph_only,5,2025-10-27,plateau (>70 d),-29.193580666345934
room6,morph_only,5,2025-10-28,plateau (>70 d),-35.55986451221641
room6,morph_only,5,2025-11-03,plateau (>70 d),-25.455344624179304
room6,morph_only,5,2025-11-05,plateau (>70 d),-25.959766680315738
room6,morph_only,5,2025-11-08,plateau (>70 d),-31.427057366904172
room6,morph_only,5,2025-11-10,plateau (>70 d),-29.443234193965182
room6,morph_only,5,2025-11-11,plateau (>70 d),-33.297138208405826
room6,morph_only,5,2025-11-12,plateau (>70 d),-30.01056762671574
room6,morph_only,5,2025-11-13,plateau (>70 d),-26.576713383147673
room6,morph_only,5,2025-11-14,plateau (>70 d),-35.246198592999335
room6,morph_only,5,2025-11-17,plateau (>70 d),-23.158811497835956
room6,morph_only,5,2025-11-18,plateau (>70 d),-28.086308596217798
room6,morph_only,5,2025-11-19,plateau (>70 d),-28.920309197548406
room6,morph_only,5,2025-11-22,plateau (>70 d),-35.028634979386936
room6,morph_only,5,2025-11-23,plateau (>70 d),-28.379477889118085
room6,morph_only,5,2025-11-24,plateau (>70 d),-28.327143706681568
room6,morph_only,5,2025-11-25,plateau (>70 d),-34.59578273753624
room6,morph_only,5,2025-11-26,plateau (>70 d),-31.748635227433464
room6,morph_only,5,2025-11-27,plateau (>70 d),-14.672115868052241
room6,morph_only,5,2025-11-28,plateau (>70 d),-23.936115300311492
room6,morph_only,5,2025-11-29,plateau (>70 d),-36.06512075389769
room6,morph_only,5,2025-11-30,plateau (>70 d),-24.166044996855085
room6,morph_only,7,2025-07-27,growth (<=70 d),-11.886419062312182
room6,morph_only,7,2025-07-28,growth (<=70 d),-12.135376463609703
room6,morph_only,7,2025-07-29,growth (<=70 d),-12.803775657711714
room6,morph_only,7,2025-07-30,growth (<=70 d),-11.241352567130562
room6,morph_only,7,2025-07-31,growth (<=70 d),-11.767191420825903
room6,morph_only,7,2025-08-01,growth (<=70 d),-12.40153433158441
room6,morph_only,7,2025-08-03,growth (<=70 d),-11.354368794306918
room6,morph_only,7,2025-08-04,growth (<=70 d),-11.673728112200568
room6,morph_only,7,2025-08-05,growth (<=70 d),-12.866429023055357
room6,morph_only,7,2025-08-06,growth (<=70 d),-12.982842091136922
room6,morph_only,7,2025-08-07,growth (<=70 d),-13.8343625668426
room6,morph_only,7,2025-08-08,growth (<=70 d),-9.280193359429894
room6,morph_only,7,2025-08-09,growth (<=70 d),-11.99105348070597
room6,morph_only,7,2025-08-10,growth (<=70 d),-12.072782941157696
room6,morph_only,7,2025-08-11,growth (<=70 d),-12.832493535132887
room6,morph_only,7,2025-08-12,growth (<=70 d),-15.105662591202385
room6,morph_only,7,2025-08-13,growth (<=70 d),-15.773294383805142
room6,morph_only,7,2025-08-14,plateau (>70 d),-15.999430284950147
room6,morph_only,7,2025-08-16,plateau (>70 d),-19.7171507509277
room6,morph_only,7,2025-08-17,plateau (>70 d),-19.643849502647708
room6,morph_only,7,2025-08-18,plateau (>70 d),-20.378858927410832
room6,morph_only,7,2025-08-23,plateau (>70 d),-22.82952103858178
room6,morph_only,7,2025-08-24,plateau (>70 d),-25.092985401134314
room6,morph_only,7,2025-08-25,plateau (>70 d),-23.87086477553204
room6,morph_only,7,2025-08-30,plateau (>70 d),-28.22741738491291
room6,morph_only,7,2025-08-31,plateau (>70 d),-21.95277071662983
room6,morph_only,7,2025-09-01,plateau (>70 d),-22.068332742630073
room6,morph_only,7,2025-09-05,plateau (>70 d),-31.96771743872511
room6,morph_only,7,2025-09-06,plateau (>70 d),-22.386395852515175
room6,morph_only,7,2025-09-07,plateau (>70 d),-21.046161830242127
room6,morph_only,7,2025-09-08,plateau (>70 d),-16.682088889395917
room6,morph_only,7,2025-09-17,plateau (>70 d),-17.478181443183523
room6,morph_only,7,2025-09-18,plateau (>70 d),-23.63921560129024
room6,morph_only,7,2025-09-24,plateau (>70 d),-18.736678514915216
room6,morph_only,7,2025-10-01,plateau (>70 d),-20.495489398295263
room6,morph_only,7,2025-10-08,plateau (>70 d),-27.223197912287176
room6,morph_only,7,2025-10-09,plateau (>70 d),-27.92317663702069
room6,morph_only,7,2025-10-12,plateau (>70 d),-28.593526773991115
room6,morph_only,7,2025-10-13,plateau (>70 d),-27.74661186992263
room6,morph_only,7,2025-10-14,plateau (>70 d),-31.384482328250527
room6,morph_only,7,2025-10-15,plateau (>70 d),-32.605689519531474
room6,morph_only,7,2025-10-16,plateau (>70 d),-14.069167195495556
room6,morph_only,7,2025-10-19,plateau (>70 d),-30.906937881610354
room6,morph_only,7,2025-10-20,plateau (>70 d),-22.11012539338533
room6,morph_only,7,2025-10-21,plateau (>70 d),-22.145615798157028
room6,morph_only,7,2025-10-22,plateau (>70 d),-25.50365247229233
room6,morph_only,7,2025-10-23,plateau (>70 d),-31.965499721624518
room6,morph_only,7,2025-10-27,plateau (>70 d),-32.14984077315731
room6,morph_only,7,2025-10-28,plateau (>70 d),-33.12261073953617
room6,morph_only,7,2025-10-29,plateau (>70 d),-31.648854714145173
room6,morph_only,7,2025-10-30,plateau (>70 d),-34.497048088154955
room6,morph_only,7,2025-11-03,plateau (>70 d),-31.74206853240485
room6,morph_only,7,2025-11-05,plateau (>70 d),-25.961793375883957
room6,morph_only,7,2025-11-06,plateau (>70 d),-26.010026608012716
room6,morph_only,7,2025-11-07,plateau (>70 d),-26.810540585727885
room6,morph_only,7,2025-11-10,plateau (>70 d),-34.99702079605068
room6,morph_only,7,2025-11-12,plateau (>70 d),-30.884987298603505
room6,morph_only,7,2025-11-13,plateau (>70 d),-36.848147266190836
room6,morph_only,7,2025-11-14,plateau (>70 d),-32.43075560673217
room6,morph_only,7,2025-11-17,plateau (>70 d),-24.088176343507357
room6,morph_only,7,2025-11-18,plateau (>70 d),-27.455928471813074
room6,morph_only,7,2025-11-19,plateau (>70 d),-28.501571013775852
room6,morph_only,7,2025-11-20,plateau (>70 d),-37.79307546642107
room6,morph_only,7,2025-11-21,plateau (>70 d),-27.645301726042682
room6,morph_only,7,2025-11-24,plateau (>70 d),-29.491994215168766
room6,morph_only,7,2025-11-25,plateau (>70 d),-26.852280128135607
room6,morph_only,7,2025-11-26,plateau (>70 d),-29.527170733400066
room6,morph_only,7,2025-11-27,plateau (>70 d),-14.032523770016248
room6,morph_only,7,2025-11-28,plateau (>70 d),-23.64559123721211
room6,morph_only,7,2025-11-29,plateau (>70 d),-31.80244512078951
room6,morph_only,7,2025-11-30,plateau (>70 d),-24.19399328314629
room6,morph_only,10,2025-07-29,growth (<=70 d),-14.889852097248703
room6,morph_only,10,2025-07-30,growth (<=70 d),-14.36633090963808
room6,morph_only,10,2025-07-31,growth (<=70 d),-14.649669199342021
room6,morph_only,10,2025-08-01,growth (<=70 d),-15.013399843047624
room6,morph_only,10,2025-08-02,growth (<=70 d),-14.739353164914927
room6,morph_only,10,2025-08-03,growth (<=70 d),-15.413462795426465
room6,morph_only,10,2025-08-04,growth (<=70 d),-15.32313920932523
room6,morph_only,10,2025-08-06,growth (<=70 d),-14.850308123132086
room6,morph_only,10,2025-08-07,growth (<=70 d),-14.347394977734155
room6,morph_only,10,2025-08-08,growth (<=70 d),-15.407947666254351
room6,morph_only,10,2025-08-09,growth (<=70 d),-15.541145748234387
room6,morph_only,10,2025-08-10,growth (<=70 d),-17.096119506287234
room6,morph_only,10,2025-08-11,growth (<=70 d),-14.404536411082521
room6,morph_only,10,2025-08-12,growth (<=70 d),-18.096629768788674
room6,morph_only,10,2025-08-13,growth (<=70 d),-19.423031460204488
room6,morph_only,10,2025-08-14,plateau (>70 d),-19.440025575144244
room6,morph_only,10,2025-08-16,plateau (>70 d),-20.242096528577953
room6,morph_only,10,2025-08-17,plateau (>70 d),-21.35790880151475
room6,morph_only,10,2025-08-18,plateau (>70 d),-21.443619549883955
room6,morph_only,10,2025-08-23,plateau (>70 d),-28.207696988970948
room6,morph_only,10,2025-08-24,plateau (>70 d),-29.45470831585248
room6,morph_only,10,2025-08-26,plateau (>70 d),-27.368073350950898
room6,morph_only,10,2025-08-27,plateau (>70 d),-29.57377760657697
room6,morph_only,10,2025-08-28,plateau (>70 d),-29.95392401232878
room6,morph_only,10,2025-09-05,plateau (>70 d),-27.135773637163773
room6,morph_only,10,2025-09-06,plateau (>70 d),-25.433229411267224
room6,morph_only,10,2025-09-07,plateau (>70 d),-24.25680387900372
room6,morph_only,10,2025-09-08,plateau (>70 d),-20.82467961014079
room6,morph_only,10,2025-09-09,plateau (>70 d),-15.090222502432324
room6,morph_only,10,2025-09-10,plateau (>70 d),-24.690475432018196
room6,morph_only,10,2025-09-11,plateau (>70 d),-21.20720371441406
room6,morph_only,10,2025-09-17,plateau (>70 d),-21.986106907178154
room6,morph_only,10,2025-09-18,plateau (>70 d),-26.275379654858433
room6,morph_only,10,2025-10-02,plateau (>70 d),-27.515170935786195
room6,morph_only,10,2025-10-03,plateau (>70 d),-26.303412289510725
room6,morph_only,10,2025-10-04,plateau (>70 d),-26.769956476647963
room6,morph_only,10,2025-10-12,plateau (>70 d),-26.386080496324617
room6,morph_only,10,2025-10-13,plateau (>70 d),-32.59000395638699
room6,morph_only,10,2025-10-14,plateau (>70 d),-29.961491793106248
room6,morph_only,10,2025-10-15,plateau (>70 d),-31.43315776295447
room6,morph_only,10,2025-10-16,plateau (>70 d),-24.323142550665928
room6,morph_only,10,2025-10-17,plateau (>70 d),-30.45203215489331
room6,morph_only,10,2025-10-18,plateau (>70 d),-30.517117210564397
room6,morph_only,10,2025-10-19,plateau (>70 d),-19.351746392012487
room6,morph_only,10,2025-10-22,plateau (>70 d),-27.086667021527255
room6,morph_only,10,2025-10-23,plateau (>70 d),-23.36719247748919
room6,morph_only,10,2025-10-27,plateau (>70 d),-32.421206189082135
room6,morph_only,10,2025-10-28,plateau (>70 d),-35.740037769711776
room6,morph_only,10,2025-10-29,plateau (>70 d),-34.76799796156737
room6,morph_only,10,2025-10-30,plateau (>70 d),-35.31859847246383
room6,morph_only,10,2025-10-31,plateau (>70 d),-32.223547476278945
room6,morph_only,10,2025-11-06,plateau (>70 d),-33.848101272614535
room6,morph_only,10,2025-11-07,plateau (>70 d),-26.609004475617944
room6,morph_only,10,2025-11-08,plateau (>70 d),-30.14170199725594
room6,morph_only,10,2025-11-09,plateau (>70 d),-26.489063508344117
room6,morph_only,10,2025-11-10,plateau (>70 d),-34.45766323609916
room6,morph_only,10,2025-11-13,plateau (>70 d),-46.872358195641326
room6,morph_only,10,2025-11-17,plateau (>70 d),-25.51901502527636
room6,morph_only,10,2025-11-18,plateau (>70 d),-32.846233116502134
room6,morph_only,10,2025-11-19,plateau (>70 d),-41.59709555173909
room6,morph_only,10,2025-11-20,plateau (>70 d),-43.9031016706447
room6,morph_only,10,2025-11-21,plateau (>70 d),-27.5434896135502
room6,morph_only,10,2025-11-22,plateau (>70 d),-26.582457008629035
room6,morph_only,10,2025-11-23,plateau (>70 d),-26.69001662934037
room6,morph_only,10,2025-11-24,plateau (>70 d),-23.840634534235612
room6,morph_only,10,2025-11-27,plateau (>70 d),-7.210495603802968
room6,morph_only,10,2025-11-28,plateau (>70 d),-21.606948171172213
room6,morph_only,10,2025-11-29,plateau (>70 d),-24.965191788412156
room6,morph_only,10,2025-11-30,plateau (>70 d),-23.45811916338438
room6,morph_only,15,2025-08-03,growth (<=70 d),-19.02940869447959
room6,morph_only,15,2025-08-04,growth (<=70 d),-19.295711888980076
room6,morph_only,15,2025-08-05,growth (<=70 d),-20.528070543051573
room6,morph_only,15,2025-08-06,growth (<=70 d),-19.280957539253272
room6,morph_only,15,2025-08-07,growth (<=70 d),-19.744784675036428
room6,morph_only,15,2025-08-08,growth (<=70 d),-18.880545388448894
room6,morph_only,15,2025-08-09,growth (<=70 d),-20.33112150072325
room6,morph_only,15,2025-08-11,growth (<=70 d),-21.110851172950802
room6,morph_only,15,2025-08-12,growth (<=70 d),-22.33315717717841
room6,morph_only,15,2025-08-13,growth (<=70 d),-25.57397187157988
room6,morph_only,15,2025-08-14,plateau (>70 d),-26.01676505507856
room6,morph_only,15,2025-08-16,plateau (>70 d),-24.766462553294303
room6,morph_only,15,2025-08-17,plateau (>70 d),-26.288683055407752
room6,morph_only,15,2025-08-18,plateau (>70 d),-26.427957396058062
room6,morph_only,15,2025-08-23,plateau (>70 d),-29.647942308302174
room6,morph_only,15,2025-08-24,plateau (>70 d),-32.360420701414895
room6,morph_only,15,2025-08-25,plateau (>70 d),-33.59866261640938
room6,morph_only,15,2025-08-26,plateau (>70 d),-34.660817891184166
room6,morph_only,15,2025-08-27,plateau (>70 d),-35.21725766761561
room6,morph_only,15,2025-08-28,plateau (>70 d),-36.76803123835579
room6,morph_only,15,2025-08-29,plateau (>70 d),-37.42890656185838
room6,morph_only,15,2025-08-31,plateau (>70 d),-30.91898872365391
room6,morph_only,15,2025-09-01,plateau (>70 d),-32.78221257653568
room6,morph_only,15,2025-09-07,plateau (>70 d),-33.83980976829925
room6,morph_only,15,2025-09-08,plateau (>70 d),-24.25284354560085
room6,morph_only,15,2025-09-09,plateau (>70 d),-15.9676751701202
room6,morph_only,15,2025-09-10,plateau (>70 d),-26.833887128313773
room6,morph_only,15,2025-09-11,plateau (>70 d),-24.12557552920841
room6,morph_only,15,2025-09-22,plateau (>70 d),-19.922636686278054
room6,morph_only,15,2025-09-23,plateau (>70 d),-27.787972205864467
room6,morph_only,15,2025-09-24,plateau (>70 d),-20.23519829716443
room6,morph_only,15,2025-10-02,plateau (>70 d),-27.647187205354637
room6,morph_only,15,2025-10-03,plateau (>70 d),-28.45859173811801
room6,morph_only,15,2025-10-04,plateau (>70 d),-11.014894366693403
room6,morph_only,15,2025-10-07,plateau (>70 d),-35.78673266124721
room6,morph_only,15,2025-10-08,plateau (>70 d),-35.22571497333014
room6,morph_only,15,2025-10-09,plateau (>70 d),-27.788294793738153
room6,morph_only,15,2025-10-16,plateau (>70 d),-28.05845093274808
room6,morph_only,15,2025-10-17,plateau (>70 d),-31.650882608619263
room6,morph_only,15,2025-10-18,plateau (>70 d),-27.728180951471984
room6,morph_only,15,2025-10-19,plateau (>70 d),-32.938932041209654
room6,morph_only,15,2025-10-20,plateau (>70 d),-34.76359942054628
room6,morph_only,15,2025-10-21,plateau (>70 d),-25.69143749878649
room6,morph_only,15,2025-10-22,plateau (>70 d),-34.31705381322639
room6,morph_only,15,2025-10-23,plateau (>70 d),-25.775980057220444
room6,morph_only,15,2025-10-27,plateau (>70 d),-29.856558122058328
room6,morph_only,15,2025-10-28,plateau (>70 d),-31.07562412638387
room6,morph_only,15,2025-10-29,plateau (>70 d),-24.78028874644748
room6,morph_only,15,2025-10-30,plateau (>70 d),-24.426098062942653
room6,morph_only,15,2025-10-31,plateau (>70 d),-33.24286610874087
room6,morph_only,15,2025-11-03,plateau (>70 d),-38.502108845582434
room6,morph_only,15,2025-11-05,plateau (>70 d),-28.539285117129396
room6,morph_only,15,2025-11-06,plateau (>70 d),-35.961889424797974
room6,morph_only,15,2025-11-07,plateau (>70 d),-36.74561009372069
room6,morph_only,15,2025-11-11,plateau (>70 d),-43.21945372385038
room6,morph_only,15,2025-11-12,plateau (>70 d),-41.21436197076762
room6,morph_only,15,2025-11-13,plateau (>70 d),-42.97690125396418
room6,morph_only,15,2025-11-14,plateau (>70 d),-39.35670721558729
room6,morph_only,15,2025-11-18,plateau (>70 d),-53.67897104349036
room6,morph_only,15,2025-11-20,plateau (>70 d),-43.48473774715754
room6,morph_only,15,2025-11-21,plateau (>70 d),-44.05067834269826
room6,morph_only,15,2025-11-22,plateau (>70 d),-36.91414062835983
room6,morph_only,15,2025-11-23,plateau (>70 d),-27.668887465070974
room6,morph_only,15,2025-11-24,plateau (>70 d),-36.00521205238576
room6,morph_only,15,2025-11-25,plateau (>70 d),-26.415516924888877
room6,morph_only,15,2025-11-26,plateau (>70 d),-23.927031838645494
room6,morph_only,15,2025-11-27,plateau (>70 d),-11.36616607778804
room6,morph_only,15,2025-11-28,plateau (>70 d),-22.164122746238178
room6,morph_only,15,2025-11-29,plateau (>70 d),-22.456184486807782
room6,morph_only,20,2025-08-08,growth (<=70 d),-22.94287399325259
room6,morph_only,20,2025-08-09,growth (<=70 d),-23.885128797496883
room6,morph_only,20,2025-08-10,growth (<=70 d),-26.353851311561247
room6,morph_only,20,2025-08-11,growth (<=70 d),-25.21561065736354
room6,morph_only,20,2025-08-12,growth (<=70 d),-27.64580668485594
room6,morph_only,20,2025-08-13,growth (<=70 d),-29.189110892642987
room6,morph_only,20,2025-08-14,plateau (>70 d),-29.417387834992144
room6,morph_only,20,2025-08-16,plateau (>70 d),-30.56564462413673
room6,morph_only,20,2025-08-17,plateau (>70 d),-31.575720737278264
room6,morph_only,20,2025-08-18,plateau (>70 d),-32.42313097960907
room6,morph_only,20,2025-08-23,plateau (>70 d),-34.67676886768429
room6,morph_only,20,2025-08-24,plateau (>70 d),-35.62504194434398
room6,morph_only,20,2025-08-25,plateau (>70 d),-36.703512156787355
room6,morph_only,20,2025-08-26,plateau (>70 d),-35.828401434344755
room6,morph_only,20,2025-08-27,plateau (>70 d),-37.94109397984241
room6,morph_only,20,2025-08-28,plateau (>70 d),-39.074574152050246
room6,morph_only,20,2025-08-29,plateau (>70 d),-40.70063071911825
room6,morph_only,20,2025-08-30,plateau (>70 d),-36.67299623824148
room6,morph_only,20,2025-08-31,plateau (>70 d),-37.91859279039372
room6,morph_only,20,2025-09-01,plateau (>70 d),-38.70798899995045
room6,morph_only,20,2025-09-05,plateau (>70 d),-27.633946747625636
room6,morph_only,20,2025-09-06,plateau (>70 d),-37.86296955636995
room6,morph_only,20,2025-09-07,plateau (>70 d),-34.490463688530795
room6,morph_only,20,2025-09-17,plateau (>70 d),-24.814464841067714
room6,morph_only,20,2025-09-18,plateau (>70 d),-29.577941695143387
room6,morph_only,20,2025-09-19,plateau (>70 d),-20.791308637021423
room6,morph_only,20,2025-10-01,plateau (>70 d),-21.157762738862843
room6,morph_only,20,2025-10-07,plateau (>70 d),-32.87516416514884
room6,morph_only,20,2025-10-08,plateau (>70 d),-34.43822764166244
room6,morph_only,20,2025-10-09,plateau (>70 d),-8.31867491808749
room6,morph_only,20,2025-10-12,plateau (>70 d),-26.26189546178742
room6,morph_only,20,2025-10-13,plateau (>70 d),-35.39721866616172
room6,morph_only,20,2025-10-14,plateau (>70 d),-35.41568324977955
room6,morph_only,20,2025-10-21,plateau (>70 d),-28.213491763832664
room6,morph_only,20,2025-10-22,plateau (>70 d),-36.7738010571831
room6,morph_only,20,2025-10-23,plateau (>70 d),-29.211623684616512
room6,morph_only,20,2025-10-27,plateau (>70 d),-35.07100765727237
room6,morph_only,20,2025-10-28,plateau (>70 d),-36.84810789600335
room6,morph_only,20,2025-10-29,plateau (>70 d),-21.83493183953069
room6,morph_only,20,2025-11-03,plateau (>70 d),-22.50888669726565
room6,morph_only,20,2025-11-05,plateau (>70 d),-30.006814038096977
room6,morph_only,20,2025-11-06,plateau (>70 d),-35.39447726646427
room6,morph_only,20,2025-11-07,plateau (>70 d),-39.18075644561034
room6,morph_only,20,2025-11-08,plateau (>70 d),-37.36986197775063
room6,morph_only,20,2025-11-09,plateau (>70 d),-36.87872403099236
room6,morph_only,20,2025-11-10,plateau (>70 d),-33.61426505153202
room6,morph_only,20,2025-11-11,plateau (>70 d),-42.0972286225959
room6,morph_only,20,2025-11-12,plateau (>70 d),-45.596737371795264
room6,morph_only,20,2025-11-17,plateau (>70 d),-39.909888531146194
room6,morph_only,20,2025-11-18,plateau (>70 d),-45.72993328829234
room6,morph_only,20,2025-11-19,plateau (>70 d),-45.43777881880531
room6,morph_only,20,2025-11-20,plateau (>70 d),-49.585285681371204
room6,morph_only,20,2025-11-23,plateau (>70 d),-45.509110357716395
room6,morph_only,20,2025-11-25,plateau (>70 d),-34.49661017138101
room6,morph_only,20,2025-11-26,plateau (>70 d),-35.94673709740847
room6,morph_only,20,2025-11-27,plateau (>70 d),-20.265102243453658
room6,morph_only,20,2025-11-28,plateau (>70 d),-24.10152445414499
room6,morph_only,20,2025-11-29,plateau (>70 d),-34.228808345283824
room6,morph_only,20,2025-11-30,plateau (>70 d),-16.593523595610073
room7,all_sensor,3,2025-07-13,growth (<=70 d),25.177734546459064
room7,all_sensor,3,2025-07-15,growth (<=70 d),-0.9122286101303432
room7,all_sensor,3,2025-07-16,growth (<=70 d),0.9609556745639112
room7,all_sensor,3,2025-07-18,growth (<=70 d),3.8340346189112555
room7,all_sensor,3,2025-07-19,growth (<=70 d),0.8865651900655558
room7,all_sensor,3,2025-07-20,growth (<=70 d),1.9924973415279175
room7,all_sensor,3,2025-07-21,growth (<=70 d),1.257285145977589
room7,all_sensor,3,2025-07-22,growth (<=70 d),0.13095610400967583
room7,all_sensor,3,2025-07-23,growth (<=70 d),0.5058388995719545
room7,all_sensor,3,2025-07-24,growth (<=70 d),1.5968946992687032
room7,all_sensor,3,2025-07-25,growth (<=70 d),-0.4297897207308752
room7,all_sensor,3,2025-07-26,growth (<=70 d),0.6404312174544926
room7,all_sensor,3,2025-07-27,growth (<=70 d),2.61185249623932
room7,all_sensor,3,2025-07-28,growth (<=70 d),-1.3774345853607295
room7,all_sensor,3,2025-07-29,growth (<=70 d),3.1468072082372727
room7,all_sensor,3,2025-07-30,growth (<=70 d),20.134416974824333
room7,all_sensor,3,2025-07-31,growth (<=70 d),0.4320388546904024
room7,all_sensor,3,2025-08-01,growth (<=70 d),0.44242089124988127
room7,all_sensor,3,2025-08-03,growth (<=70 d),-5.2794724867925815
room7,all_sensor,3,2025-08-04,growth (<=70 d),-5.224446926944975
room7,all_sensor,3,2025-08-06,growth (<=70 d),11.0359039077736
room7,all_sensor,3,2025-08-07,growth (<=70 d),-3.680411849066994
room7,all_sensor,3,2025-08-08,growth (<=70 d),-4.017226952891397
room7,all_sensor,3,2025-08-09,growth (<=70 d),-4.552644632152426
room7,all_sensor,3,2025-08-10,growth (<=70 d),-6.899951320023388
room7,all_sensor,3,2025-08-11,growth (<=70 d),-6.251091727692906
room7,all_sensor,3,2025-08-12,growth (<=70 d),-6.900772244924822
room7,all_sensor,3,2025-08-13,growth (<=70 d),-8.535373565166722
room7,all_sensor,3,2025-08-14,plateau (>70 d),-7.0600147489248695
room7,all_sensor,3,2025-08-16,plateau (>70 d),-8.068245231771996
room7,all_sensor,3,2025-08-17,plateau (>70 d),-10.537865927091243
room7,all_sensor,3,2025-08-19,plateau (>70 d),-6.556964530774037
room7,all_sensor,3,2025-08-26,plateau (>70 d),-4.520563078438336
room7,all_sensor,3,2025-08-27,plateau (>70 d),-5.297792671595609
room7,all_sensor,3,2025-08-28,plateau (>70 d),1.0577078458199445
room7,all_sensor,3,2025-08-29,plateau (>70 d),1.5648696820837884
room7,all_sensor,3,2025-08-30,plateau (>70 d),-4.5301636023033005
room7,all_sensor,3,2025-08-31,plateau (>70 d),-1.440575149197711
room7,all_sensor,3,2025-09-01,plateau (>70 d),5.199693192250011
room7,all_sensor,3,2025-09-02,plateau (>70 d),5.4798194116940575
room7,all_sensor,3,2025-09-03,plateau (>70 d),4.524320802629193
room7,all_sensor,3,2025-09-04,plateau (>70 d),6.810533703361688
room7,all_sensor,3,2025-09-05,plateau (>70 d),4.746022091300312
room7,all_sensor,3,2025-09-06,plateau (>70 d),7.76064210240251
room7,all_sensor,3,2025-09-07,plateau (>70 d),11.383054582279744
room7,all_sensor,3,2025-09-08,plateau (>70 d),6.387327748878065
room7,all_sensor,3,2025-09-09,plateau (>70 d),8.482029277605989
room7,all_sensor,3,2025-09-10,plateau (>70 d),7.629000603672332
room7,all_sensor,3,2025-09-11,plateau (>70 d),-0.4204843256091646
room7,all_sensor,3,2025-09-12,plateau (>70 d),-1.968702597487562
room7,all_sensor,3,2025-09-13,plateau (>70 d),15.350047841140082
room7,all_sensor,3,2025-09-14,plateau (>70 d),18.732832809055974
room7,all_sensor,3,2025-09-15,plateau (>70 d),15.634865460807571
room7,all_sensor,3,2025-09-16,plateau (>70 d),6.373282474005563
room7,all_sensor,3,2025-09-17,plateau (>70 d),13.043174167882988
room7,all_sensor,3,2025-09-18,plateau (>70 d),-21.56787439911206
room7,all_sensor,3,2025-09-19,plateau (>70 d),-21.17267055236434
room7,all_sensor,3,2025-09-20,plateau (>70 d),-19.577365347479144
room7,all_sensor,3,2025-09-21,plateau (>70 d),-17.978913599933968
room7,all_sensor,3,2025-09-22,plateau (>70 d),-18.40762154105904
room7,all_sensor,3,2025-09-23,plateau (>70 d),-9.901938341680044
room7,all_sensor,3,2025-09-24,plateau (>70 d),-7.2610029916248635
room7,all_sensor,3,2025-09-25,plateau (>70 d),-3.8773152760489378
room7,all_sensor,3,2025-09-26,plateau (>70 d),-9.752240320234012
room7,all_sensor,3,2025-09-27,plateau (>70 d),-9.442639677880518
room7,all_sensor,3,2025-09-28,plateau (>70 d),-13.73599546270299
room7,all_sensor,3,2025-09-29,plateau (>70 d),-10.283952262871937
room7,all_sensor,3,2025-09-30,plateau (>70 d),-14.041406021882967
room7,all_sensor,3,2025-10-01,plateau (>70 d),-13.553709437526512
room7,all_sensor,3,2025-10-02,plateau (>70 d),-13.436825371499765
room7,all_sensor,3,2025-10-03,plateau (>70 d),-20.393774755765683
room7,all_sensor,3,2025-10-04,plateau (>70 d),-15.348121435458348
room7,all_sensor,3,2025-10-05,plateau (>70 d),-25.216040461701223
room7,all_sensor,3,2025-10-06,plateau (>70 d),-21.05520195542408
room7,all_sensor,3,2025-10-07,plateau (>70 d),-18.373157004324142
room7,all_sensor,3,2025-10-08,plateau (>70 d),-17.123062010602776
room7,all_sensor,3,2025-10-09,plateau (>70 d),-15.737132428986506
room7,all_sensor,3,2025-10-10,plateau (>70 d),-13.040065443493544
room7,all_sensor,3,2025-10-11,plateau (>70 d),-12.76835258750744
room7,all_sensor,3,2025-10-12,plateau (>70 d),-12.744018243290078
room7,all_sensor,3,2025-10-13,plateau (>70 d),11.809326225668121
room7,all_sensor,3,2025-10-14,plateau (>70 d),13.724869683499968
room7,all_sensor,3,2025-10-15,plateau (>70 d),-13.216534381972451
room7,all_sensor,3,2025-10-16,plateau (>70 d),-4.993592941675097
room7,all_sensor,3,2025-10-17,plateau (>70 d),18.64979931287652
room7,all_sensor,3,2025-10-18,plateau (>70 d),10.370059351107816
room7,all_sensor,3,2025-10-19,plateau (>70 d),28.439866765001728
room7,all_sensor,3,2025-10-20,plateau (>70 d),-7.064388066210351
room7,all_sensor,3,2025-10-21,plateau (>70 d),0.4226041457094565
room7,all_sensor,3,2025-10-22,plateau (>70 d),13.21967223672158
room7,all_sensor,3,2025-10-23,plateau (>70 d),12.232918577063792
room7,all_sensor,3,2025-10-24,plateau (>70 d),5.5905719513807055
room7,all_sensor,3,2025-10-25,plateau (>70 d),3.072692317529749
room7,all_sensor,3,2025-10-26,plateau (>70 d),9.295678298090547
room7,all_sensor,3,2025-10-27,plateau (>70 d),13.213785997783456
room7,all_sensor,3,2025-10-28,plateau (>70 d),14.619917743011541
room7,all_sensor,3,2025-10-29,plateau (>70 d),4.354141963342974
room7,all_sensor,3,2025-10-30,plateau (>70 d),7.6152746600908126
room7,all_sensor,3,2025-10-31,plateau (>70 d),27.475895222836392
room7,all_sensor,3,2025-11-01,plateau (>70 d),17.466577685770446
room7,all_sensor,3,2025-11-02,plateau (>70 d),-21.25774402688537
room7,all_sensor,3,2025-11-03,plateau (>70 d),-21.991063011362407
room7,all_sensor,3,2025-11-04,plateau (>70 d),-11.345284421063823
room7,all_sensor,3,2025-11-05,plateau (>70 d),-13.658336854187914
room7,all_sensor,3,2025-11-06,plateau (>70 d),-4.462244688986141
room7,all_sensor,3,2025-11-07,plateau (>70 d),-1.6624600595622478
room7,all_sensor,3,2025-11-08,plateau (>70 d),-3.952881145571629
room7,all_sensor,3,2025-11-09,plateau (>70 d),-2.8783109505473217
room7,all_sensor,3,2025-11-10,plateau (>70 d),9.115384204407748
room7,all_sensor,3,2025-11-11,plateau (>70 d),11.583559199130692
room7,all_sensor,3,2025-11-12,plateau (>70 d),10.370734821376567
room7,all_sensor,3,2025-11-13,plateau (>70 d),14.31667302354252
room7,all_sensor,3,2025-11-14,plateau (>70 d),13.821013817860756
room7,all_sensor,3,2025-11-15,plateau (>70 d),14.890364672615878
room7,all_sensor,3,2025-11-16,plateau (>70 d),16.18474474096308
room7,all_sensor,3,2025-11-17,plateau (>70 d),19.172672584849213
room7,all_sensor,3,2025-11-18,plateau (>70 d),19.762943686903576
room7,all_sensor,3,2025-11-19,plateau (>70 d),20.70145074763901
room7,all_sensor,3,2025-11-20,plateau (>70 d),17.28977640807513
room7,all_sensor,3,2025-11-21,plateau (>70 d),22.3879355899842
room7,all_sensor,3,2025-11-22,plateau (>70 d),19.915136896109026
room7,all_sensor,3,2025-11-23,plateau (>70 d),21.21178038659638
room7,all_sensor,3,2025-11-24,plateau (>70 d),22.315802422964527
room7,all_sensor,3,2025-11-25,plateau (>70 d),20.292075867044392
room7,all_sensor,3,2025-11-26,plateau (>70 d),20.336433121198265
room7,all_sensor,3,2025-11-27,plateau (>70 d),21.087747750205867
room7,all_sensor,3,2025-11-28,plateau (>70 d),20.865285962699936
room7,all_sensor,3,2025-11-29,plateau (>70 d),20.07311333286342
room7,all_sensor,3,2025-11-30,plateau (>70 d),16.857451755867622
room7,all_sensor,3,2025-12-01,plateau (>70 d),15.924769514886638
room7,all_sensor,3,2025-12-02,plateau (>70 d),17.60995744648641
room7,all_sensor,3,2025-12-03,plateau (>70 d),17.535385163073187
room7,all_sensor,5,2025-07-10,growth (<=70 d),-1.4658113503154302
room7,all_sensor,5,2025-07-11,growth (<=70 d),3.0448013899156763
room7,all_sensor,5,2025-07-15,growth (<=70 d),-3.1042741279130173
room7,all_sensor,5,2025-07-16,growth (<=70 d),-2.1302012411824776
room7,all_sensor,5,2025-07-17,growth (<=70 d),-1.6712913043129751
room7,all_sensor,5,2025-07-18,growth (<=70 d),-1.1740333614292986
room7,all_sensor,5,2025-07-20,growth (<=70 d),1.703289144352051
room7,all_sensor,5,2025-07-21,growth (<=70 d),-1.2392092553852434
room7,all_sensor,5,2025-07-22,growth (<=70 d),-0.13085221167487915
room7,all_sensor,5,2025-07-23,growth (<=70 d),-0.8660644072252077
room7,all_sensor,5,2025-07-24,growth (<=70 d),-1.2250087527310762
room7,all_sensor,5,2025-07-25,growth (<=70 d),-2.24815298510385
room7,all_sensor,5,2025-07-26,growth (<=70 d),-3.030035343063464
room7,all_sensor,5,2025-07-27,growth (<=70 d),-4.2579266692753786
room7,all_sensor,5,2025-07-28,growth (<=70 d),-1.482918335748304
room7,all_sensor,5,2025-07-29,growth (<=70 d),1.5321272168054234
room7,all_sensor,5,2025-07-30,growth (<=70 d),-3.6232676148030407
room7,all_sensor,5,2025-07-31,growth (<=70 d),0.6842726439096651
room7,all_sensor,5,2025-08-01,growth (<=70 d),20.646338680538005
room7,all_sensor,5,2025-08-03,growth (<=70 d),-4.577834834835802
room7,all_sensor,5,2025-08-04,growth (<=70 d),-3.5597504210479034
room7,all_sensor,5,2025-08-05,growth (<=70 d),-6.791453125875414
room7,all_sensor,5,2025-08-06,growth (<=70 d),-7.80004316164752
room7,all_sensor,5,2025-08-08,growth (<=70 d),8.460307673071046
room7,all_sensor,5,2025-08-09,growth (<=70 d),-6.4356594365832125
room7,all_sensor,5,2025-08-10,growth (<=70 d),-7.012009677492513
room7,all_sensor,5,2025-08-11,growth (<=70 d),-7.703125195858728
room7,all_sensor,5,2025-08-12,growth (<=70 d),-10.05043188372969
room7,all_sensor,5,2025-08-13,growth (<=70 d),-9.401572291399207
room7,all_sensor,5,2025-08-14,plateau (>70 d),-10.051252808631123
room7,all_sensor,5,2025-08-16,plateau (>70 d),-10.21049531263117
room7,all_sensor,5,2025-08-17,plateau (>70 d),-11.181314330184588
room7,all_sensor,5,2025-08-18,plateau (>70 d),-11.218725795478298
room7,all_sensor,5,2025-08-19,plateau (>70 d),-13.859383387342772
room7,all_sensor,5,2025-08-23,plateau (>70 d),-12.92470994413556
room7,all_sensor,5,2025-08-24,plateau (>70 d),-8.5970676511554
room7,all_sensor,5,2025-08-28,plateau (>70 d),-8.15397135003705
room7,all_sensor,5,2025-08-29,plateau (>70 d),-7.2043857446758786
room7,all_sensor,5,2025-08-30,plateau (>70 d),1.2248689135502655
room7,all_sensor,5,2025-08-31,plateau (>70 d),3.1119070060403704
room7,all_sensor,5,2025-09-01,plateau (>70 d),-2.9831262783467203
room7,all_sensor,5,2025-09-02,plateau (>70 d),0.10646217475887099
room7,all_sensor,5,2025-09-03,plateau (>70 d),6.746730516206593
room7,all_sensor,5,2025-09-04,plateau (>70 d),7.0268567356506395
room7,all_sensor,5,2025-09-05,plateau (>70 d),4.2260711675593186
room7,all_sensor,5,2025-09-06,plateau (>70 d),8.35757102731827
room7,all_sensor,5,2025-09-07,plateau (>70 d),7.531232117521606
room7,all_sensor,5,2025-09-08,plateau (>70 d),6.6282890936366545
room7,all_sensor,5,2025-09-09,plateau (>70 d),6.040231050664291
room7,all_sensor,5,2025-09-10,plateau (>70 d),-1.2521160679280676
room7,all_sensor,5,2025-09-11,plateau (>70 d),0.8425854607998566
room7,all_sensor,5,2025-09-12,plateau (>70 d),-0.01044321313380081
room7,all_sensor,5,2025-09-13,plateau (>70 d),-8.059928142415298
room7,all_sensor,5,2025-09-14,plateau (>70 d),-9.608146414293696
room7,all_sensor,5,2025-09-15,plateau (>70 d),7.710604024333946
room7,all_sensor,5,2025-09-16,plateau (>70 d),11.093388992249842
room7,all_sensor,5,2025-09-17,plateau (>70 d),7.995421644001439
room7,all_sensor,5,2025-09-18,plateau (>70 d),0.8048343771012405
room7,all_sensor,5,2025-09-19,plateau (>70 d),12.542586670700675
room7,all_sensor,5,2025-09-20,plateau (>70 d),-19.94609920667651
room7,all_sensor,5,2025-09-21,plateau (>70 d),-19.55089535992879
room7,all_sensor,5,2025-09-22,plateau (>70 d),-17.955590155043595
room7,all_sensor,5,2025-09-23,plateau (>70 d),-16.357138407498418
room7,all_sensor,5,2025-09-24,plateau (>70 d),-16.78584634862349
room7,all_sensor,5,2025-09-25,plateau (>70 d),-8.280163149244492
room7,all_sensor,5,2025-09-26,plateau (>70 d),-5.639227799189314
room7,all_sensor,5,2025-09-27,plateau (>70 d),-2.255540083613388
room7,all_sensor,5,2025-09-28,plateau (>70 d),-8.9498481991168
room7,all_sensor,5,2025-09-29,plateau (>70 d),-10.279013699399984
room7,all_sensor,5,2025-09-30,plateau (>70 d),-15.391752555540796
room7,all_sensor,5,2025-10-01,plateau (>70 d),-11.939709355709741
room7,all_sensor,5,2025-10-02,plateau (>70 d),-15.635236194162175
room7,all_sensor,5,2025-10-03,plateau (>70 d),-15.395438798080479
room7,all_sensor,5,2025-10-04,plateau (>70 d),-11.897784241355675
room7,all_sensor,5,2025-10-05,plateau (>70 d),-21.390818740114522
room7,all_sensor,5,2025-10-06,plateau (>70 d),-17.003878528296152
room7,all_sensor,5,2025-10-07,plateau (>70 d),-26.87179755453903
room7,all_sensor,5,2025-10-08,plateau (>70 d),-22.42387889331652
room7,all_sensor,5,2025-10-09,plateau (>70 d),-18.88132809033101
room7,all_sensor,5,2025-10-10,plateau (>70 d),-18.63994242762426
room7,all_sensor,5,2025-10-11,plateau (>70 d),-16.474233025999144
room7,all_sensor,5,2025-10-12,plateau (>70 d),-13.777166040506179
room7,all_sensor,5,2025-10-13,plateau (>70 d),-13.505453184520082
room7,all_sensor,5,2025-10-14,plateau (>70 d),-13.48111884030272
room7,all_sensor,5,2025-10-15,plateau (>70 d),11.264863246373626
room7,all_sensor,5,2025-10-16,plateau (>70 d),12.875304486572343
room7,all_sensor,5,2025-10-17,plateau (>70 d),-13.953634978985093
room7,all_sensor,5,2025-10-18,plateau (>70 d),-5.796440442291832
room7,all_sensor,5,2025-10-19,plateau (>70 d),17.784665272003274
room7,all_sensor,5,2025-10-20,plateau (>70 d),9.466861313411147
room7,all_sensor,5,2025-10-21,plateau (>70 d),27.53666872730506
room7,all_sensor,5,2025-10-22,plateau (>70 d),-7.96758610390702
room7,all_sensor,5,2025-10-23,plateau (>70 d),-0.5289051305684391
room7,all_sensor,5,2025-10-24,plateau (>70 d),11.923544248987723
room7,all_sensor,5,2025-10-25,plateau (>70 d),11.329720539367123
room7,all_sensor,5,2025-10-26,plateau (>70 d),4.677965600791358
room7,all_sensor,5,2025-10-27,plateau (>70 d),2.1694942798330805
room7,all_sensor,5,2025-10-28,plateau (>70 d),8.47218076932316
room7,all_sensor,5,2025-10-29,plateau (>70 d),12.616313588170003
room7,all_sensor,5,2025-10-30,plateau (>70 d),14.049831332000274
room7,all_sensor,5,2025-10-31,plateau (>70 d),3.7987279646104435
room7,all_sensor,5,2025-11-01,plateau (>70 d),7.059860661358283
room7,all_sensor,5,2025-11-02,plateau (>70 d),26.920481224103863
room7,all_sensor,5,2025-11-03,plateau (>70 d),16.911163687037917
room7,all_sensor,5,2025-11-04,plateau (>70 d),-21.8131580256179
room7,all_sensor,5,2025-11-05,plateau (>70 d),-22.546477010094936
room7,all_sensor,5,2025-11-06,plateau (>70 d),-11.900698419796354
room7,all_sensor,5,2025-11-07,plateau (>70 d),-15.296927737406415
room7,all_sensor,5,2025-11-08,plateau (>70 d),-4.7204833479615385
room7,all_sensor,5,2025-11-09,plateau (>70 d),-1.8699614654083785
room7,all_sensor,5,2025-11-10,plateau (>70 d),-4.16038255141776
room7,all_sensor,5,2025-11-11,plateau (>70 d),-3.0858123563934523
room7,all_sensor,5,2025-11-12,plateau (>70 d),8.907882798561618
room7,all_sensor,5,2025-11-13,plateau (>70 d),11.376057793284561
room7,all_sensor,5,2025-11-14,plateau (>70 d),10.163233415530438
room7,all_sensor,5,2025-11-15,plateau (>70 d),14.10917161769639
room7,all_sensor,5,2025-11-16,plateau (>70 d),13.613512412014625
room7,all_sensor,5,2025-11-17,plateau (>70 d),14.611127088105974
room7,all_sensor,5,2025-11-18,plateau (>70 d),15.7811644467693
room7,all_sensor,5,2025-11-19,plateau (>70 d),18.075385068367936
room7,all_sensor,5,2025-11-20,plateau (>70 d),19.325886509333372
room7,all_sensor,5,2025-11-21,plateau (>70 d),20.197883692646702
room7,all_sensor,5,2025-11-22,plateau (>70 d),16.852719230504928
room7,all_sensor,5,2025-11-23,plateau (>70 d),21.950878412413996
room7,all_sensor,5,2025-11-24,plateau (>70 d),19.478079718538822
room7,all_sensor,5,2025-11-25,plateau (>70 d),20.774723209026178
room7,all_sensor,5,2025-11-26,plateau (>70 d),21.878745245394324
room7,all_sensor,5,2025-11-27,plateau (>70 d),18.974088505492464
room7,all_sensor,5,2025-11-28,plateau (>70 d),17.697789955131494
room7,all_sensor,5,2025-11-29,plateau (>70 d),18.302332184905993
room7,all_sensor,5,2025-11-30,plateau (>70 d),18.07987039740006
room7,all_sensor,5,2025-12-01,plateau (>70 d),17.287697767563547
room7,all_sensor,5,2025-12-02,plateau (>70 d),14.072036190567747
room7,all_sensor,5,2025-12-03,plateau (>70 d),12.082365918042735
room7,all_sensor,7,2025-07-11,growth (<=70 d),-2.3439518569109774
room7,all_sensor,7,2025-07-12,growth (<=70 d),-0.05956237358156058
room7,all_sensor,7,2025-07-13,growth (<=70 d),0.9098123539224665
room7,all_sensor,7,2025-07-17,growth (<=70 d),20.90775647447264
room7,all_sensor,7,2025-07-18,growth (<=70 d),-4.265190277175687
room7,all_sensor,7,2025-07-19,growth (<=70 d),-3.806280340306185
room7,all_sensor,7,2025-07-20,growth (<=70 d),-3.305870037500105
room7,all_sensor,7,2025-07-22,growth (<=70 d),-0.4200604088507457
room7,all_sensor,7,2025-07-23,growth (<=70 d),-3.36255880858804
room7,all_sensor,7,2025-07-24,growth (<=70 d),-2.1131863091176273
room7,all_sensor,7,2025-07-25,growth (<=70 d),-2.9894139604280046
room7,all_sensor,7,2025-07-26,growth (<=70 d),-4.115743002395917
room7,all_sensor,7,2025-07-27,growth (<=70 d),-5.023319703350639
room7,all_sensor,7,2025-07-28,growth (<=70 d),-5.15338489626626
room7,all_sensor,7,2025-07-29,growth (<=70 d),-4.676488827136469
room7,all_sensor,7,2025-07-30,growth (<=70 d),-3.7570167827843495
room7,all_sensor,7,2025-07-31,growth (<=70 d),-0.9304073475221841
room7,all_sensor,7,2025-08-01,growth (<=70 d),-7.487050984898158
room7,all_sensor,7,2025-08-03,growth (<=70 d),6.058583349733748
room7,all_sensor,7,2025-08-04,growth (<=70 d),-4.719153614714687
room7,all_sensor,7,2025-08-05,growth (<=70 d),-6.2263886030192594
room7,all_sensor,7,2025-08-06,growth (<=70 d),-6.135346655750448
room7,all_sensor,7,2025-08-07,growth (<=70 d),-9.367049360577958
room7,all_sensor,7,2025-08-08,growth (<=70 d),-10.375639396350069
room7,all_sensor,7,2025-08-10,growth (<=70 d),5.405641164198703
room7,all_sensor,7,2025-08-11,growth (<=70 d),-9.586140000289515
room7,all_sensor,7,2025-08-12,growth (<=70 d),-10.162490241198814
room7,all_sensor,7,2025-08-13,growth (<=70 d),-10.85360575956503
room7,all_sensor,7,2025-08-14,plateau (>70 d),-13.200912447435991
room7,all_sensor,7,2025-08-16,plateau (>70 d),-13.201733372337426
room7,all_sensor,7,2025-08-17,plateau (>70 d),-14.836334692579324
room7,all_sensor,7,2025-08-18,plateau (>70 d),-13.360975876337472
room7,all_sensor,7,2025-08-19,plateau (>70 d),-14.432404833035141
room7,all_sensor,7,2025-08-23,plateau (>70 d),-13.823781073971464
room7,all_sensor,7,2025-08-24,plateau (>70 d),-15.666577628521413
room7,all_sensor,7,2025-08-25,plateau (>70 d),-16.558118215734275
room7,all_sensor,7,2025-08-26,plateau (>70 d),-12.230475922754113
room7,all_sensor,7,2025-08-30,plateau (>70 d),-7.146563775617466
room7,all_sensor,7,2025-08-31,plateau (>70 d),-5.6573484207192966
room7,all_sensor,7,2025-09-01,plateau (>70 d),2.7719062375068475
room7,all_sensor,7,2025-09-02,plateau (>70 d),4.658944329996951
room7,all_sensor,7,2025-09-03,plateau (>70 d),-1.4360889543901383
room7,all_sensor,7,2025-09-04,plateau (>70 d),1.653499498715452
room7,all_sensor,7,2025-09-05,plateau (>70 d),8.293767840163174
room7,all_sensor,7,2025-09-06,plateau (>70 d),8.573894059607222
room7,all_sensor,7,2025-09-07,plateau (>70 d),7.618395450542357
room7,all_sensor,7,2025-09-08,plateau (>70 d),6.87178595730263
room7,all_sensor,7,2025-09-09,plateau (>70 d),1.3660650989090657
room7,all_sensor,7,2025-09-10,plateau (>70 d),-1.0111547231694775
room7,all_sensor,7,2025-09-11,plateau (>70 d),-1.5992127661418412
room7,all_sensor,7,2025-09-12,plateau (>70 d),-8.891559884734201
room7,all_sensor,7,2025-09-13,plateau (>70 d),-6.796858356006275
room7,all_sensor,7,2025-09-14,plateau (>70 d),-7.649887029939933
room7,all_sensor,7,2025-09-15,plateau (>70 d),-15.69937195922143
room7,all_sensor,7,2025-09-16,plateau (>70 d),-17.247590231099828
room7,all_sensor,7,2025-09-17,plateau (>70 d),0.07116020752781438
room7,all_sensor,7,2025-09-18,plateau (>70 d),6.121158755545718
room7,all_sensor,7,2025-09-19,plateau (>70 d),8.652486522974336
room7,all_sensor,7,2025-09-20,plateau (>70 d),2.42660956953679
room7,all_sensor,7,2025-09-21,plateau (>70 d),14.164361863136225
room7,all_sensor,7,2025-09-22,plateau (>70 d),-18.32432401424096
room7,all_sensor,7,2025-09-23,plateau (>70 d),-17.92912016749324
room7,all_sensor,7,2025-09-24,plateau (>70 d),-16.333814962608045
room7,all_sensor,7,2025-09-25,plateau (>70 d),-14.735363215062867
room7,all_sensor,7,2025-09-26,plateau (>70 d),-15.164071156187942
room7,all_sensor,7,2025-09-27,plateau (>70 d),-6.658387956808943
room7,all_sensor,7,2025-09-28,plateau (>70 d),-4.970286132570877
room7,all_sensor,7,2025-09-29,plateau (>70 d),-3.5698875634018936
room7,all_sensor,7,2025-09-30,plateau (>70 d),-10.605605291954607
room7,all_sensor,7,2025-10-01,plateau (>70 d),-11.93477079223779
room7,all_sensor,7,2025-10-02,plateau (>70 d),-17.576846441281347
room7,all_sensor,7,2025-10-03,plateau (>70 d),-13.650199758943671
room7,all_sensor,7,2025-10-04,plateau (>70 d),-17.22906636644138
room7,all_sensor,7,2025-10-05,plateau (>70 d),-16.865223623202127
room7,all_sensor,7,2025-10-06,plateau (>70 d),-13.553541334193481
room7,all_sensor,7,2025-10-07,plateau (>70 d),-23.04657583295233
room7,all_sensor,7,2025-10-08,plateau (>70 d),-18.353416789192234
room7,all_sensor,7,2025-10-09,plateau (>70 d),-29.629126337675494
room7,all_sensor,7,2025-10-10,plateau (>70 d),-22.538973458493473
room7,all_sensor,7,2025-10-11,plateau (>70 d),-19.618428687343652
room7,all_sensor,7,2025-10-12,plateau (>70 d),-19.377043024636897
room7,all_sensor,7,2025-10-13,plateau (>70 d),-17.211333623011786
room7,all_sensor,7,2025-10-14,plateau (>70 d),-14.514266637518821
room7,all_sensor,7,2025-10-15,plateau (>70 d),-14.444915364760902
room7,all_sensor,7,2025-10-16,plateau (>70 d),-15.517321312829216
room7,all_sensor,7,2025-10-17,plateau (>70 d),10.527762649360984
room7,all_sensor,7,2025-10-18,plateau (>70 d),12.103600256083865
room7,all_sensor,7,2025-10-19,plateau (>70 d),-14.832610473248675
room7,all_sensor,7,2025-10-20,plateau (>70 d),-6.699638479988501
room7,all_sensor,7,2025-10-21,plateau (>70 d),16.881467234306605
room7,all_sensor,7,2025-10-22,plateau (>70 d),8.563663275714479
room7,all_sensor,7,2025-10-23,plateau (>70 d),26.564999026488707
room7,all_sensor,7,2025-10-24,plateau (>70 d),-8.768371807135194
room7,all_sensor,7,2025-10-25,plateau (>70 d),-1.4321031682651078
room7,all_sensor,7,2025-10-26,plateau (>70 d),11.020346211291054
room7,all_sensor,7,2025-10-27,plateau (>70 d),10.426522501670455
room7,all_sensor,7,2025-10-28,plateau (>70 d),3.8544680720239737
room7,all_sensor,7,2025-10-29,plateau (>70 d),1.1679722969670516
room7,all_sensor,7,2025-10-30,plateau (>70 d),7.7746996704466005
room7,all_sensor,7,2025-10-31,plateau (>70 d),12.060899589437472
room7,all_sensor,7,2025-11-01,plateau (>70 d),13.494417333267744
room7,all_sensor,7,2025-11-02,plateau (>70 d),3.2433139658779133
room7,all_sensor,7,2025-11-03,plateau (>70 d),6.504446662625753
room7,all_sensor,7,2025-11-04,plateau (>70 d),26.365067225371334
room7,all_sensor,7,2025-11-05,plateau (>70 d),16.355749688305387
room7,all_sensor,7,2025-11-06,plateau (>70 d),-22.368572024350428
room7,all_sensor,7,2025-11-07,plateau (>70 d),-22.967645876121654
room7,all_sensor,7,2025-11-08,plateau (>70 d),-12.20242615288255
room7,all_sensor,7,2025-11-09,plateau (>70 d),-14.34877046858191
room7,all_sensor,7,2025-11-10,plateau (>70 d),-4.927984753807669
room7,all_sensor,7,2025-11-11,plateau (>70 d),-2.077462871254509
room7,all_sensor,7,2025-11-12,plateau (>70 d),-4.36788395726389
room7,all_sensor,7,2025-11-13,plateau (>70 d),-3.293313762239583
room7,all_sensor,7,2025-11-14,plateau (>70 d),8.700381392715485
room7,all_sensor,7,2025-11-15,plateau (>70 d),11.168556387438429
room7,all_sensor,7,2025-11-16,plateau (>70 d),9.955732009684308
room7,all_sensor,7,2025-11-17,plateau (>70 d),13.84428126891924
room7,all_sensor,7,2025-11-18,plateau (>70 d),13.229061765464522
room7,all_sensor,7,2025-11-19,plateau (>70 d),13.981108824478728
room7,all_sensor,7,2025-11-20,plateau (>70 d),15.344107269199096
room7,all_sensor,7,2025-11-21,plateau (>70 d),18.298558229708803
room7,all_sensor,7,2025-11-22,plateau (>70 d),18.888829331763166
room7,all_sensor,7,2025-11-23,plateau (>70 d),19.7608265150765
room7,all_sensor,7,2025-11-24,plateau (>70 d),16.415662052934724
room7,all_sensor,7,2025-11-25,plateau (>70 d),21.513821234843792
room7,all_sensor,7,2025-11-26,plateau (>70 d),19.041022540968616
room7,all_sensor,7,2025-11-27,plateau (>70 d),19.457031636057348
room7,all_sensor,7,2025-11-28,plateau (>70 d),19.240102079327553
room7,all_sensor,7,2025-11-29,plateau (>70 d),16.18867294019259
room7,all_sensor,7,2025-11-30,plateau (>70 d),14.91237438983162
room7,all_sensor,7,2025-12-01,plateau (>70 d),15.516916619606118
room7,all_sensor,7,2025-12-02,plateau (>70 d),15.29445483210019
room7,all_sensor,7,2025-12-03,plateau (>70 d),14.334059811775077
room7,all_sensor,10,2025-07-15,growth (<=70 d),-4.7413923748504825
room7,all_sensor,10,2025-07-16,growth (<=70 d),-2.467730390826384
room7,all_sensor,10,2025-07-20,growth (<=70 d),17.709273992692033
room7,all_sensor,10,2025-07-21,growth (<=70 d),-7.458701729847892
room7,all_sensor,10,2025-07-22,growth (<=70 d),-6.992759605459181
room7,all_sensor,10,2025-07-23,growth (<=70 d),-6.4908943673043
room7,all_sensor,10,2025-07-25,growth (<=70 d),-3.6050847386549405
room7,all_sensor,10,2025-07-26,growth (<=70 d),-6.547583138392235
room7,all_sensor,10,2025-07-27,growth (<=70 d),-7.316392905186856
room7,all_sensor,10,2025-07-28,growth (<=70 d),-6.1744382902321995
room7,all_sensor,10,2025-07-29,growth (<=70 d),-7.300767332200112
room7,all_sensor,10,2025-07-30,growth (<=70 d),-7.056243004785779
room7,all_sensor,10,2025-07-31,growth (<=70 d),-8.734125072382735
room7,all_sensor,10,2025-08-01,growth (<=70 d),-6.426599496301353
room7,all_sensor,10,2025-08-03,growth (<=70 d),-5.947615063422003
room7,all_sensor,10,2025-08-04,growth (<=70 d),-10.062258201559402
room7,all_sensor,10,2025-08-05,growth (<=70 d),-5.754717942846696
room7,all_sensor,10,2025-08-06,growth (<=70 d),11.11983015336543
room7,all_sensor,10,2025-08-07,growth (<=70 d),-8.582547966768503
room7,all_sensor,10,2025-08-08,growth (<=70 d),-10.089782955073067
room7,all_sensor,10,2025-08-09,growth (<=70 d),-10.190369117472194
room7,all_sensor,10,2025-08-10,growth (<=70 d),-13.661606959384592
room7,all_sensor,10,2025-08-11,growth (<=70 d),-14.981592673367073
room7,all_sensor,10,2025-08-13,growth (<=70 d),0.6799203186392502
room7,all_sensor,10,2025-08-14,plateau (>70 d),-14.311860845848967
room7,all_sensor,10,2025-08-16,plateau (>70 d),-15.579326605124482
room7,all_sensor,10,2025-08-17,plateau (>70 d),-17.926633292995444
room7,all_sensor,10,2025-08-18,plateau (>70 d),-17.27777370066496
room7,all_sensor,10,2025-08-19,plateau (>70 d),-18.108552108356534
room7,all_sensor,10,2025-08-23,plateau (>70 d),-20.16139255967313
room7,all_sensor,10,2025-08-24,plateau (>70 d),-22.94290406633956
room7,all_sensor,10,2025-08-26,plateau (>70 d),-19.273893481369534
room7,all_sensor,10,2025-08-27,plateau (>70 d),-21.116690035919483
room7,all_sensor,10,2025-08-28,plateau (>70 d),-22.008230623132345
room7,all_sensor,10,2025-08-29,plateau (>70 d),-16.493402881170773
room7,all_sensor,10,2025-09-02,plateau (>70 d),-4.826007789682594
room7,all_sensor,10,2025-09-03,plateau (>70 d),-3.3367924347844244
room7,all_sensor,10,2025-09-04,plateau (>70 d),5.092462223441719
room7,all_sensor,10,2025-09-05,plateau (>70 d),6.979500315931824
room7,all_sensor,10,2025-09-06,plateau (>70 d),0.8844670315447338
room7,all_sensor,10,2025-09-07,plateau (>70 d),3.974055484650325
room7,all_sensor,10,2025-09-08,plateau (>70 d),7.360778422077941
room7,all_sensor,10,2025-09-09,plateau (>70 d),3.0476640711406304
room7,all_sensor,10,2025-09-10,plateau (>70 d),-2.883845155837415
room7,all_sensor,10,2025-09-11,plateau (>70 d),-4.587379767906569
room7,all_sensor,10,2025-09-12,plateau (>70 d),-10.093100626300133
room7,all_sensor,10,2025-09-13,plateau (>70 d),-12.470320448378676
room7,all_sensor,10,2025-09-14,plateau (>70 d),-13.058378491351043
room7,all_sensor,10,2025-09-15,plateau (>70 d),-20.3507256099434
room7,all_sensor,10,2025-09-16,plateau (>70 d),-18.256024081215475
room7,all_sensor,10,2025-09-17,plateau (>70 d),-19.109052755149133
room7,all_sensor,10,2025-09-18,plateau (>70 d),-24.027490027939493
room7,all_sensor,10,2025-09-19,plateau (>70 d),-21.244406238117048
room7,all_sensor,10,2025-09-20,plateau (>70 d),0.9602864946408829
room7,all_sensor,10,2025-09-21,plateau (>70 d),8.553821544199042
room7,all_sensor,10,2025-09-22,plateau (>70 d),11.08514931162766
room7,all_sensor,10,2025-09-23,plateau (>70 d),4.859272358190115
room7,all_sensor,10,2025-09-24,plateau (>70 d),16.59702465178955
room7,all_sensor,10,2025-09-25,plateau (>70 d),-15.891661225587637
room7,all_sensor,10,2025-09-26,plateau (>70 d),-15.496457378839919
room7,all_sensor,10,2025-09-27,plateau (>70 d),-13.901152173954719
room7,all_sensor,10,2025-09-28,plateau (>70 d),-13.60005695599692
room7,all_sensor,10,2025-09-29,plateau (>70 d),-15.530967194538935
room7,all_sensor,10,2025-09-30,plateau (>70 d),-8.732332060406481
room7,all_sensor,10,2025-10-01,plateau (>70 d),-7.453921771827584
room7,all_sensor,10,2025-10-02,plateau (>70 d),-8.236332157861263
room7,all_sensor,10,2025-10-03,plateau (>70 d),-13.538916643967795
room7,all_sensor,10,2025-10-04,plateau (>70 d),-11.489289700404877
room7,all_sensor,10,2025-10-05,plateau (>70 d),-19.53114528763531
room7,all_sensor,10,2025-10-06,plateau (>70 d),-15.739180141549623
room7,all_sensor,10,2025-10-07,plateau (>70 d),-19.71270200569809
room7,all_sensor,10,2025-10-08,plateau (>70 d),-19.023501753520755
room7,all_sensor,10,2025-10-09,plateau (>70 d),-16.13859032075866
room7,all_sensor,10,2025-10-10,plateau (>70 d),-24.916202560440226
room7,all_sensor,10,2025-10-11,plateau (>70 d),-19.19756301280345
room7,all_sensor,10,2025-10-12,plateau (>70 d),-30.734777233194457
room7,all_sensor,10,2025-10-13,plateau (>70 d),-23.64462435401244
room7,all_sensor,10,2025-10-14,plateau (>70 d),-20.724079582862615
room7,all_sensor,10,2025-10-15,plateau (>70 d),-21.262473740164705
room7,all_sensor,10,2025-10-16,plateau (>70 d),-17.961517652200985
room7,all_sensor,10,2025-10-17,plateau (>70 d),-13.807923992089345
room7,all_sensor,10,2025-10-18,plateau (>70 d),-15.609392437188792
room7,all_sensor,10,2025-10-19,plateau (>70 d),-16.761386742251535
room7,all_sensor,10,2025-10-20,plateau (>70 d),9.217950316334571
room7,all_sensor,10,2025-10-21,plateau (>70 d),10.74880319953886
room7,all_sensor,10,2025-10-22,plateau (>70 d),-16.187407529793678
room7,all_sensor,10,2025-10-23,plateau (>70 d),-8.063843849426181
room7,all_sensor,10,2025-10-24,plateau (>70 d),12.923422155795064
room7,all_sensor,10,2025-10-25,plateau (>70 d),3.3854324633601256
room7,all_sensor,10,2025-10-26,plateau (>70 d),25.210201969943704
room7,all_sensor,10,2025-10-27,plateau (>70 d),-10.123168863680197
room7,all_sensor,10,2025-10-28,plateau (>70 d),-2.6673494614161877
room7,all_sensor,10,2025-10-29,plateau (>70 d),9.547948235555474
room7,all_sensor,10,2025-10-30,plateau (>70 d),9.422991293166739
room7,all_sensor,10,2025-10-31,plateau (>70 d),0.5345442336014017
room7,all_sensor,10,2025-11-01,plateau (>70 d),0.3348512988682568
room7,all_sensor,10,2025-11-02,plateau (>70 d),6.941578672347806
room7,all_sensor,10,2025-11-03,plateau (>70 d),11.227778591338678
room7,all_sensor,10,2025-11-04,plateau (>70 d),12.661296335168949
room7,all_sensor,10,2025-11-05,plateau (>70 d),2.4101929677791194
room7,all_sensor,10,2025-11-06,plateau (>70 d),5.671325664526957
room7,all_sensor,10,2025-11-07,plateau (>70 d),26.042267645915736
room7,all_sensor,10,2025-11-08,plateau (>70 d),15.754570418797526
room7,all_sensor,10,2025-11-09,plateau (>70 d),-22.701568670175025
room7,all_sensor,10,2025-11-10,plateau (>70 d),-23.268179537227326
room7,all_sensor,10,2025-11-11,plateau (>70 d),-12.513678261651746
room7,all_sensor,10,2025-11-12,plateau (>70 d),-14.660022577351105
room7,all_sensor,10,2025-11-13,plateau (>70 d),-5.239236862576865
room7,all_sensor,10,2025-11-14,plateau (>70 d),-2.388714980023707
room7,all_sensor,10,2025-11-15,plateau (>70 d),-4.679136066033088
room7,all_sensor,10,2025-11-16,plateau (>70 d),-3.6045658710087807
room7,all_sensor,10,2025-11-17,plateau (>70 d),8.3126106933716
room7,all_sensor,10,2025-11-18,plateau (>70 d),10.666007802232507
room7,all_sensor,10,2025-11-19,plateau (>70 d),9.333623126705426
room7,all_sensor,10,2025-11-20,plateau (>70 d),13.188695502563935
room7,all_sensor,10,2025-11-21,plateau (>70 d),12.573475999109217
room7,all_sensor,10,2025-11-22,plateau (>70 d),13.518484144180462
room7,all_sensor,10,2025-11-23,plateau (>70 d),14.688521502843788
room7,all_sensor,10,2025-11-24,plateau (>70 d),17.642972463353498
room7,all_sensor,10,2025-11-25,plateau (>70 d),18.23324356540786
room7,all_sensor,10,2025-11-26,plateau (>70 d),19.10524074872119
room7,all_sensor,10,2025-11-27,plateau (>70 d),15.075138423491584
room7,all_sensor,10,2025-11-28,plateau (>70 d),18.70557361306961
room7,all_sensor,10,2025-11-29,plateau (>70 d),15.401206905841015
room7,all_sensor,10,2025-11-30,plateau (>70 d),15.278908288107534
room7,all_sensor,10,2025-12-01,plateau (>70 d),15.061978731377742
room7,all_sensor,10,2025-12-02,plateau (>70 d),12.010549592242779
room7,all_sensor,10,2025-12-03,plateau (>70 d),10.866302233347826
room7,all_sensor,15,2025-07-19,growth (<=70 d),-10.883908000883816
room7,all_sensor,15,2025-07-20,growth (<=70 d),-9.602040755288073
room7,all_sensor,15,2025-07-21,growth (<=70 d),-7.796473368716598
room7,all_sensor,15,2025-07-25,growth (<=70 d),12.400900109685043
room7,all_sensor,15,2025-07-26,growth (<=70 d),-12.767075612854883
room7,all_sensor,15,2025-07-27,growth (<=70 d),-13.465991089916248
room7,all_sensor,15,2025-07-28,growth (<=70 d),-11.799268250311291
room7,all_sensor,15,2025-07-30,growth (<=70 d),-9.078340224292049
room7,all_sensor,15,2025-07-31,growth (<=70 d),-12.213985644253194
room7,all_sensor,15,2025-08-01,growth (<=70 d),-10.928647074618958
room7,all_sensor,15,2025-08-03,growth (<=70 d),-14.195618723803616
room7,all_sensor,15,2025-08-04,growth (<=70 d),-13.49523359154214
room7,all_sensor,15,2025-08-05,growth (<=70 d),-15.173115659139096
room7,all_sensor,15,2025-08-06,growth (<=70 d),-14.894077513165444
room7,all_sensor,15,2025-08-07,growth (<=70 d),-14.059401721594528
room7,all_sensor,15,2025-08-08,growth (<=70 d),-11.232792286332362
room7,all_sensor,15,2025-08-09,growth (<=70 d),-16.656946627420957
room7,all_sensor,15,2025-08-10,growth (<=70 d),-12.624871776355874
room7,all_sensor,15,2025-08-11,growth (<=70 d),3.9861876690628506
room7,all_sensor,15,2025-08-12,growth (<=70 d),-16.063516399844175
room7,all_sensor,15,2025-08-13,growth (<=70 d),-17.810286525233636
room7,all_sensor,15,2025-08-14,plateau (>70 d),-18.066570526737948
room7,all_sensor,15,2025-08-16,plateau (>70 d),-22.85779408263283
room7,all_sensor,15,2025-08-18,plateau (>70 d),-7.1962810906265045
room7,all_sensor,15,2025-08-19,plateau (>70 d),-22.3389771638311
room7,all_sensor,15,2025-08-23,plateau (>70 d),-26.270745434431916
room7,all_sensor,15,2025-08-24,plateau (>70 d),-27.192072787353318
room7,all_sensor,15,2025-08-25,plateau (>70 d),-29.058076967626995
room7,all_sensor,15,2025-08-26,plateau (>70 d),-27.8040600175025
room7,all_sensor,15,2025-08-27,plateau (>70 d),-28.966037919429997
room7,all_sensor,15,2025-08-28,plateau (>70 d),-29.244913238669913
room7,all_sensor,15,2025-08-29,plateau (>70 d),-30.00376904527923
room7,all_sensor,15,2025-08-31,plateau (>70 d),-21.539972651026645
room7,all_sensor,15,2025-09-01,plateau (>70 d),-20.918579022879708
room7,all_sensor,15,2025-09-02,plateau (>70 d),-19.28716327897107
room7,all_sensor,15,2025-09-03,plateau (>70 d),-12.625809571279321
room7,all_sensor,15,2025-09-07,plateau (>70 d),-0.9584144797911396
room7,all_sensor,15,2025-09-08,plateau (>70 d),-2.5313595051472295
room7,all_sensor,15,2025-09-09,plateau (>70 d),2.4053367566740373
room7,all_sensor,15,2025-09-10,plateau (>70 d),-1.7843179427254547
room7,all_sensor,15,2025-09-11,plateau (>70 d),-11.643587540755819
room7,all_sensor,15,2025-09-12,plateau (>70 d),-13.402088843471999
room7,all_sensor,15,2025-09-13,plateau (>70 d),-11.73783111993739
room7,all_sensor,15,2025-09-14,plateau (>70 d),-16.0509454708747
room7,all_sensor,15,2025-09-15,plateau (>70 d),-21.98245469785275
room7,all_sensor,15,2025-09-16,plateau (>70 d),-23.6859893099219
room7,all_sensor,15,2025-09-17,plateau (>70 d),-29.191710168315467
room7,all_sensor,15,2025-09-18,plateau (>70 d),-28.86774111269854
room7,all_sensor,15,2025-09-19,plateau (>70 d),-25.21107377643511
room7,all_sensor,15,2025-09-20,plateau (>70 d),-27.624241835112798
room7,all_sensor,15,2025-09-21,plateau (>70 d),-20.182790043595208
room7,all_sensor,15,2025-09-22,plateau (>70 d),-17.562861589063235
room7,all_sensor,15,2025-09-23,plateau (>70 d),-19.97305204685062
room7,all_sensor,15,2025-09-24,plateau (>70 d),-17.189968257028173
room7,all_sensor,15,2025-09-25,plateau (>70 d),5.014724475729755
room7,all_sensor,15,2025-09-26,plateau (>70 d),12.608259525287917
room7,all_sensor,15,2025-09-27,plateau (>70 d),15.139587292716536
room7,all_sensor,15,2025-09-28,plateau (>70 d),8.16260919057052
room7,all_sensor,15,2025-09-29,plateau (>70 d),18.12503149631354
room7,all_sensor,15,2025-09-30,plateau (>70 d),-15.934138601090456
room7,all_sensor,15,2025-10-01,plateau (>70 d),-17.519110510028717
room7,all_sensor,15,2025-10-02,plateau (>70 d),-17.48230035285222
room7,all_sensor,15,2025-10-03,plateau (>70 d),-18.726473830732083
room7,all_sensor,15,2025-10-04,plateau (>70 d),-19.845056544986015
room7,all_sensor,15,2025-10-05,plateau (>70 d),-12.871724792500995
room7,all_sensor,15,2025-10-06,plateau (>70 d),-11.593314503922098
room7,all_sensor,15,2025-10-07,plateau (>70 d),-4.3483607206575225
room7,all_sensor,15,2025-10-08,plateau (>70 d),-16.998969539349538
room7,all_sensor,15,2025-10-09,plateau (>70 d),-16.432956441669866
room7,all_sensor,15,2025-10-10,plateau (>70 d),-22.118134628155204
room7,all_sensor,15,2025-10-11,plateau (>70 d),-18.41217696358288
room7,all_sensor,15,2025-10-12,plateau (>70 d),-21.760920496260972
room7,all_sensor,15,2025-10-13,plateau (>70 d),-19.980645916755623
room7,all_sensor,15,2025-10-14,plateau (>70 d),-17.981341813290264
room7,all_sensor,15,2025-10-15,plateau (>70 d),-27.40809782296261
room7,all_sensor,15,2025-10-16,plateau (>70 d),-20.79416609586508
room7,all_sensor,15,2025-10-17,plateau (>70 d),-34.38723146488996
room7,all_sensor,15,2025-10-18,plateau (>70 d),-24.924195991617285
room7,all_sensor,15,2025-10-19,plateau (>70 d),-22.22588979425
room7,all_sensor,15,2025-10-20,plateau (>70 d),-23.333609213636848
room7,all_sensor,15,2025-10-21,plateau (>70 d),-20.088018939234466
room7,all_sensor,15,2025-10-22,plateau (>70 d),-16.05207763294068
room7,all_sensor,15,2025-10-23,plateau (>70 d),-18.457583145175604
room7,all_sensor,15,2025-10-24,plateau (>70 d),-20.051569629581195
room7,all_sensor,15,2025-10-25,plateau (>70 d),6.758666696005795
room7,all_sensor,15,2025-10-26,plateau (>70 d),8.415404561163232
room7,all_sensor,15,2025-10-27,plateau (>70 d),-19.238088097739748
room7,all_sensor,15,2025-10-28,plateau (>70 d),-10.180551677838672
room7,all_sensor,15,2025-10-29,plateau (>70 d),16.311018968752116
room7,all_sensor,15,2025-10-30,plateau (>70 d),-2.2250388339269573
room7,all_sensor,15,2025-10-31,plateau (>70 d),23.5068482823931
room7,all_sensor,15,2025-11-01,plateau (>70 d),-11.474501033348805
room7,all_sensor,15,2025-11-02,plateau (>70 d),-4.122309448858121
room7,all_sensor,15,2025-11-03,plateau (>70 d),8.159413238724149
room7,all_sensor,15,2025-11-04,plateau (>70 d),8.034456296335414
room7,all_sensor,15,2025-11-05,plateau (>70 d),-0.8539907632299233
room7,all_sensor,15,2025-11-06,plateau (>70 d),-1.0536836979630682
room7,all_sensor,15,2025-11-07,plateau (>70 d),4.514978354861929
room7,all_sensor,15,2025-11-08,plateau (>70 d),10.165411650338353
room7,all_sensor,15,2025-11-09,plateau (>70 d),11.707652079445623
room7,all_sensor,15,2025-11-10,plateau (>70 d),1.6232568294805265
room7,all_sensor,15,2025-11-11,plateau (>70 d),5.087338538745431
room7,all_sensor,15,2025-11-12,plateau (>70 d),25.092922681860344
room7,all_sensor,15,2025-11-13,plateau (>70 d),15.2358169041822
room7,all_sensor,15,2025-11-14,plateau (>70 d),-23.22032218479035
room7,all_sensor,15,2025-11-15,plateau (>70 d),-23.786933051842652
room7,all_sensor,15,2025-11-16,plateau (>70 d),-13.032431776267071
room7,all_sensor,15,2025-11-17,plateau (>70 d),-15.226600211075613
room7,all_sensor,15,2025-11-18,plateau (>70 d),-5.9540692655398395
room7,all_sensor,15,2025-11-19,plateau (>70 d),-3.323554649812486
room7,all_sensor,15,2025-11-20,plateau (>70 d),-5.647436300274723
room7,all_sensor,15,2025-11-21,plateau (>70 d),-4.687643991112452
room7,all_sensor,15,2025-11-22,plateau (>70 d),7.219967749446088
room7,all_sensor,15,2025-11-23,plateau (>70 d),9.573364858306995
room7,all_sensor,15,2025-11-24,plateau (>70 d),8.240980182779914
room7,all_sensor,15,2025-11-25,plateau (>70 d),12.096052558638423
room7,all_sensor,15,2025-11-26,plateau (>70 d),11.480833055183705
room7,all_sensor,15,2025-11-27,plateau (>70 d),11.691979204089428
room7,all_sensor,15,2025-11-28,plateau (>70 d),11.589989102732506
room7,all_sensor,15,2025-11-29,plateau (>70 d),13.419185002455105
room7,all_sensor,15,2025-11-30,plateau (>70 d),12.83527691064463
room7,all_sensor,15,2025-12-01,plateau (>70 d),12.3373983677823
room7,all_sensor,15,2025-12-02,plateau (>70 d),8.111599510241899
room7,all_sensor,15,2025-12-03,plateau (>70 d),10.835366278491884
room7,all_sensor,20,2025-07-24,growth (<=70 d),-17.441786680604494
room7,all_sensor,20,2025-07-25,growth (<=70 d),-15.855090956068322
room7,all_sensor,20,2025-07-26,growth (<=70 d),-13.10484725172359
room7,all_sensor,20,2025-07-30,growth (<=70 d),6.937066429912513
room7,all_sensor,20,2025-07-31,growth (<=70 d),-18.424056312851263
room7,all_sensor,20,2025-08-01,growth (<=70 d),-14.608546612967352
room7,all_sensor,20,2025-08-04,growth (<=70 d),-15.51733081104841
room7,all_sensor,20,2025-08-05,growth (<=70 d),-18.652976231009553
room7,all_sensor,20,2025-08-06,growth (<=70 d),-17.761320722184486
room7,all_sensor,20,2025-08-07,growth (<=70 d),-18.741499870213843
room7,all_sensor,20,2025-08-08,growth (<=70 d),-20.084530447067046
room7,all_sensor,20,2025-08-09,growth (<=70 d),-20.113875531112175
room7,all_sensor,20,2025-08-10,growth (<=70 d),-22.115130033773745
room7,all_sensor,20,2025-08-11,growth (<=70 d),-22.087603781739237
room7,all_sensor,20,2025-08-12,growth (<=70 d),-21.552346911524452
room7,all_sensor,20,2025-08-13,growth (<=70 d),-18.965272613347178
room7,all_sensor,20,2025-08-14,plateau (>70 d),-24.53314803668671
room7,all_sensor,20,2025-08-16,plateau (>70 d),-3.890013740202903
room7,all_sensor,20,2025-08-17,plateau (>70 d),-23.93971780910993
room7,all_sensor,20,2025-08-18,plateau (>70 d),-25.68648793449939
room7,all_sensor,20,2025-08-19,plateau (>70 d),-26.103747838634504
room7,all_sensor,20,2025-08-23,plateau (>70 d),-16.199313818307886
room7,all_sensor,20,2025-08-24,plateau (>70 d),-31.422497842827884
room7,all_sensor,20,2025-08-25,plateau (>70 d),-32.200067962025685
room7,all_sensor,20,2025-08-26,plateau (>70 d),-33.17289130999581
room7,all_sensor,20,2025-08-27,plateau (>70 d),-35.78178383964183
room7,all_sensor,20,2025-08-28,plateau (>70 d),-35.3542661134287
room7,all_sensor,20,2025-08-29,plateau (>70 d),-34.332926368016864
room7,all_sensor,20,2025-08-30,plateau (>70 d),-33.67595317581002
room7,all_sensor,20,2025-08-31,plateau (>70 d),-30.08824585233296
room7,all_sensor,20,2025-09-01,plateau (>70 d),-28.832635958937864
room7,all_sensor,20,2025-09-02,plateau (>70 d),-26.451332507438426
room7,all_sensor,20,2025-09-03,plateau (>70 d),-26.13617573538778
room7,all_sensor,20,2025-09-05,plateau (>70 d),-17.67237934113519
room7,all_sensor,20,2025-09-06,plateau (>70 d),-17.050985712988254
room7,all_sensor,20,2025-09-07,plateau (>70 d),-15.419569969079618
room7,all_sensor,20,2025-09-08,plateau (>70 d),-10.863451522812634
room7,all_sensor,20,2025-09-12,plateau (>70 d),-18.82941359550171
room7,all_sensor,20,2025-09-13,plateau (>70 d),-21.62996904716256
room7,all_sensor,20,2025-09-14,plateau (>70 d),-16.693272785341296
room7,all_sensor,20,2025-09-15,plateau (>70 d),-20.882927484740787
room7,all_sensor,20,2025-09-16,plateau (>70 d),-30.742197082771153
room7,all_sensor,20,2025-09-17,plateau (>70 d),-32.500698385487325
room7,all_sensor,20,2025-09-18,plateau (>70 d),-27.556425596179647
room7,all_sensor,20,2025-09-19,plateau (>70 d),-27.238930442496116
room7,all_sensor,20,2025-09-20,plateau (>70 d),-28.15394603946821
room7,all_sensor,20,2025-09-21,plateau (>70 d),-25.831921243422876
room7,all_sensor,20,2025-09-22,plateau (>70 d),-26.633347530393216
room7,all_sensor,20,2025-09-23,plateau (>70 d),-24.813303131609665
room7,all_sensor,20,2025-09-24,plateau (>70 d),-21.156635795346237
room7,all_sensor,20,2025-09-25,plateau (>70 d),-23.569803854023924
room7,all_sensor,20,2025-09-26,plateau (>70 d),-16.128352062506337
room7,all_sensor,20,2025-09-27,plateau (>70 d),-13.508423607974361
room7,all_sensor,20,2025-09-28,plateau (>70 d),-17.179759621012778
room7,all_sensor,20,2025-09-29,plateau (>70 d),-15.73613453090701
room7,all_sensor,20,2025-09-30,plateau (>70 d),4.699119409787482
room7,all_sensor,20,2025-10-01,plateau (>70 d),10.824427459522164
room7,all_sensor,20,2025-10-02,plateau (>70 d),11.612919929016309
room7,all_sensor,20,2025-10-03,plateau (>70 d),4.673873046724649
room7,all_sensor,20,2025-10-04,plateau (>70 d),13.985638764219024
room7,all_sensor,20,2025-10-05,plateau (>70 d),-20.07353133318497
room7,all_sensor,20,2025-10-06,plateau (>70 d),-20.510779466560308
room7,all_sensor,20,2025-10-07,plateau (>70 d),-21.64494407173926
room7,all_sensor,20,2025-10-08,plateau (>70 d),-20.90689265252733
room7,all_sensor,20,2025-10-09,plateau (>70 d),-23.102845872555406
room7,all_sensor,20,2025-10-10,plateau (>70 d),-15.036695590135471
room7,all_sensor,20,2025-10-11,plateau (>70 d),-13.483100390185678
room7,all_sensor,20,2025-10-12,plateau (>70 d),-9.304776590200497
room7,all_sensor,20,2025-10-13,plateau (>70 d),-18.726798785043762
room7,all_sensor,20,2025-10-14,plateau (>70 d),-18.27570793420147
room7,all_sensor,20,2025-10-15,plateau (>70 d),-23.595080702886364
room7,all_sensor,20,2025-10-16,plateau (>70 d),-20.3770427367509
room7,all_sensor,20,2025-10-17,plateau (>70 d),-23.63689089385664
room7,all_sensor,20,2025-10-18,plateau (>70 d),-21.022353609379934
room7,all_sensor,20,2025-10-19,plateau (>70 d),-20.812640430306686
room7,all_sensor,20,2025-10-20,plateau (>70 d),-29.482693659782335
room7,all_sensor,20,2025-10-21,plateau (>70 d),-22.955271016374404
room7,all_sensor,20,2025-10-22,plateau (>70 d),-36.60370219896062
room7,all_sensor,20,2025-10-23,plateau (>70 d),-27.182191085858957
room7,all_sensor,20,2025-10-24,plateau (>70 d),-24.268780942105934
room7,all_sensor,20,2025-10-25,plateau (>70 d),-24.808364124522093
room7,all_sensor,20,2025-10-26,plateau (>70 d),-22.346014033476138
room7,all_sensor,20,2025-10-27,plateau (>70 d),-18.31007272718235
room7,all_sensor,20,2025-10-28,plateau (>70 d),-20.002209111872332
room7,all_sensor,20,2025-10-29,plateau (>70 d),-22.012499190540996
room7,all_sensor,20,2025-10-30,plateau (>70 d),6.460671510413256
room7,all_sensor,20,2025-10-31,plateau (>70 d),6.784145287138183
room7,all_sensor,20,2025-11-01,plateau (>70 d),-20.68096435065922
room7,all_sensor,20,2025-11-02,plateau (>70 d),-11.569086674669997
room7,all_sensor,20,2025-11-03,plateau (>70 d),14.92248397192079
room7,all_sensor,20,2025-11-04,plateau (>70 d),-3.6135738307582823
room7,all_sensor,20,2025-11-05,plateau (>70 d),22.118313285561776
room7,all_sensor,20,2025-11-06,plateau (>70 d),-12.86303603018013
room7,all_sensor,20,2025-11-07,plateau (>70 d),-5.409369939430912
room7,all_sensor,20,2025-11-08,plateau (>70 d),7.046309044594556
room7,all_sensor,20,2025-11-09,plateau (>70 d),7.080812040612088
room7,all_sensor,20,2025-11-10,plateau (>70 d),-1.6626714385839154
room7,all_sensor,20,2025-11-11,plateau (>70 d),-1.615926286689195
room7,all_sensor,20,2025-11-12,plateau (>70 d),5.099523772067354
room7,all_sensor,20,2025-11-13,plateau (>70 d),9.646658135723026
room7,all_sensor,20,2025-11-14,plateau (>70 d),11.188898564830296
room7,all_sensor,20,2025-11-15,plateau (>70 d),1.1045033148652017
room7,all_sensor,20,2025-11-16,plateau (>70 d),4.568585024130105
room7,all_sensor,20,2025-11-17,plateau (>70 d),24.521562636224917
room7,all_sensor,20,2025-11-18,plateau (>70 d),14.564026208417491
room7,all_sensor,20,2025-11-19,plateau (>70 d),-23.999999394136278
room7,all_sensor,20,2025-11-20,plateau (>70 d),-24.745668462262454
room7,all_sensor,20,2025-11-21,plateau (>70 d),-14.062903365350646
room7,all_sensor,20,2025-11-22,plateau (>70 d),-16.319243155001125
room7,all_sensor,20,2025-11-23,plateau (>70 d),-7.046712209465351
room7,all_sensor,20,2025-11-24,plateau (>70 d),-4.306185800863307
room7,all_sensor,20,2025-11-25,plateau (>70 d),-6.740079244200235
room7,all_sensor,20,2025-11-26,plateau (>70 d),-5.780286935037964
room7,all_sensor,20,2025-11-27,plateau (>70 d),5.344538676277363
room7,all_sensor,20,2025-11-28,plateau (>70 d),6.523756591273436
room7,all_sensor,20,2025-11-29,plateau (>70 d),3.9682685888037987
room7,all_sensor,20,2025-11-30,plateau (>70 d),6.724130767910932
room7,all_sensor,20,2025-12-01,plateau (>70 d),5.035111161774605
room7,all_sensor,20,2025-12-02,plateau (>70 d),4.7284402908397425
room7,all_sensor,20,2025-12-03,plateau (>70 d),3.810472469111634
room7,both,0,2025-07-04,growth (<=70 d),4.683956362940027
room7,both,0,2025-07-05,growth (<=70 d),6.119160507129024
room7,both,0,2025-07-06,growth (<=70 d),9.337023828707384
room7,both,0,2025-07-10,growth (<=70 d),14.108756089557904
room7,both,0,2025-07-11,growth (<=70 d),4.190046058230388
room7,both,0,2025-07-12,growth (<=70 d),4.780426938386121
room7,both,0,2025-07-13,growth (<=70 d),4.337140159146532
room7,both,0,2025-07-15,growth (<=70 d),12.6661813180286
room7,both,0,2025-07-16,growth (<=70 d),4.08904874405537
room7,both,0,2025-07-17,growth (<=70 d),5.191828535595328
room7,both,0,2025-07-18,growth (<=70 d),4.450311620200193
room7,both,0,2025-07-19,growth (<=70 d),3.3184053260618733
room7,both,0,2025-07-20,growth (<=70 d),3.6908632293761494
room7,both,0,2025-07-21,growth (<=70 d),2.2783385399435274
room7,both,0,2025-07-22,growth (<=70 d),2.7552346090733195
room7,both,0,2025-07-23,growth (<=70 d),3.8254555472586875
room7,both,0,2025-07-24,growth (<=70 d),7.257631784663419
room7,both,0,2025-07-25,growth (<=70 d),1.8075897444434654
room7,both,0,2025-07-26,growth (<=70 d),6.331831538041468
room7,both,0,2025-07-27,growth (<=70 d),14.55497084864086
room7,both,0,2025-07-28,growth (<=70 d),3.9845136132131422
room7,both,0,2025-07-29,growth (<=70 d),2.665714742200132
room7,both,0,2025-07-30,growth (<=70 d),2.879240165708458
room7,both,0,2025-07-31,growth (<=70 d),-0.35246253911905256
room7,both,0,2025-08-01,growth (<=70 d),-1.334223447446342
room7,both,0,2025-08-03,growth (<=70 d),-2.440118386725718
room7,both,0,2025-08-04,growth (<=70 d),0.18298250298682284
room7,both,0,2025-08-05,growth (<=70 d),-0.15383260083758898
room7,both,0,2025-08-06,growth (<=70 d),-0.5095989272849355
room7,both,0,2025-08-07,growth (<=70 d),-2.545509936945539
room7,both,0,2025-08-08,growth (<=70 d),-1.6331616938216573
room7,both,0,2025-08-09,growth (<=70 d),-2.175051399365369
room7,both,0,2025-08-10,growth (<=70 d),-3.8096527196072687
room7,both,0,2025-08-11,growth (<=70 d),-2.334293903365417
room7,both,0,2025-08-12,growth (<=70 d),-3.305112920918833
room7,both,0,2025-08-13,growth (<=70 d),-3.3425243862125438
room7,both,0,2025-08-14,plateau (>70 d),-5.81214508153179
room7,both,0,2025-08-16,plateau (>70 d),-1.662222111324855
room7,both,0,2025-08-17,plateau (>70 d),-3.2917224710163744
room7,both,0,2025-08-18,plateau (>70 d),-3.9015552286253286
room7,both,0,2025-08-19,plateau (>70 d),0.48645302784138345
room7,both,0,2025-08-23,plateau (>70 d),0.9295493289597339
room7,both,0,2025-08-24,plateau (>70 d),0.15231973580246283
room7,both,0,2025-08-25,plateau (>70 d),6.507820253218014
room7,both,0,2025-08-26,plateau (>70 d),5.072314991148623
room7,both,0,2025-08-27,plateau (>70 d),-3.0733113414791156
room7,both,0,2025-08-28,plateau (>70 d),-2.789797585965964
room7,both,0,2025-08-29,plateau (>70 d),2.8791372063151393
room7,both,0,2025-08-30,plateau (>70 d),3.1592634257591854
room7,both,0,2025-08-31,plateau (>70 d),2.2037648166943207
room7,both,0,2025-09-01,plateau (>70 d),4.489977717426816
room7,both,0,2025-09-02,plateau (>70 d),3.663638807630152
room7,both,0,2025-09-03,plateau (>70 d),5.440086116467638
room7,both,0,2025-09-04,plateau (>70 d),9.062498596344874
room7,both,0,2025-09-05,plateau (>70 d),6.568832386692088
room7,both,0,2025-09-06,plateau (>70 d),14.00825926607258
room7,both,0,2025-09-07,plateau (>70 d),16.60016101992494
room7,both,0,2025-09-08,plateau (>70 d),11.038681399600033
room7,both,0,2025-09-09,plateau (>70 d),9.490463127721638
room7,both,0,2025-09-10,plateau (>70 d),26.80921356634928
room7,both,0,2025-09-11,plateau (>70 d),30.191998534265174
room7,both,0,2025-09-12,plateau (>70 d),27.09403118601677
room7,both,0,2025-09-13,plateau (>70 d),17.832448199214763
room7,both,0,2025-09-14,plateau (>70 d),24.502339893092188
room7,both,0,2025-09-15,plateau (>70 d),-13.291909934683563
room7,both,0,2025-09-16,plateau (>70 d),-17.62412939754906
room7,both,0,2025-09-17,plateau (>70 d),-20.542528038810076
room7,both,0,2025-09-18,plateau (>70 d),-20.411576388587292
room7,both,0,2025-09-19,plateau (>70 d),-20.840284329712365
room7,both,0,2025-09-20,plateau (>70 d),-12.334601130333368
room7,both,0,2025-09-21,plateau (>70 d),-9.693665780278188
room7,both,0,2025-09-22,plateau (>70 d),-6.309978064702264
room7,both,0,2025-09-23,plateau (>70 d),-12.184903108887337
room7,both,0,2025-09-24,plateau (>70 d),-11.875302466533842
room7,both,0,2025-09-25,plateau (>70 d),-15.212711334818259
room7,both,0,2025-09-26,plateau (>70 d),-9.985338147130792
room7,both,0,2025-09-27,plateau (>70 d),-12.048453844997816
room7,both,0,2025-09-28,plateau (>70 d),-11.070073798269805
room7,both,0,2025-09-29,plateau (>70 d),-9.397092958761522
room7,both,0,2025-09-30,plateau (>70 d),-18.568852224997944
room7,both,0,2025-10-01,plateau (>70 d),-12.398892483375226
room7,both,0,2025-10-02,plateau (>70 d),-27.685312980135095
room7,both,0,2025-10-03,plateau (>70 d),-17.30868586469044
room7,both,0,2025-10-04,plateau (>70 d),-15.889521365067433
room7,both,0,2025-10-05,plateau (>70 d),-14.945645203287793
room7,both,0,2025-10-06,plateau (>70 d),-14.317094704924795
room7,both,0,2025-10-07,plateau (>70 d),-13.687212196028495
room7,both,0,2025-10-08,plateau (>70 d),-11.460340108760303
room7,both,0,2025-10-09,plateau (>70 d),-11.63836734777112
room7,both,0,2025-10-10,plateau (>70 d),12.914977121187086
room7,both,0,2025-10-11,plateau (>70 d),14.83052057901893
room7,both,0,2025-10-12,plateau (>70 d),-10.723184467869661
room7,both,0,2025-10-13,plateau (>70 d),-3.879090815619159
room7,both,0,2025-10-14,plateau (>70 d),17.153932368102737
room7,both,0,2025-10-15,plateau (>70 d),11.53107606018812
room7,both,0,2025-10-16,plateau (>70 d),29.67009074103371
room7,both,0,2025-10-17,plateau (>70 d),-5.73727391644602
room7,both,0,2025-10-18,plateau (>70 d),1.7774012022544596
room7,both,0,2025-10-19,plateau (>70 d),14.574469293266583
room7,both,0,2025-10-20,plateau (>70 d),13.671179834272682
room7,both,0,2025-10-21,plateau (>70 d),9.401027032921549
room7,both,0,2025-10-22,plateau (>70 d),4.830124353337734
room7,both,0,2025-10-23,plateau (>70 d),10.65047535463555
room7,both,0,2025-10-24,plateau (>70 d),14.568583054328458
room7,both,0,2025-10-25,plateau (>70 d),15.895014290627262
room7,both,0,2025-10-26,plateau (>70 d),5.662477516835061
room7,both,0,2025-10-27,plateau (>70 d),8.607660481206398
room7,both,0,2025-10-28,plateau (>70 d),28.29219267873372
room7,both,0,2025-10-29,plateau (>70 d),18.29969868386924
room7,both,0,2025-10-30,plateau (>70 d),-20.424623028786574
room7,both,0,2025-10-31,plateau (>70 d),-21.15794201326361
room7,both,0,2025-11-01,plateau (>70 d),-10.512163422965028
room7,both,0,2025-11-02,plateau (>70 d),-12.82521585608912
room7,both,0,2025-11-03,plateau (>70 d),-3.629123690887347
room7,both,0,2025-11-04,plateau (>70 d),-0.9453099257589184
room7,both,0,2025-11-05,plateau (>70 d),-3.453176382322299
room7,both,0,2025-11-06,plateau (>70 d),-2.552562483741191
room7,both,0,2025-11-07,plateau (>70 d),9.426636313176944
room7,both,0,2025-11-08,plateau (>70 d),11.894811307899888
room7,both,0,2025-11-09,plateau (>70 d),10.681986930145763
room7,both,0,2025-11-10,plateau (>70 d),14.627925132311717
room7,both,0,2025-11-11,plateau (>70 d),14.132265926629954
room7,both,0,2025-11-12,plateau (>70 d),15.201616781385074
room7,both,0,2025-11-13,plateau (>70 d),16.495996849732272
room7,both,0,2025-11-14,plateau (>70 d),19.5604432841931
room7,both,0,2025-11-15,plateau (>70 d),20.265492272109498
room7,both,0,2025-11-16,plateau (>70 d),21.271396988928544
room7,both,0,2025-11-17,plateau (>70 d),17.94536217443044
room7,both,0,2025-11-18,plateau (>70 d),23.043521356339507
room7,both,0,2025-11-19,plateau (>70 d),20.570722662464334
room7,both,0,2025-11-20,plateau (>70 d),21.86736615295169
room7,both,0,2025-11-21,plateau (>70 d),22.971388189319832
room7,both,0,2025-11-22,plateau (>70 d),20.9476616333997
room7,both,0,2025-11-23,plateau (>70 d),20.99201888755357
room7,both,0,2025-11-24,plateau (>70 d),22.54395678319885
room7,both,0,2025-11-25,plateau (>70 d),23.30487636016083
room7,both,0,2025-11-26,plateau (>70 d),23.61434853286045
room7,both,0,2025-11-27,plateau (>70 d),21.035575103817433
room7,both,0,2025-11-28,plateau (>70 d),20.102892862836452
room7,both,0,2025-11-29,plateau (>70 d),21.78808079443622
room7,both,0,2025-11-30,plateau (>70 d),20.446735319980768
room7,both,0,2025-12-01,plateau (>70 d),20.98148003654313
room7,both,0,2025-12-02,plateau (>70 d),18.80159020073181
room7,both,0,2025-12-03,plateau (>70 d),18.44322704021002
room7,morph_only,3,2025-07-13,growth (<=70 d),34.85261819321976
room7,morph_only,3,2025-07-15,growth (<=70 d),-12.051511626942512
room7,morph_only,3,2025-07-16,growth (<=70 d),0.9662544688155796
room7,morph_only,3,2025-07-18,growth (<=70 d),27.909168593501228
room7,morph_only,3,2025-07-19,growth (<=70 d),-0.08923534098012942
room7,morph_only,3,2025-07-20,growth (<=70 d),1.71323763767796
room7,morph_only,3,2025-07-21,growth (<=70 d),1.989542733387716
room7,morph_only,3,2025-07-22,growth (<=70 d),0.986930624304293
room7,morph_only,3,2025-07-23,growth (<=70 d),1.2871047404339047
room7,morph_only,3,2025-07-24,growth (<=70 d),2.3614733191446717
room7,morph_only,3,2025-07-25,growth (<=70 d),-2.472086808830815
room7,morph_only,3,2025-07-26,growth (<=70 d),3.369755679920357
room7,morph_only,3,2025-07-27,growth (<=70 d),-1.40664349600794
room7,morph_only,3,2025-07-28,growth (<=70 d),1.3621786954972743
room7,morph_only,3,2025-07-29,growth (<=70 d),2.0070872394280794
room7,morph_only,3,2025-07-30,growth (<=70 d),23.198656024778515
room7,morph_only,3,2025-07-31,growth (<=70 d),-0.8159336816584428
room7,morph_only,3,2025-08-01,growth (<=70 d),-2.4569442310212866
room7,morph_only,3,2025-08-03,growth (<=70 d),-6.499121971880253
room7,morph_only,3,2025-08-04,growth (<=70 d),-2.1091524273979347
room7,morph_only,3,2025-08-06,growth (<=70 d),29.616516428675844
room7,morph_only,3,2025-08-07,growth (<=70 d),-3.0865482742404886
room7,morph_only,3,2025-08-08,growth (<=70 d),-3.796837443207062
room7,morph_only,3,2025-08-09,growth (<=70 d),-4.463199135095754
room7,morph_only,3,2025-08-10,growth (<=70 d),-8.56786415270081
room7,morph_only,3,2025-08-11,growth (<=70 d),-5.017629642798396
room7,morph_only,3,2025-08-12,growth (<=70 d),-6.4020438729130875
room7,morph_only,3,2025-08-13,growth (<=70 d),-7.193024645960806
room7,morph_only,3,2025-08-14,plateau (>70 d),-8.31724459516074
room7,morph_only,3,2025-08-16,plateau (>70 d),-9.535859971482232
room7,morph_only,3,2025-08-17,plateau (>70 d),-10.157899970139713
room7,morph_only,3,2025-08-19,plateau (>70 d),-4.919463679522259
room7,morph_only,3,2025-08-26,plateau (>70 d),-5.7899729255596135
room7,morph_only,3,2025-08-27,plateau (>70 d),-2.7236600021618536
room7,morph_only,3,2025-08-28,plateau (>70 d),3.0972105749307737
room7,morph_only,3,2025-08-29,plateau (>70 d),-2.547822040040181
room7,morph_only,3,2025-08-30,plateau (>70 d),-3.56511038986395
room7,morph_only,3,2025-08-31,plateau (>70 d),-1.546793690460449
room7,morph_only,3,2025-09-01,plateau (>70 d),2.5538591213432245
room7,morph_only,3,2025-09-02,plateau (>70 d),4.873062826308951
room7,morph_only,3,2025-09-03,plateau (>70 d),3.489831026356894
room7,morph_only,3,2025-09-04,plateau (>70 d),9.058035723248548
room7,morph_only,3,2025-09-05,plateau (>70 d),4.812736797444337
room7,morph_only,3,2025-09-06,plateau (>70 d),13.347249244939617
room7,morph_only,3,2025-09-07,plateau (>70 d),10.997736484047808
room7,morph_only,3,2025-09-08,plateau (>70 d),10.451888906746888
room7,morph_only,3,2025-09-09,plateau (>70 d),9.46713989055744
room7,morph_only,3,2025-09-10,plateau (>70 d),5.862592521000485
room7,morph_only,3,2025-09-11,plateau (>70 d),3.1401896888156546
room7,morph_only,3,2025-09-12,plateau (>70 d),-0.833230244803433
room7,morph_only,3,2025-09-13,plateau (>70 d),15.814346071139816
room7,morph_only,3,2025-09-14,plateau (>70 d),16.7152737230806
room7,morph_only,3,2025-09-15,plateau (>70 d),16.15988012385124
room7,morph_only,3,2025-09-16,plateau (>70 d),11.028017837739522
room7,morph_only,3,2025-09-17,plateau (>70 d),17.2847343234805
room7,morph_only,3,2025-09-18,plateau (>70 d),-18.99679864277195
room7,morph_only,3,2025-09-19,plateau (>70 d),-21.035813535322724
room7,morph_only,3,2025-09-20,plateau (>70 d),-18.449461739014808
room7,morph_only,3,2025-09-21,plateau (>70 d),-19.154412247986265
room7,morph_only,3,2025-09-22,plateau (>70 d),-17.86201235517716
room7,morph_only,3,2025-09-23,plateau (>70 d),-9.71831070372847
room7,morph_only,3,2025-09-24,plateau (>70 d),-4.55284794291406
room7,morph_only,3,2025-09-25,plateau (>70 d),-8.031691563506593
room7,morph_only,3,2025-09-26,plateau (>70 d),-8.914610258667013
room7,morph_only,3,2025-09-27,plateau (>70 d),-8.369298591161847
room7,morph_only,3,2025-09-28,plateau (>70 d),-13.829376300831713
room7,morph_only,3,2025-09-29,plateau (>70 d),-14.237561476370972
room7,morph_only,3,2025-09-30,plateau (>70 d),-17.053320333843065
room7,morph_only,3,2025-10-01,plateau (>70 d),-15.582083196422193
room7,morph_only,3,2025-10-02,plateau (>70 d),-15.708410599399961
room7,morph_only,3,2025-10-03,plateau (>70 d),-14.961095719959374
room7,morph_only,3,2025-10-04,plateau (>70 d),-11.957388378119129
room7,morph_only,3,2025-10-05,plateau (>70 d),-23.16316851875599
room7,morph_only,3,2025-10-06,plateau (>70 d),-16.91404038042026
room7,morph_only,3,2025-10-07,plateau (>70 d),-21.203008381762444
room7,morph_only,3,2025-10-08,plateau (>70 d),-9.22193956537792
room7,morph_only,3,2025-10-09,plateau (>70 d),-15.610847267117961
room7,morph_only,3,2025-10-10,plateau (>70 d),-11.036580733544321
room7,morph_only,3,2025-10-11,plateau (>70 d),-14.641573251508982
room7,morph_only,3,2025-10-12,plateau (>70 d),-10.741443171117325
room7,morph_only,3,2025-10-13,plateau (>70 d),13.731122314343587
room7,morph_only,3,2025-10-14,plateau (>70 d),16.52174730173066
room7,morph_only,3,2025-10-15,plateau (>70 d),-9.760046968449526
room7,morph_only,3,2025-10-16,plateau (>70 d),-2.6312380240691398
room7,morph_only,3,2025-10-17,plateau (>70 d),15.136666395115892
room7,morph_only,3,2025-10-18,plateau (>70 d),8.451677218563166
room7,morph_only,3,2025-10-19,plateau (>70 d),27.61728910279131
room7,morph_only,3,2025-10-20,plateau (>70 d),-4.851023614292795
room7,morph_only,3,2025-10-21,plateau (>70 d),1.8240552076649186
room7,morph_only,3,2025-10-22,plateau (>70 d),15.061265147529975
room7,morph_only,3,2025-10-23,plateau (>70 d),14.078207136111718
room7,morph_only,3,2025-10-24,plateau (>70 d),11.35883390040524
room7,morph_only,3,2025-10-25,plateau (>70 d),5.4181896309943305
room7,morph_only,3,2025-10-26,plateau (>70 d),9.299241346192249
room7,morph_only,3,2025-10-27,plateau (>70 d),12.302194553313049
room7,morph_only,3,2025-10-28,plateau (>70 d),14.117913314741369
room7,morph_only,3,2025-10-29,plateau (>70 d),1.6220155186257657
room7,morph_only,3,2025-10-30,plateau (>70 d),3.699538443825208
room7,morph_only,3,2025-10-31,plateau (>70 d),19.23914373487543
room7,morph_only,3,2025-11-01,plateau (>70 d),10.57206553101319
room7,morph_only,3,2025-11-02,plateau (>70 d),-23.069598515598564
room7,morph_only,3,2025-11-03,plateau (>70 d),-21.68673339444822
room7,morph_only,3,2025-11-04,plateau (>70 d),-10.637861405719846
room7,morph_only,3,2025-11-05,plateau (>70 d),-15.390694655003207
room7,morph_only,3,2025-11-06,plateau (>70 d),-3.1083125368314146
room7,morph_only,3,2025-11-07,plateau (>70 d),2.1904890467298532
room7,morph_only,3,2025-11-08,plateau (>70 d),2.6036069238528903
room7,morph_only,3,2025-11-09,plateau (>70 d),-2.7753854214754394
room7,morph_only,3,2025-11-10,plateau (>70 d),9.056540147210344
room7,morph_only,3,2025-11-11,plateau (>70 d),9.99667568585454
room7,morph_only,3,2025-11-12,plateau (>70 d),12.145927419194917
room7,morph_only,3,2025-11-13,plateau (>70 d),13.852911934183494
room7,morph_only,3,2025-11-14,plateau (>70 d),16.119358194269473
room7,morph_only,3,2025-11-15,plateau (>70 d),15.32136734508937
room7,morph_only,3,2025-11-16,plateau (>70 d),17.84875308328175
room7,morph_only,3,2025-11-17,plateau (>70 d),19.525968368787733
room7,morph_only,3,2025-11-18,plateau (>70 d),21.06325121226669
room7,morph_only,3,2025-11-19,plateau (>70 d),20.35053380441691
room7,morph_only,3,2025-11-20,plateau (>70 d),19.924260950657953
room7,morph_only,3,2025-11-21,plateau (>70 d),21.789615255533768
room7,morph_only,3,2025-11-22,plateau (>70 d),20.233360741072623
room7,morph_only,3,2025-11-23,plateau (>70 d),20.822528193337213
room7,morph_only,3,2025-11-24,plateau (>70 d),22.752708249147226
room7,morph_only,3,2025-11-25,plateau (>70 d),22.47153027312686
room7,morph_only,3,2025-11-26,plateau (>70 d),23.073365696419142
room7,morph_only,3,2025-11-27,plateau (>70 d),20.16719238708908
room7,morph_only,3,2025-11-28,plateau (>70 d),20.968136483524965
room7,morph_only,3,2025-11-29,plateau (>70 d),21.578821911031017
room7,morph_only,3,2025-11-30,plateau (>70 d),19.57059287846919
room7,morph_only,3,2025-12-01,plateau (>70 d),18.549384450058312
room7,morph_only,3,2025-12-02,plateau (>70 d),19.019484491158
room7,morph_only,3,2025-12-03,plateau (>70 d),18.81748381516681
room7,morph_only,5,2025-07-10,growth (<=70 d),-0.5908912937978084
room7,morph_only,5,2025-07-11,growth (<=70 d),2.7172198714632216
room7,morph_only,5,2025-07-15,growth (<=70 d),-13.47806653922022
room7,morph_only,5,2025-07-16,growth (<=70 d),-1.4463676629884057
room7,morph_only,5,2025-07-17,growth (<=70 d),0.2517499661282028
room7,morph_only,5,2025-07-18,growth (<=70 d),-0.25078436219310896
room7,morph_only,5,2025-07-20,growth (<=70 d),32.99208499561439
room7,morph_only,5,2025-07-21,growth (<=70 d),0.4418835269105712
room7,morph_only,5,2025-07-22,growth (<=70 d),-0.7134661544950018
room7,morph_only,5,2025-07-23,growth (<=70 d),-1.3913812596756214
room7,morph_only,5,2025-07-24,growth (<=70 d),0.721273211029728
room7,morph_only,5,2025-07-25,growth (<=70 d),-4.951223092507977
room7,morph_only,5,2025-07-26,growth (<=70 d),-0.36273486306998404
room7,morph_only,5,2025-07-27,growth (<=70 d),-4.130149529533684
room7,morph_only,5,2025-07-28,growth (<=70 d),-0.05936894902492518
room7,morph_only,5,2025-07-29,growth (<=70 d),0.03487200120211198
room7,morph_only,5,2025-07-30,growth (<=70 d),-0.3586832124280921
room7,morph_only,5,2025-07-31,growth (<=70 d),-0.8159666434790456
room7,morph_only,5,2025-08-01,growth (<=70 d),26.551872923302977
room7,morph_only,5,2025-08-03,growth (<=70 d),-7.163262078153334
room7,morph_only,5,2025-08-04,growth (<=70 d),-2.9507451451697975
room7,morph_only,5,2025-08-05,growth (<=70 d),-5.934895197110315
room7,morph_only,5,2025-08-06,growth (<=70 d),-4.776748188214875
room7,morph_only,5,2025-08-08,growth (<=70 d),13.831003004472839
room7,morph_only,5,2025-08-09,growth (<=70 d),-6.682083807935977
room7,morph_only,5,2025-08-10,growth (<=70 d),-8.521746297383032
room7,morph_only,5,2025-08-11,growth (<=70 d),-6.981633123675845
room7,morph_only,5,2025-08-12,growth (<=70 d),-8.46476915669817
room7,morph_only,5,2025-08-13,growth (<=70 d),-9.264850153992358
room7,morph_only,5,2025-08-14,plateau (>70 d),-10.175422234039146
room7,morph_only,5,2025-08-16,plateau (>70 d),-12.805748196491532
room7,morph_only,5,2025-08-17,plateau (>70 d),-12.956377267084484
room7,morph_only,5,2025-08-18,plateau (>70 d),-12.437701140924007
room7,morph_only,5,2025-08-19,plateau (>70 d),-13.004740813962325
room7,morph_only,5,2025-08-23,plateau (>70 d),-10.206529360915498
room7,morph_only,5,2025-08-24,plateau (>70 d),-1.1221344157002324
room7,morph_only,5,2025-08-28,plateau (>70 d),-10.034540581410859
room7,morph_only,5,2025-08-29,plateau (>70 d),-4.4608577079528615
room7,morph_only,5,2025-08-30,plateau (>70 d),4.002962397627563
room7,morph_only,5,2025-08-31,plateau (>70 d),-0.5957144130704783
room7,morph_only,5,2025-09-01,plateau (>70 d),-1.1043978122913636
room7,morph_only,5,2025-09-02,plateau (>70 d),-0.4677839199243312
room7,morph_only,5,2025-09-03,plateau (>70 d),2.943706547084032
room7,morph_only,5,2025-09-04,plateau (>70 d),8.87147245010858
room7,morph_only,5,2025-09-05,plateau (>70 d),2.7390289837530375
room7,morph_only,5,2025-09-06,plateau (>70 d),12.540589669081823
room7,morph_only,5,2025-09-07,plateau (>70 d),10.968356840095579
room7,morph_only,5,2025-09-08,plateau (>70 d),10.55106447241544
room7,morph_only,5,2025-09-09,plateau (>70 d),5.427331986331977
room7,morph_only,5,2025-09-10,plateau (>70 d),1.3897678901895745
room7,morph_only,5,2025-09-11,plateau (>70 d),3.7836662878239586
room7,morph_only,5,2025-09-12,plateau (>70 d),-0.3293545924328054
room7,morph_only,5,2025-09-13,plateau (>70 d),-5.63042188028712
room7,morph_only,5,2025-09-14,plateau (>70 d),-9.070243458068315
room7,morph_only,5,2025-09-15,plateau (>70 d),10.689078294319586
room7,morph_only,5,2025-09-16,plateau (>70 d),11.165041795874274
room7,morph_only,5,2025-09-17,plateau (>70 d),10.073363628664353
room7,morph_only,5,2025-09-18,plateau (>70 d),5.064142086855867
room7,morph_only,5,2025-09-19,plateau (>70 d),17.77361985336939
room7,morph_only,5,2025-09-20,plateau (>70 d),-17.593498735588202
room7,morph_only,5,2025-09-21,plateau (>70 d),-17.358278850144195
room7,morph_only,5,2025-09-22,plateau (>70 d),-17.701622746584533
room7,morph_only,5,2025-09-23,plateau (>70 d),-16.910571223312537
room7,morph_only,5,2025-09-24,plateau (>70 d),-15.518493986081356
room7,morph_only,5,2025-09-25,plateau (>70 d),-8.459547181328526
room7,morph_only,5,2025-09-26,plateau (>70 d),-1.9107487872001094
room7,morph_only,5,2025-09-27,plateau (>70 d),-7.402635752629209
room7,morph_only,5,2025-09-28,plateau (>70 d),-9.655420580110501
room7,morph_only,5,2025-09-29,plateau (>70 d),-12.670015716544698
room7,morph_only,5,2025-09-30,plateau (>70 d),-16.74237224039151
room7,morph_only,5,2025-10-01,plateau (>70 d),-14.863097791157148
room7,morph_only,5,2025-10-02,plateau (>70 d),-15.293502149205686
room7,morph_only,5,2025-10-03,plateau (>70 d),-13.430109177047427
room7,morph_only,5,2025-10-04,plateau (>70 d),-13.097769808291995
room7,morph_only,5,2025-10-05,plateau (>70 d),-15.389491736148752
room7,morph_only,5,2025-10-06,plateau (>70 d),-11.17721590877923
room7,morph_only,5,2025-10-07,plateau (>70 d),-26.52586177870039
room7,morph_only,5,2025-10-08,plateau (>70 d),-17.778193547797706
room7,morph_only,5,2025-10-09,plateau (>70 d),-18.406061140132934
room7,morph_only,5,2025-10-10,plateau (>70 d),-15.111576429218779
room7,morph_only,5,2025-10-11,plateau (>70 d),-19.405010170712295
room7,morph_only,5,2025-10-12,plateau (>70 d),-11.989788393935287
room7,morph_only,5,2025-10-13,plateau (>70 d),-12.28064560456965
room7,morph_only,5,2025-10-14,plateau (>70 d),-9.696514578605438
room7,morph_only,5,2025-10-15,plateau (>70 d),11.562348311119099
room7,morph_only,5,2025-10-16,plateau (>70 d),14.906107309141507
room7,morph_only,5,2025-10-17,plateau (>70 d),-11.482228183983617
room7,morph_only,5,2025-10-18,plateau (>70 d),-1.2837277204282689
room7,morph_only,5,2025-10-19,plateau (>70 d),15.206009260855916
room7,morph_only,5,2025-10-20,plateau (>70 d),9.700118091267104
room7,morph_only,5,2025-10-21,plateau (>70 d),28.60600746745525
room7,morph_only,5,2025-10-22,plateau (>70 d),-6.084520580725701
room7,morph_only,5,2025-10-23,plateau (>70 d),3.775925579182427
room7,morph_only,5,2025-10-24,plateau (>70 d),15.855282451609398
room7,morph_only,5,2025-10-25,plateau (>70 d),13.285638151593488
room7,morph_only,5,2025-10-26,plateau (>70 d),13.019045381064917
room7,morph_only,5,2025-10-27,plateau (>70 d),4.431312037373175
room7,morph_only,5,2025-10-28,plateau (>70 d),11.697118301980769
room7,morph_only,5,2025-10-29,plateau (>70 d),12.726595936101255
room7,morph_only,5,2025-10-30,plateau (>70 d),6.5226215358274535
room7,morph_only,5,2025-10-31,plateau (>70 d),0.5299644166855488
room7,morph_only,5,2025-11-01,plateau (>70 d),2.926152338779776
room7,morph_only,5,2025-11-02,plateau (>70 d),19.02187961468746
room7,morph_only,5,2025-11-03,plateau (>70 d),9.844656996869677
room7,morph_only,5,2025-11-04,plateau (>70 d),-24.803573857881016
room7,morph_only,5,2025-11-05,plateau (>70 d),-22.4813595126842
room7,morph_only,5,2025-11-06,plateau (>70 d),-12.26830289278058
room7,morph_only,5,2025-11-07,plateau (>70 d),-13.30341800173239
room7,morph_only,5,2025-11-08,plateau (>70 d),-2.974365317911568
room7,morph_only,5,2025-11-09,plateau (>70 d),1.0494798720623368
room7,morph_only,5,2025-11-10,plateau (>70 d),3.114814843608098
room7,morph_only,5,2025-11-11,plateau (>70 d),-4.209927476786978
room7,morph_only,5,2025-11-12,plateau (>70 d),9.758411670325499
room7,morph_only,5,2025-11-13,plateau (>70 d),13.229553671220158
room7,morph_only,5,2025-11-14,plateau (>70 d),11.455841677207076
room7,morph_only,5,2025-11-15,plateau (>70 d),15.562560793335287
room7,morph_only,5,2025-11-16,plateau (>70 d),15.766761612422105
room7,morph_only,5,2025-11-17,plateau (>70 d),14.590186927945044
room7,morph_only,5,2025-11-18,plateau (>70 d),18.905331172149264
room7,morph_only,5,2025-11-19,plateau (>70 d),18.941425098276568
room7,morph_only,5,2025-11-20,plateau (>70 d),21.276931372726658
room7,morph_only,5,2025-11-21,plateau (>70 d),19.925165838645857
room7,morph_only,5,2025-11-22,plateau (>70 d),17.99762844919434
room7,morph_only,5,2025-11-23,plateau (>70 d),21.190024957073803
room7,morph_only,5,2025-11-24,plateau (>70 d),20.87100084116291
room7,morph_only,5,2025-11-25,plateau (>70 d),22.349802841746016
room7,morph_only,5,2025-11-26,plateau (>70 d),24.10362732324201
room7,morph_only,5,2025-11-27,plateau (>70 d),20.02017944409548
room7,morph_only,5,2025-11-28,plateau (>70 d),20.63132139052751
room7,morph_only,5,2025-11-29,plateau (>70 d),21.513272802433
room7,morph_only,5,2025-11-30,plateau (>70 d),20.254659521886357
room7,morph_only,5,2025-12-01,plateau (>70 d),19.218336216351794
room7,morph_only,5,2025-12-02,plateau (>70 d),17.207601189024803
room7,morph_only,5,2025-12-03,plateau (>70 d),17.480524821654452
room7,morph_only,7,2025-07-11,growth (<=70 d),0.19329442346718867
room7,morph_only,7,2025-07-12,growth (<=70 d),0.44434548175086463
room7,morph_only,7,2025-07-13,growth (<=70 d),2.8552071209538474
room7,morph_only,7,2025-07-17,growth (<=70 d),37.03655691288784
room7,morph_only,7,2025-07-18,growth (<=70 d),-2.2176065059454397
room7,morph_only,7,2025-07-19,growth (<=70 d),-2.919332811056625
room7,morph_only,7,2025-07-20,growth (<=70 d),-2.365784512578995
room7,morph_only,7,2025-07-22,growth (<=70 d),30.428788946036185
room7,morph_only,7,2025-07-23,growth (<=70 d),-1.7015750589804695
room7,morph_only,7,2025-07-24,growth (<=70 d),-0.702153407340729
room7,morph_only,7,2025-07-25,growth (<=70 d),-5.6141542367110215
room7,morph_only,7,2025-07-26,growth (<=70 d),-1.299311274082025
room7,morph_only,7,2025-07-27,growth (<=70 d),-6.930920617879723
room7,morph_only,7,2025-07-28,growth (<=70 d),-3.44379685013379
room7,morph_only,7,2025-07-29,growth (<=70 d),-3.8338933091452265
room7,morph_only,7,2025-07-30,growth (<=70 d),-2.6560252285625996
room7,morph_only,7,2025-07-31,growth (<=70 d),-2.263692012329509
room7,morph_only,7,2025-08-01,growth (<=70 d),9.020592201534576
room7,morph_only,7,2025-08-03,growth (<=70 d),16.526713048823222
room7,morph_only,7,2025-08-04,growth (<=70 d),-3.924401863237984
room7,morph_only,7,2025-08-05,growth (<=70 d),-5.007248607509268
room7,morph_only,7,2025-08-06,growth (<=70 d),-6.209381868941749
room7,morph_only,7,2025-08-07,growth (<=70 d),-8.132956234466437
room7,morph_only,7,2025-08-08,growth (<=70 d),-7.467706927932835
room7,morph_only,7,2025-08-10,growth (<=70 d),4.6844822218642195
room7,morph_only,7,2025-08-11,growth (<=70 d),-8.97996393659843
room7,morph_only,7,2025-08-12,growth (<=70 d),-8.711370762117152
room7,morph_only,7,2025-08-13,growth (<=70 d),-11.632727748318134
room7,morph_only,7,2025-08-14,plateau (>70 d),-12.100654380197934
room7,morph_only,7,2025-08-16,plateau (>70 d),-14.154835076258513
room7,morph_only,7,2025-08-17,plateau (>70 d),-13.739426271271718
room7,morph_only,7,2025-08-18,plateau (>70 d),-15.403930121961087
room7,morph_only,7,2025-08-19,plateau (>70 d),-14.328039501070501
room7,morph_only,7,2025-08-23,plateau (>70 d),-11.63649059187921
room7,morph_only,7,2025-08-24,plateau (>70 d),-14.453861750482238
room7,morph_only,7,2025-08-25,plateau (>70 d),-15.411855109270679
room7,morph_only,7,2025-08-26,plateau (>70 d),10.134088268650302
room7,morph_only,7,2025-08-30,plateau (>70 d),-7.2168796979793335
room7,morph_only,7,2025-08-31,plateau (>70 d),-3.337346104159254
room7,morph_only,7,2025-09-01,plateau (>70 d),2.795287608624257
room7,morph_only,7,2025-09-02,plateau (>70 d),0.7810266069330876
room7,morph_only,7,2025-09-03,plateau (>70 d),-1.8614375051796195
room7,morph_only,7,2025-09-04,plateau (>70 d),3.3576808107056495
room7,morph_only,7,2025-09-05,plateau (>70 d),3.694104170096531
room7,morph_only,7,2025-09-06,plateau (>70 d),10.71998488191383
room7,morph_only,7,2025-09-07,plateau (>70 d),8.87475564047751
room7,morph_only,7,2025-09-08,plateau (>70 d),8.065921558132505
room7,morph_only,7,2025-09-09,plateau (>70 d),3.554063374643131
room7,morph_only,7,2025-09-10,plateau (>70 d),1.9032718699316682
room7,morph_only,7,2025-09-11,plateau (>70 d),1.2922821242829574
room7,morph_only,7,2025-09-12,plateau (>70 d),-5.946505957743598
room7,morph_only,7,2025-09-13,plateau (>70 d),-4.742989112269299
room7,morph_only,7,2025-09-14,plateau (>70 d),-8.740827967952608
room7,morph_only,7,2025-09-15,plateau (>70 d),-12.747890847602534
room7,morph_only,7,2025-09-16,plateau (>70 d),-15.631071589119752
room7,morph_only,7,2025-09-17,plateau (>70 d),0.7430094706235018
room7,morph_only,7,2025-09-18,plateau (>70 d),7.533192936366543
room7,morph_only,7,2025-09-19,plateau (>70 d),9.590432918551464
room7,morph_only,7,2025-09-20,plateau (>70 d),9.671193864516574
room7,morph_only,7,2025-09-21,plateau (>70 d),17.07735975675948
room7,morph_only,7,2025-09-22,plateau (>70 d),-18.065131699995447
room7,morph_only,7,2025-09-23,plateau (>70 d),-15.228861556198456
room7,morph_only,7,2025-09-24,plateau (>70 d),-16.249463853494486
room7,morph_only,7,2025-09-25,plateau (>70 d),-16.191929380621225
room7,morph_only,7,2025-09-26,plateau (>70 d),-11.135267961170616
room7,morph_only,7,2025-09-27,plateau (>70 d),-7.149353808984918
room7,morph_only,7,2025-09-28,plateau (>70 d),-1.4831762785345717
room7,morph_only,7,2025-09-29,plateau (>70 d),-3.1008002131116985
room7,morph_only,7,2025-09-30,plateau (>70 d),-15.284320119576638
room7,morph_only,7,2025-10-01,plateau (>70 d),-14.293044215439
room7,morph_only,7,2025-10-02,plateau (>70 d),-16.75052867724431
room7,morph_only,7,2025-10-03,plateau (>70 d),-14.916670722568279
room7,morph_only,7,2025-10-04,plateau (>70 d),-16.872958206082565
room7,morph_only,7,2025-10-05,plateau (>70 d),-16.617144739955716
room7,morph_only,7,2025-10-06,plateau (>70 d),-13.59586443891929
room7,morph_only,7,2025-10-07,plateau (>70 d),-20.48665202224865
room7,morph_only,7,2025-10-08,plateau (>70 d),-7.8939006014452495
room7,morph_only,7,2025-10-09,plateau (>70 d),-23.730818753513326
room7,morph_only,7,2025-10-10,plateau (>70 d),-17.481817374227823
room7,morph_only,7,2025-10-11,plateau (>70 d),-22.454539537216107
room7,morph_only,7,2025-10-12,plateau (>70 d),-15.852969935473709
room7,morph_only,7,2025-10-13,plateau (>70 d),-15.972288677502938
room7,morph_only,7,2025-10-14,plateau (>70 d),-7.5824156182717
room7,morph_only,7,2025-10-15,plateau (>70 d),-13.84251345437455
room7,morph_only,7,2025-10-16,plateau (>70 d),-11.601519986214367
room7,morph_only,7,2025-10-17,plateau (>70 d),10.993502321198312
room7,morph_only,7,2025-10-18,plateau (>70 d),13.539881866235675
room7,morph_only,7,2025-10-19,plateau (>70 d),-10.577886738586031
room7,morph_only,7,2025-10-20,plateau (>70 d),-2.246948577059638
room7,morph_only,7,2025-10-21,plateau (>70 d),13.848215190925808
room7,morph_only,7,2025-10-22,plateau (>70 d),7.106004345463451
room7,morph_only,7,2025-10-23,plateau (>70 d),28.43888634697363
room7,morph_only,7,2025-10-24,plateau (>70 d),-2.588529071542998
room7,morph_only,7,2025-10-25,plateau (>70 d),3.428164054451563
room7,morph_only,7,2025-10-26,plateau (>70 d),15.517067225497474
room7,morph_only,7,2025-10-27,plateau (>70 d),10.762449163748203
room7,morph_only,7,2025-10-28,plateau (>70 d),12.30637980974457
room7,morph_only,7,2025-10-29,plateau (>70 d),6.434299837738401
room7,morph_only,7,2025-10-30,plateau (>70 d),3.872525372368659
room7,morph_only,7,2025-10-31,plateau (>70 d),7.506577095069198
room7,morph_only,7,2025-11-01,plateau (>70 d),6.993212483743381
room7,morph_only,7,2025-11-02,plateau (>70 d),-0.4960152412809995
room7,morph_only,7,2025-11-03,plateau (>70 d),3.9767620680151827
room7,morph_only,7,2025-11-04,plateau (>70 d),18.343092117270658
room7,morph_only,7,2025-11-05,plateau (>70 d),5.5703045257492505
room7,morph_only,7,2025-11-06,plateau (>70 d),-23.42029067290037
room7,morph_only,7,2025-11-07,plateau (>70 d),-22.925073388149734
room7,morph_only,7,2025-11-08,plateau (>70 d),-11.46493733021885
room7,morph_only,7,2025-11-09,plateau (>70 d),-14.751828436201839
room7,morph_only,7,2025-11-10,plateau (>70 d),-3.4524478572463035
room7,morph_only,7,2025-11-11,plateau (>70 d),2.034114803481488
room7,morph_only,7,2025-11-12,plateau (>70 d),3.4045735369612196
room7,morph_only,7,2025-11-13,plateau (>70 d),-2.5294396192948536
room7,morph_only,7,2025-11-14,plateau (>70 d),10.253232499526234
room7,morph_only,7,2025-11-15,plateau (>70 d),10.041883125999249
room7,morph_only,7,2025-11-16,plateau (>70 d),9.160958593270493
room7,morph_only,7,2025-11-17,plateau (>70 d),14.10489748905329
room7,morph_only,7,2025-11-18,plateau (>70 d),17.422006996705875
room7,morph_only,7,2025-11-19,plateau (>70 d),15.033641108945641
room7,morph_only,7,2025-11-20,plateau (>70 d),17.976129853230894
room7,morph_only,7,2025-11-21,plateau (>70 d),19.720907210070088
room7,morph_only,7,2025-11-22,plateau (>70 d),19.684081358608772
room7,morph_only,7,2025-11-23,plateau (>70 d),18.772426706175125
room7,morph_only,7,2025-11-24,plateau (>70 d),20.087105647441213
room7,morph_only,7,2025-11-25,plateau (>70 d),22.766766905774915
room7,morph_only,7,2025-11-26,plateau (>70 d),22.6547064201153
room7,morph_only,7,2025-11-27,plateau (>70 d),20.374036152896377
room7,morph_only,7,2025-11-28,plateau (>70 d),20.829712876115863
room7,morph_only,7,2025-11-29,plateau (>70 d),21.44279965065141
room7,morph_only,7,2025-11-30,plateau (>70 d),19.89067648998868
room7,morph_only,7,2025-12-01,plateau (>70 d),19.231243505457055
room7,morph_only,7,2025-12-02,plateau (>70 d),18.45675909146503
room7,morph_only,7,2025-12-03,plateau (>70 d),16.97519308058358
room7,morph_only,10,2025-07-15,growth (<=70 d),-15.213855935580726
room7,morph_only,10,2025-07-16,growth (<=70 d),-2.6182719120691296
room7,morph_only,10,2025-07-20,growth (<=70 d),32.909489550204825
room7,morph_only,10,2025-07-21,growth (<=70 d),-6.592216681488471
room7,morph_only,10,2025-07-22,growth (<=70 d),-5.3608697284256035
room7,morph_only,10,2025-07-23,growth (<=70 d),-6.794911331281993
room7,morph_only,10,2025-07-25,growth (<=70 d),23.591378274505722
room7,morph_only,10,2025-07-26,growth (<=70 d),-3.9832364245112
room7,morph_only,10,2025-07-27,growth (<=70 d),-8.317008633371417
room7,morph_only,10,2025-07-28,growth (<=70 d),-5.727532585499329
room7,morph_only,10,2025-07-29,growth (<=70 d),-5.831213410159828
room7,morph_only,10,2025-07-30,growth (<=70 d),-7.389713655512624
room7,morph_only,10,2025-07-31,growth (<=70 d),-7.5088934844788415
room7,morph_only,10,2025-08-01,growth (<=70 d),-9.639825322869648
room7,morph_only,10,2025-08-03,growth (<=70 d),-10.926599441707868
room7,morph_only,10,2025-08-04,growth (<=70 d),-6.262044013326083
room7,morph_only,10,2025-08-05,growth (<=70 d),-6.71052205948447
room7,morph_only,10,2025-08-06,growth (<=70 d),14.378408879139823
room7,morph_only,10,2025-08-07,growth (<=70 d),-9.568998923869716
room7,morph_only,10,2025-08-08,growth (<=70 d),-9.911587064718924
room7,morph_only,10,2025-08-09,growth (<=70 d),-9.814939876087784
room7,morph_only,10,2025-08-10,growth (<=70 d),-14.247138755455637
room7,morph_only,10,2025-08-11,growth (<=70 d),-11.771894357025973
room7,morph_only,10,2025-08-13,growth (<=70 d),12.549418548494144
room7,morph_only,10,2025-08-14,plateau (>70 d),-15.084137205167712
room7,morph_only,10,2025-08-16,plateau (>70 d),-16.271687965723594
room7,morph_only,10,2025-08-17,plateau (>70 d),-17.71331394559024
room7,morph_only,10,2025-08-18,plateau (>70 d),-17.560171186387798
room7,morph_only,10,2025-08-19,plateau (>70 d),-17.490231339988064
room7,morph_only,10,2025-08-23,plateau (>70 d),-18.7862154647206
room7,morph_only,10,2025-08-24,plateau (>70 d),-21.355125733270114
room7,morph_only,10,2025-08-26,plateau (>70 d),-15.625408717691322
room7,morph_only,10,2025-08-27,plateau (>70 d),-18.4749982951108
room7,morph_only,10,2025-08-28,plateau (>70 d),-18.741199208031837
room7,morph_only,10,2025-08-29,plateau (>70 d),-0.1803384427058745
room7,morph_only,10,2025-09-02,plateau (>70 d),-7.847429469011331
room7,morph_only,10,2025-09-03,plateau (>70 d),-5.26004320447176
room7,morph_only,10,2025-09-04,plateau (>70 d),8.16370030956817
room7,morph_only,10,2025-09-05,plateau (>70 d),1.0166591589739484
room7,morph_only,10,2025-09-06,plateau (>70 d),2.321745821390309
room7,morph_only,10,2025-09-07,plateau (>70 d),5.8626564757777055
room7,morph_only,10,2025-09-08,plateau (>70 d),5.2671111622094875
room7,morph_only,10,2025-09-09,plateau (>70 d),3.525600014798994
room7,morph_only,10,2025-09-10,plateau (>70 d),-0.12930837789409733
room7,morph_only,10,2025-09-11,plateau (>70 d),-0.9440011415600864
room7,morph_only,10,2025-09-12,plateau (>70 d),-6.200147359079809
room7,morph_only,10,2025-09-13,plateau (>70 d),-6.767200575665392
room7,morph_only,10,2025-09-14,plateau (>70 d),-11.690017038818159
room7,morph_only,10,2025-09-15,plateau (>70 d),-16.221328206023443
room7,morph_only,10,2025-09-16,plateau (>70 d),-16.632611530621535
room7,morph_only,10,2025-09-17,plateau (>70 d),-18.444379596529195
room7,morph_only,10,2025-09-18,plateau (>70 d),-18.969329666435797
room7,morph_only,10,2025-09-19,plateau (>70 d),-19.755097137739263
room7,morph_only,10,2025-09-20,plateau (>70 d),6.63507204605412
room7,morph_only,10,2025-09-21,plateau (>70 d),8.821637035813087
room7,morph_only,10,2025-09-22,plateau (>70 d),11.693066371973142
room7,morph_only,10,2025-09-23,plateau (>70 d),11.797918242846709
room7,morph_only,10,2025-09-24,plateau (>70 d),19.430091358292056
room7,morph_only,10,2025-09-25,plateau (>70 d),-15.085366656550171
room7,morph_only,10,2025-09-26,plateau (>70 d),-11.748276468946589
room7,morph_only,10,2025-09-27,plateau (>70 d),-12.914329223420742
room7,morph_only,10,2025-09-28,plateau (>70 d),-14.787712426587092
room7,morph_only,10,2025-09-29,plateau (>70 d),-15.577571685885603
room7,morph_only,10,2025-09-30,plateau (>70 d),-11.574632472143737
room7,morph_only,10,2025-10-01,plateau (>70 d),-9.600898649847926
room7,morph_only,10,2025-10-02,plateau (>70 d),-6.29124046312377
room7,morph_only,10,2025-10-03,plateau (>70 d),-13.021154387855937
room7,morph_only,10,2025-10-04,plateau (>70 d),-13.966468392726393
room7,morph_only,10,2025-10-05,plateau (>70 d),-17.461570690651158
room7,morph_only,10,2025-10-06,plateau (>70 d),-14.826616736872692
room7,morph_only,10,2025-10-07,plateau (>70 d),-16.253668525318275
room7,morph_only,10,2025-10-08,plateau (>70 d),-12.720583188125882
room7,morph_only,10,2025-10-09,plateau (>70 d),-12.327621580807282
room7,morph_only,10,2025-10-10,plateau (>70 d),-16.897556370289305
room7,morph_only,10,2025-10-11,plateau (>70 d),-15.83248068283802
room7,morph_only,10,2025-10-12,plateau (>70 d),-25.78222971696737
room7,morph_only,10,2025-10-13,plateau (>70 d),-21.1254333681413
room7,morph_only,10,2025-10-14,plateau (>70 d),-17.170994085999247
room7,morph_only,10,2025-10-15,plateau (>70 d),-15.988841602643916
room7,morph_only,10,2025-10-16,plateau (>70 d),-15.886944191465176
room7,morph_only,10,2025-10-17,plateau (>70 d),-9.931436831058962
room7,morph_only,10,2025-10-18,plateau (>70 d),-16.14046130371319
room7,morph_only,10,2025-10-19,plateau (>70 d),-10.171866225966895
room7,morph_only,10,2025-10-20,plateau (>70 d),12.515251613240293
room7,morph_only,10,2025-10-21,plateau (>70 d),13.045587261856163
room7,morph_only,10,2025-10-22,plateau (>70 d),-12.103362413021555
room7,morph_only,10,2025-10-23,plateau (>70 d),-0.12581844149801613
room7,morph_only,10,2025-10-24,plateau (>70 d),14.309059498147645
room7,morph_only,10,2025-10-25,plateau (>70 d),9.916471844174742
room7,morph_only,10,2025-10-26,plateau (>70 d),27.80708975724017
room7,morph_only,10,2025-10-27,plateau (>70 d),-8.19063412100287
room7,morph_only,10,2025-10-28,plateau (>70 d),4.141149647322441
room7,morph_only,10,2025-10-29,plateau (>70 d),11.07699439520043
room7,morph_only,10,2025-10-30,plateau (>70 d),7.070452077480972
room7,morph_only,10,2025-10-31,plateau (>70 d),4.180901440247854
room7,morph_only,10,2025-11-01,plateau (>70 d),1.4491686375994606
room7,morph_only,10,2025-11-02,plateau (>70 d),3.87850782524238
room7,morph_only,10,2025-11-03,plateau (>70 d),7.441239589556394
room7,morph_only,10,2025-11-04,plateau (>70 d),6.850059496946359
room7,morph_only,10,2025-11-05,plateau (>70 d),-2.036450744830166
room7,morph_only,10,2025-11-06,plateau (>70 d),0.5848776959803583
room7,morph_only,10,2025-11-07,plateau (>70 d),19.502557581693388
room7,morph_only,10,2025-11-08,plateau (>70 d),14.918264704073662
room7,morph_only,10,2025-11-09,plateau (>70 d),-25.415809951989385
room7,morph_only,10,2025-11-10,plateau (>70 d),-22.637338321065503
room7,morph_only,10,2025-11-11,plateau (>70 d),-11.308741772146425
room7,morph_only,10,2025-11-12,plateau (>70 d),-17.12762116749677
room7,morph_only,10,2025-11-13,plateau (>70 d),-4.75095928279527
room7,morph_only,10,2025-11-14,plateau (>70 d),3.490979087488906
room7,morph_only,10,2025-11-15,plateau (>70 d),3.949798251445525
room7,morph_only,10,2025-11-16,plateau (>70 d),-3.7633679981590475
room7,morph_only,10,2025-11-17,plateau (>70 d),0.08453971516037484
room7,morph_only,10,2025-11-18,plateau (>70 d),13.122040460047888
room7,morph_only,10,2025-11-19,plateau (>70 d),9.239375602310538
room7,morph_only,10,2025-11-20,plateau (>70 d),15.464007182768562
room7,morph_only,10,2025-11-21,plateau (>70 d),15.905897817070137
room7,morph_only,10,2025-11-22,plateau (>70 d),14.96758105232717
room7,morph_only,10,2025-11-23,plateau (>70 d),17.093261864659148
room7,morph_only,10,2025-11-24,plateau (>70 d),19.862948540703716
room7,morph_only,10,2025-11-25,plateau (>70 d),21.286866714429927
room7,morph_only,10,2025-11-26,plateau (>70 d),21.44215556477401
room7,morph_only,10,2025-11-27,plateau (>70 d),18.054760903142217
room7,morph_only,10,2025-11-28,plateau (>70 d),20.259839532831503
room7,morph_only,10,2025-11-29,plateau (>70 d),19.35496217175123
room7,morph_only,10,2025-11-30,plateau (>70 d),19.5829057591168
room7,morph_only,10,2025-12-01,plateau (>70 d),21.08438685039605
room7,morph_only,10,2025-12-02,plateau (>70 d),17.14536199065596
room7,morph_only,10,2025-12-03,plateau (>70 d),17.3370459433837
room7,morph_only,15,2025-07-19,growth (<=70 d),-8.393499642298387
room7,morph_only,15,2025-07-20,growth (<=70 d),-7.917970774713652
room7,morph_only,15,2025-07-21,growth (<=70 d),-6.431075354688307
room7,morph_only,15,2025-07-25,growth (<=70 d),24.170648662444876
room7,morph_only,15,2025-07-26,growth (<=70 d),-10.715271801237916
room7,morph_only,15,2025-07-27,growth (<=70 d),-13.983603828335001
room7,morph_only,15,2025-07-28,growth (<=70 d),-11.562019877679797
room7,morph_only,15,2025-07-30,growth (<=70 d),21.6499960005871
room7,morph_only,15,2025-07-31,growth (<=70 d),-11.20772046102382
room7,morph_only,15,2025-08-01,growth (<=70 d),-12.614969660693657
room7,morph_only,15,2025-08-03,growth (<=70 d),-17.12992112136622
room7,morph_only,15,2025-08-04,growth (<=70 d),-12.890653244710771
room7,morph_only,15,2025-08-05,growth (<=70 d),-12.712772016919148
room7,morph_only,15,2025-08-06,growth (<=70 d),-14.008147526781693
room7,morph_only,15,2025-08-07,growth (<=70 d),-14.044502395223484
room7,morph_only,15,2025-08-08,growth (<=70 d),-12.443018337918076
room7,morph_only,15,2025-08-09,growth (<=70 d),-13.112827057727204
room7,morph_only,15,2025-08-10,growth (<=70 d),-15.72337461842515
room7,morph_only,15,2025-08-11,growth (<=70 d),9.737311843566452
room7,morph_only,15,2025-08-12,growth (<=70 d),-15.31470953617175
room7,morph_only,15,2025-08-13,growth (<=70 d),-17.670004667879944
room7,morph_only,15,2025-08-14,plateau (>70 d),-18.860831586311665
room7,morph_only,15,2025-08-16,plateau (>70 d),-21.284643175900023
room7,morph_only,15,2025-08-18,plateau (>70 d),-12.433956537810673
room7,morph_only,15,2025-08-19,plateau (>70 d),-22.72587897896425
room7,morph_only,15,2025-08-23,plateau (>70 d),-24.500723609034765
room7,morph_only,15,2025-08-24,plateau (>70 d),-26.17490471510842
room7,morph_only,15,2025-08-25,plateau (>70 d),-27.179912040772628
room7,morph_only,15,2025-08-26,plateau (>70 d),-28.049905089325073
room7,morph_only,15,2025-08-27,plateau (>70 d),-29.03458206617986
room7,morph_only,15,2025-08-28,plateau (>70 d),-30.92336740485161
room7,morph_only,15,2025-08-29,plateau (>70 d),-29.47116708825896
room7,morph_only,15,2025-08-31,plateau (>70 d),-18.405358620837884
room7,morph_only,15,2025-09-01,plateau (>70 d),-18.064632268224372
room7,morph_only,15,2025-09-02,plateau (>70 d),-17.416518936741955
room7,morph_only,15,2025-09-03,plateau (>70 d),-0.5197278451775009
room7,morph_only,15,2025-09-07,plateau (>70 d),-1.1508650197741677
room7,morph_only,15,2025-09-08,plateau (>70 d),0.7907954747006167
room7,morph_only,15,2025-09-09,plateau (>70 d),3.5723656539884274
room7,morph_only,15,2025-09-10,plateau (>70 d),-4.776304622120845
room7,morph_only,15,2025-09-11,plateau (>70 d),-8.848679412873885
room7,morph_only,15,2025-09-12,plateau (>70 d),-8.529627702408758
room7,morph_only,15,2025-09-13,plateau (>70 d),-9.663713570898206
room7,morph_only,15,2025-09-14,plateau (>70 d),-14.428008578690427
room7,morph_only,15,2025-09-15,plateau (>70 d),-19.416297538319608
room7,morph_only,15,2025-09-16,plateau (>70 d),-18.598784368848058
room7,morph_only,15,2025-09-17,plateau (>70 d),-22.18408861009234
room7,morph_only,15,2025-09-18,plateau (>70 d),-23.123755550558062
room7,morph_only,15,2025-09-19,plateau (>70 d),-23.327275061044425
room7,morph_only,15,2025-09-20,plateau (>70 d),-18.43867643655821
room7,morph_only,15,2025-09-21,plateau (>70 d),-15.588975006119309
room7,morph_only,15,2025-09-22,plateau (>70 d),-16.367057081947536
room7,morph_only,15,2025-09-23,plateau (>70 d),-14.737349301216263
room7,morph_only,15,2025-09-24,plateau (>70 d),-15.027034125789413
room7,morph_only,15,2025-09-25,plateau (>70 d),8.290536274352965
room7,morph_only,15,2025-09-26,plateau (>70 d),15.42232374564922
room7,morph_only,15,2025-09-27,plateau (>70 d),17.487876735548358
room7,morph_only,15,2025-09-28,plateau (>70 d),13.854697165024305
room7,morph_only,15,2025-09-29,plateau (>70 d),19.101532445054286
room7,morph_only,15,2025-09-30,plateau (>70 d),-17.403030022612445
room7,morph_only,15,2025-10-01,plateau (>70 d),-14.847215986154755
room7,morph_only,15,2025-10-02,plateau (>70 d),-15.210972622420087
room7,morph_only,15,2025-10-03,plateau (>70 d),-14.789276982900027
room7,morph_only,15,2025-10-04,plateau (>70 d),-15.966625424644414
room7,morph_only,15,2025-10-05,plateau (>70 d),-10.57358470660419
room7,morph_only,15,2025-10-06,plateau (>70 d),-9.041062900052905
room7,morph_only,15,2025-10-07,plateau (>70 d),-14.500680090786616
room7,morph_only,15,2025-10-08,plateau (>70 d),-9.375100456563978
room7,morph_only,15,2025-10-09,plateau (>70 d),-14.218567350791831
room7,morph_only,15,2025-10-10,plateau (>70 d),-14.21486270011898
room7,morph_only,15,2025-10-11,plateau (>70 d),-18.659171755156407
room7,morph_only,15,2025-10-12,plateau (>70 d),-15.89588542876337
room7,morph_only,15,2025-10-13,plateau (>70 d),-14.46104837294976
room7,morph_only,15,2025-10-14,plateau (>70 d),-13.309717317629074
room7,morph_only,15,2025-10-15,plateau (>70 d),-22.687312021894197
room7,morph_only,15,2025-10-16,plateau (>70 d),-11.514078955466953
room7,morph_only,15,2025-10-17,plateau (>70 d),-35.575879015198986
room7,morph_only,15,2025-10-18,plateau (>70 d),-21.95286481117174
room7,morph_only,15,2025-10-19,plateau (>70 d),-17.678027782921713
room7,morph_only,15,2025-10-20,plateau (>70 d),-17.54345345501521
room7,morph_only,15,2025-10-21,plateau (>70 d),-20.125429754659162
room7,morph_only,15,2025-10-22,plateau (>70 d),-10.598404631054258
room7,morph_only,15,2025-10-23,plateau (>70 d),-12.316611500763127
room7,morph_only,15,2025-10-24,plateau (>70 d),-6.962613453410843
room7,morph_only,15,2025-10-25,plateau (>70 d),13.237354354178239
room7,morph_only,15,2025-10-26,plateau (>70 d),12.964463800270721
room7,morph_only,15,2025-10-27,plateau (>70 d),-17.621437280325093
room7,morph_only,15,2025-10-28,plateau (>70 d),-2.4449524847247304
room7,morph_only,15,2025-10-29,plateau (>70 d),12.405870374727638
room7,morph_only,15,2025-10-30,plateau (>70 d),4.028791530058746
room7,morph_only,15,2025-10-31,plateau (>70 d),19.353154368813986
room7,morph_only,15,2025-11-01,plateau (>70 d),-9.248844329199038
room7,morph_only,15,2025-11-02,plateau (>70 d),-1.5893610622267458
room7,morph_only,15,2025-11-03,plateau (>70 d),6.318510811708961
room7,morph_only,15,2025-11-04,plateau (>70 d),7.281895167249602
room7,morph_only,15,2025-11-05,plateau (>70 d),3.7409736442374655
room7,morph_only,15,2025-11-06,plateau (>70 d),0.2934874400478602
room7,morph_only,15,2025-11-07,plateau (>70 d),2.386424861964384
room7,morph_only,15,2025-11-08,plateau (>70 d),7.876190928956412
room7,morph_only,15,2025-11-09,plateau (>70 d),7.959828762492291
room7,morph_only,15,2025-11-10,plateau (>70 d),-1.9474786556098866
room7,morph_only,15,2025-11-11,plateau (>70 d),4.714477667454565
room7,morph_only,15,2025-11-12,plateau (>70 d),22.629933966775265
room7,morph_only,15,2025-11-13,plateau (>70 d),16.299341296942515
room7,morph_only,15,2025-11-14,plateau (>70 d),-23.260072920742143
room7,morph_only,15,2025-11-15,plateau (>70 d),-22.64335169420207
room7,morph_only,15,2025-11-16,plateau (>70 d),-9.214692459662743
room7,morph_only,15,2025-11-17,plateau (>70 d),-14.44423768735789
room7,morph_only,15,2025-11-18,plateau (>70 d),-3.1658612089270264
room7,morph_only,15,2025-11-19,plateau (>70 d),-1.5268174152782947
room7,morph_only,15,2025-11-20,plateau (>70 d),3.5075890033104216
room7,morph_only,15,2025-11-21,plateau (>70 d),-3.1217992598013353
room7,morph_only,15,2025-11-22,plateau (>70 d),9.594546812765604
room7,morph_only,15,2025-11-23,plateau (>70 d),10.899726383580177
room7,morph_only,15,2025-11-24,plateau (>70 d),12.353499173410363
room7,morph_only,15,2025-11-25,plateau (>70 d),15.437052776152822
room7,morph_only,15,2025-11-26,plateau (>70 d),16.283872343498516
room7,morph_only,15,2025-11-27,plateau (>70 d),15.082259610241987
room7,morph_only,15,2025-11-28,plateau (>70 d),15.476788428012835
room7,morph_only,15,2025-11-29,plateau (>70 d),18.8138995601467
room7,morph_only,15,2025-11-30,plateau (>70 d),17.9387715648468
room7,morph_only,15,2025-12-01,plateau (>70 d),17.398186749324797
room7,morph_only,15,2025-12-02,plateau (>70 d),15.346436073092537
room7,morph_only,15,2025-12-03,plateau (>70 d),16.565056539670245
room7,morph_only,20,2025-07-24,growth (<=70 d),-11.637664966218239
room7,morph_only,20,2025-07-25,growth (<=70 d),-15.381503795725164
room7,morph_only,20,2025-07-26,growth (<=70 d),-10.591482600684618
room7,morph_only,20,2025-07-30,growth (<=70 d),21.064073475916437
room7,morph_only,20,2025-07-31,growth (<=70 d),-17.585569690825714
room7,morph_only,20,2025-08-01,growth (<=70 d),-15.355036102400547
room7,morph_only,20,2025-08-04,growth (<=70 d),25.840594367686275
room7,morph_only,20,2025-08-05,growth (<=70 d),-17.42547030593257
room7,morph_only,20,2025-08-06,growth (<=70 d),-17.29518195602781
room7,morph_only,20,2025-08-07,growth (<=70 d),-19.504255386724473
room7,morph_only,20,2025-08-08,growth (<=70 d),-18.949817453092585
room7,morph_only,20,2025-08-09,growth (<=70 d),-20.104376976210606
room7,morph_only,20,2025-08-10,growth (<=70 d),-22.01587232203698
room7,morph_only,20,2025-08-11,growth (<=70 d),-20.990434497733936
room7,morph_only,20,2025-08-12,growth (<=70 d),-19.654905583006695
room7,morph_only,20,2025-08-13,growth (<=70 d),-19.852269501836
room7,morph_only,20,2025-08-14,plateau (>70 d),-20.7454764931964
room7,morph_only,20,2025-08-16,plateau (>70 d),5.676634760755391
room7,morph_only,20,2025-08-17,plateau (>70 d),-24.87495499936771
room7,morph_only,20,2025-08-18,plateau (>70 d),-26.57209707378434
room7,morph_only,20,2025-08-19,plateau (>70 d),-26.635161319283235
room7,morph_only,20,2025-08-23,plateau (>70 d),-8.75840111192588
room7,morph_only,20,2025-08-24,plateau (>70 d),-30.785139189590723
room7,morph_only,20,2025-08-25,plateau (>70 d),-32.192417755192864
room7,morph_only,20,2025-08-26,plateau (>70 d),-33.9817217090718
room7,morph_only,20,2025-08-27,plateau (>70 d),-35.38881294514012
room7,morph_only,20,2025-08-28,plateau (>70 d),-35.59673145692176
room7,morph_only,20,2025-08-29,plateau (>70 d),-33.43846391914658
room7,morph_only,20,2025-08-30,plateau (>70 d),-31.649071792870682
room7,morph_only,20,2025-08-31,plateau (>70 d),-29.15823689372902
room7,morph_only,20,2025-09-01,plateau (>70 d),-28.36368014841466
room7,morph_only,20,2025-09-02,plateau (>70 d),-25.898542588106977
room7,morph_only,20,2025-09-03,plateau (>70 d),-25.64314540224132
room7,morph_only,20,2025-09-05,plateau (>70 d),-15.494671484745302
room7,morph_only,20,2025-09-06,plateau (>70 d),-14.379574592013967
room7,morph_only,20,2025-09-07,plateau (>70 d),-9.49653051757442
room7,morph_only,20,2025-09-08,plateau (>70 d),3.080507649130443
room7,morph_only,20,2025-09-12,plateau (>70 d),-18.381748429068935
room7,morph_only,20,2025-09-13,plateau (>70 d),-16.87014865543691
room7,morph_only,20,2025-09-14,plateau (>70 d),-13.657753900441072
room7,morph_only,20,2025-09-15,plateau (>70 d),-19.8408225301305
room7,morph_only,20,2025-09-16,plateau (>70 d),-23.9905598877672
room7,morph_only,20,2025-09-17,plateau (>70 d),-26.808557175773032
room7,morph_only,20,2025-09-18,plateau (>70 d),-23.15423073301142
room7,morph_only,20,2025-09-19,plateau (>70 d),-25.001596953764114
room7,morph_only,20,2025-09-20,plateau (>70 d),-23.565843780347308
room7,morph_only,20,2025-09-21,plateau (>70 d),-21.281701192949367
room7,morph_only,20,2025-09-22,plateau (>70 d),-19.430528385973478
room7,morph_only,20,2025-09-23,plateau (>70 d),-18.425318252945853
room7,morph_only,20,2025-09-24,plateau (>70 d),-18.89779694101736
room7,morph_only,20,2025-09-25,plateau (>70 d),-18.25977132840769
room7,morph_only,20,2025-09-26,plateau (>70 d),-10.57018923211443
room7,morph_only,20,2025-09-27,plateau (>70 d),-12.153488936996407
room7,morph_only,20,2025-09-28,plateau (>70 d),-13.57926859379927
room7,morph_only,20,2025-09-29,plateau (>70 d),-13.45432116209429
room7,morph_only,20,2025-09-30,plateau (>70 d),4.4994875407430985
room7,morph_only,20,2025-10-01,plateau (>70 d),9.179920415488478
room7,morph_only,20,2025-10-02,plateau (>70 d),13.743673137043608
room7,morph_only,20,2025-10-03,plateau (>70 d),5.541782344702404
room7,morph_only,20,2025-10-04,plateau (>70 d),13.228865988556796
room7,morph_only,20,2025-10-05,plateau (>70 d),-16.16842560330612
room7,morph_only,20,2025-10-06,plateau (>70 d),-16.17005201763737
room7,morph_only,20,2025-10-07,plateau (>70 d),-19.285603336123216
room7,morph_only,20,2025-10-08,plateau (>70 d),-14.73485689256351
room7,morph_only,20,2025-10-09,plateau (>70 d),-17.481276370570324
room7,morph_only,20,2025-10-10,plateau (>70 d),-9.792699573185255
room7,morph_only,20,2025-10-11,plateau (>70 d),-11.932771868255863
room7,morph_only,20,2025-10-12,plateau (>70 d),-13.832109062527268
room7,morph_only,20,2025-10-13,plateau (>70 d),-14.018226647322273
room7,morph_only,20,2025-10-14,plateau (>70 d),-11.130993509200147
room7,morph_only,20,2025-10-15,plateau (>70 d),-16.70523129602206
room7,morph_only,20,2025-10-16,plateau (>70 d),-11.785657689623907
room7,morph_only,20,2025-10-17,plateau (>70 d),-16.303738355111854
room7,morph_only,20,2025-10-18,plateau (>70 d),-15.52742476592518
room7,morph_only,20,2025-10-19,plateau (>70 d),-15.806728975028875
room7,morph_only,20,2025-10-20,plateau (>70 d),-23.23778590007233
room7,morph_only,20,2025-10-21,plateau (>70 d),-13.946661669614656
room7,morph_only,20,2025-10-22,plateau (>70 d),-34.66356591437748
room7,morph_only,20,2025-10-23,plateau (>70 d),-21.36391868498921
room7,morph_only,20,2025-10-24,plateau (>70 d),-19.249293289209653
room7,morph_only,20,2025-10-25,plateau (>70 d),-15.185913939684097
room7,morph_only,20,2025-10-26,plateau (>70 d),-18.086472237333233
room7,morph_only,20,2025-10-27,plateau (>70 d),-18.195579932437283
room7,morph_only,20,2025-10-28,plateau (>70 d),-11.899309058361341
room7,morph_only,20,2025-10-29,plateau (>70 d),-16.72209560329944
room7,morph_only,20,2025-10-30,plateau (>70 d),6.432059692656958
room7,morph_only,20,2025-10-31,plateau (>70 d),7.1148499019982125
room7,morph_only,20,2025-11-01,plateau (>70 d),-23.00184521346881
room7,morph_only,20,2025-11-02,plateau (>70 d),-6.078774366563563
room7,morph_only,20,2025-11-03,plateau (>70 d),9.215829550931756
room7,morph_only,20,2025-11-04,plateau (>70 d),6.077633825303918
room7,morph_only,20,2025-11-05,plateau (>70 d),20.218811474494473
room7,morph_only,20,2025-11-06,plateau (>70 d),-11.46835215127124
room7,morph_only,20,2025-11-07,plateau (>70 d),-3.9735656588277823
room7,morph_only,20,2025-11-08,plateau (>70 d),8.16859025287601
room7,morph_only,20,2025-11-09,plateau (>70 d),5.3605883362002125
room7,morph_only,20,2025-11-10,plateau (>70 d),6.69939840476683
room7,morph_only,20,2025-11-11,plateau (>70 d),4.534313987743582
room7,morph_only,20,2025-11-12,plateau (>70 d),3.9903674920563947
room7,morph_only,20,2025-11-13,plateau (>70 d),9.032245471861065
room7,morph_only,20,2025-11-14,plateau (>70 d),9.690374350288405
room7,morph_only,20,2025-11-15,plateau (>70 d),-0.3581814056250465
room7,morph_only,20,2025-11-16,plateau (>70 d),4.914911438548305
room7,morph_only,20,2025-11-17,plateau (>70 d),21.970178753474084
room7,morph_only,20,2025-11-18,plateau (>70 d),15.42327213601591
room7,morph_only,20,2025-11-19,plateau (>70 d),-23.402752494013047
room7,morph_only,20,2025-11-20,plateau (>70 d),-20.894631913805537
room7,morph_only,20,2025-11-21,plateau (>70 d),-10.822695915725987
room7,morph_only,20,2025-11-22,plateau (>70 d),-16.15420343896492
room7,morph_only,20,2025-11-23,plateau (>70 d),-5.726811547227442
room7,morph_only,20,2025-11-24,plateau (>70 d),2.6961794927362455
room7,morph_only,20,2025-11-25,plateau (>70 d),2.9883448515460387
room7,morph_only,20,2025-11-26,plateau (>70 d),-1.8590695319111603
room7,morph_only,20,2025-11-27,plateau (>70 d),-1.8800174345672005
room7,morph_only,20,2025-11-28,plateau (>70 d),4.322380703197695
room7,morph_only,20,2025-11-29,plateau (>70 d),6.709073554036426
room7,morph_only,20,2025-11-30,plateau (>70 d),12.814642934064658
room7,morph_only,20,2025-12-01,plateau (>70 d),14.165032801590034
room7,morph_only,20,2025-12-02,plateau (>70 d),11.366937245882625
room7,morph_only,20,2025-12-03,plateau (>70 d),12.020496189479385
